file,path,ok,returncode,dg_kcal_mol,kd_M,intermolecular_contacts,charged_charged_contacts,charged_polar_contacts,charged_apolar_contacts,polar_polar_contacts,apolar_polar_contacts,apolar_apolar_contacts,stdout,stderr
IgG_FP_0001.pdb,/teams/YingChiLab_1702378116/MaishaZhang/PPIFlow-main/output/final_flowpacked_designs/antibody/IgG_FP_0001.pdb,True,0,-9.9,5.5e-08,78,4.0,12.0,20.0,8.0,15.0,19.0,"[+] Executing 1 task(s) in total
##########################################
[+] Processing structure IgG_FP_0001_model0
[+] No. of intermolecular contacts: 78
[+] No. of charged-charged contacts: 4.0
[+] No. of charged-polar contacts: 12.0
[+] No. of charged-apolar contacts: 20.0
[+] No. of polar-polar contacts: 8.0
[+] No. of apolar-polar contacts: 15.0
[+] No. of apolar-apolar contacts: 19.0
[+] Percentage of apolar NIS residues: 40.98
[+] Percentage of charged NIS residues: 18.82
[++] Predicted binding affinity (kcal.mol-1):     -9.9
[++] Predicted dissociation constant (M) at 25.0˚C:  5.5e-08
",
IgG_FP_0002.pdb,/teams/YingChiLab_1702378116/MaishaZhang/PPIFlow-main/output/final_flowpacked_designs/antibody/IgG_FP_0002.pdb,True,0,-11.9,1.9e-09,66,3.0,6.0,10.0,1.0,24.0,22.0,"[+] Executing 1 task(s) in total
##########################################
[+] Processing structure IgG_FP_0002_model0
[+] No. of intermolecular contacts: 66
[+] No. of charged-charged contacts: 3.0
[+] No. of charged-polar contacts: 6.0
[+] No. of charged-apolar contacts: 10.0
[+] No. of polar-polar contacts: 1.0
[+] No. of apolar-polar contacts: 24.0
[+] No. of apolar-apolar contacts: 22.0
[+] Percentage of apolar NIS residues: 42.63
[+] Percentage of charged NIS residues: 19.06
[++] Predicted binding affinity (kcal.mol-1):    -11.9
[++] Predicted dissociation constant (M) at 25.0˚C:  1.9e-09
",
IgG_FP_0003.pdb,/teams/YingChiLab_1702378116/MaishaZhang/PPIFlow-main/output/final_flowpacked_designs/antibody/IgG_FP_0003.pdb,True,0,-9.4,1.3e-07,67,4.0,13.0,20.0,2.0,8.0,20.0,"[+] Executing 1 task(s) in total
##########################################
[+] Processing structure IgG_FP_0003_model0
[+] No. of intermolecular contacts: 67
[+] No. of charged-charged contacts: 4.0
[+] No. of charged-polar contacts: 13.0
[+] No. of charged-apolar contacts: 20.0
[+] No. of polar-polar contacts: 2.0
[+] No. of apolar-polar contacts: 8.0
[+] No. of apolar-apolar contacts: 20.0
[+] Percentage of apolar NIS residues: 40.92
[+] Percentage of charged NIS residues: 19.56
[++] Predicted binding affinity (kcal.mol-1):     -9.4
[++] Predicted dissociation constant (M) at 25.0˚C:  1.3e-07
",
IgG_FP_0004.pdb,/teams/YingChiLab_1702378116/MaishaZhang/PPIFlow-main/output/final_flowpacked_designs/antibody/IgG_FP_0004.pdb,True,0,-11.3,4.8e-09,62,4.0,13.0,8.0,3.0,23.0,11.0,"[+] Executing 1 task(s) in total
##########################################
[+] Processing structure IgG_FP_0004_model0
[+] No. of intermolecular contacts: 62
[+] No. of charged-charged contacts: 4.0
[+] No. of charged-polar contacts: 13.0
[+] No. of charged-apolar contacts: 8.0
[+] No. of polar-polar contacts: 3.0
[+] No. of apolar-polar contacts: 23.0
[+] No. of apolar-apolar contacts: 11.0
[+] Percentage of apolar NIS residues: 41.47
[+] Percentage of charged NIS residues: 19.25
[++] Predicted binding affinity (kcal.mol-1):    -11.3
[++] Predicted dissociation constant (M) at 25.0˚C:  4.8e-09
",
IgG_FP_0005.pdb,/teams/YingChiLab_1702378116/MaishaZhang/PPIFlow-main/output/final_flowpacked_designs/antibody/IgG_FP_0005.pdb,True,0,-11.0,8.0e-09,83,2.0,4.0,13.0,3.0,20.0,41.0,"[+] Executing 1 task(s) in total
##########################################
[+] Processing structure IgG_FP_0005_model0
[+] No. of intermolecular contacts: 83
[+] No. of charged-charged contacts: 2.0
[+] No. of charged-polar contacts: 4.0
[+] No. of charged-apolar contacts: 13.0
[+] No. of polar-polar contacts: 3.0
[+] No. of apolar-polar contacts: 20.0
[+] No. of apolar-apolar contacts: 41.0
[+] Percentage of apolar NIS residues: 41.24
[+] Percentage of charged NIS residues: 19.12
[++] Predicted binding affinity (kcal.mol-1):    -11.0
[++] Predicted dissociation constant (M) at 25.0˚C:  8.0e-09
",
IgG_FP_0006.pdb,/teams/YingChiLab_1702378116/MaishaZhang/PPIFlow-main/output/final_flowpacked_designs/antibody/IgG_FP_0006.pdb,True,0,-10.9,9.9e-09,67,5.0,9.0,22.0,2.0,14.0,15.0,"[+] Executing 1 task(s) in total
##########################################
[+] Processing structure IgG_FP_0006_model0
[+] No. of intermolecular contacts: 67
[+] No. of charged-charged contacts: 5.0
[+] No. of charged-polar contacts: 9.0
[+] No. of charged-apolar contacts: 22.0
[+] No. of polar-polar contacts: 2.0
[+] No. of apolar-polar contacts: 14.0
[+] No. of apolar-apolar contacts: 15.0
[+] Percentage of apolar NIS residues: 41.42
[+] Percentage of charged NIS residues: 19.92
[++] Predicted binding affinity (kcal.mol-1):    -10.9
[++] Predicted dissociation constant (M) at 25.0˚C:  9.9e-09
",
IgG_FP_0007.pdb,/teams/YingChiLab_1702378116/MaishaZhang/PPIFlow-main/output/final_flowpacked_designs/antibody/IgG_FP_0007.pdb,True,0,-11.8,2.4e-09,71,3.0,9.0,17.0,7.0,24.0,11.0,"[+] Executing 1 task(s) in total
##########################################
[+] Processing structure IgG_FP_0007_model0
[+] No. of intermolecular contacts: 71
[+] No. of charged-charged contacts: 3.0
[+] No. of charged-polar contacts: 9.0
[+] No. of charged-apolar contacts: 17.0
[+] No. of polar-polar contacts: 7.0
[+] No. of apolar-polar contacts: 24.0
[+] No. of apolar-apolar contacts: 11.0
[+] Percentage of apolar NIS residues: 41.39
[+] Percentage of charged NIS residues: 18.22
[++] Predicted binding affinity (kcal.mol-1):    -11.8
[++] Predicted dissociation constant (M) at 25.0˚C:  2.4e-09
",
IgG_FP_0008.pdb,/teams/YingChiLab_1702378116/MaishaZhang/PPIFlow-main/output/final_flowpacked_designs/antibody/IgG_FP_0008.pdb,True,0,-9.8,6.0e-08,73,2.0,11.0,21.0,4.0,12.0,23.0,"[+] Executing 1 task(s) in total
##########################################
[+] Processing structure IgG_FP_0008_model0
[+] No. of intermolecular contacts: 73
[+] No. of charged-charged contacts: 2.0
[+] No. of charged-polar contacts: 11.0
[+] No. of charged-apolar contacts: 21.0
[+] No. of polar-polar contacts: 4.0
[+] No. of apolar-polar contacts: 12.0
[+] No. of apolar-apolar contacts: 23.0
[+] Percentage of apolar NIS residues: 40.85
[+] Percentage of charged NIS residues: 19.52
[++] Predicted binding affinity (kcal.mol-1):     -9.8
[++] Predicted dissociation constant (M) at 25.0˚C:  6.0e-08
",
IgG_FP_0009.pdb,/teams/YingChiLab_1702378116/MaishaZhang/PPIFlow-main/output/final_flowpacked_designs/antibody/IgG_FP_0009.pdb,True,0,-10.2,3.5e-08,57,1.0,3.0,13.0,4.0,17.0,19.0,"[+] Executing 1 task(s) in total
##########################################
[+] Processing structure IgG_FP_0009_model0
[+] No. of intermolecular contacts: 57
[+] No. of charged-charged contacts: 1.0
[+] No. of charged-polar contacts: 3.0
[+] No. of charged-apolar contacts: 13.0
[+] No. of polar-polar contacts: 4.0
[+] No. of apolar-polar contacts: 17.0
[+] No. of apolar-apolar contacts: 19.0
[+] Percentage of apolar NIS residues: 41.12
[+] Percentage of charged NIS residues: 18.56
[++] Predicted binding affinity (kcal.mol-1):    -10.2
[++] Predicted dissociation constant (M) at 25.0˚C:  3.5e-08
",
IgG_FP_0010.pdb,/teams/YingChiLab_1702378116/MaishaZhang/PPIFlow-main/output/final_flowpacked_designs/antibody/IgG_FP_0010.pdb,True,0,-10.2,3.3e-08,73,5.0,9.0,11.0,10.0,22.0,16.0,"[+] Executing 1 task(s) in total
##########################################
[+] Processing structure IgG_FP_0010_model0
[+] No. of intermolecular contacts: 73
[+] No. of charged-charged contacts: 5.0
[+] No. of charged-polar contacts: 9.0
[+] No. of charged-apolar contacts: 11.0
[+] No. of polar-polar contacts: 10.0
[+] No. of apolar-polar contacts: 22.0
[+] No. of apolar-apolar contacts: 16.0
[+] Percentage of apolar NIS residues: 41.73
[+] Percentage of charged NIS residues: 18.50
[++] Predicted binding affinity (kcal.mol-1):    -10.2
[++] Predicted dissociation constant (M) at 25.0˚C:  3.3e-08
",
IgG_FP_0011.pdb,/teams/YingChiLab_1702378116/MaishaZhang/PPIFlow-main/output/final_flowpacked_designs/antibody/IgG_FP_0011.pdb,True,0,-13.8,7.1e-11,85,2.0,8.0,14.0,10.0,38.0,13.0,"[+] Executing 1 task(s) in total
##########################################
[+] Processing structure IgG_FP_0011_model0
[+] No. of intermolecular contacts: 85
[+] No. of charged-charged contacts: 2.0
[+] No. of charged-polar contacts: 8.0
[+] No. of charged-apolar contacts: 14.0
[+] No. of polar-polar contacts: 10.0
[+] No. of apolar-polar contacts: 38.0
[+] No. of apolar-apolar contacts: 13.0
[+] Percentage of apolar NIS residues: 41.42
[+] Percentage of charged NIS residues: 18.93
[++] Predicted binding affinity (kcal.mol-1):    -13.8
[++] Predicted dissociation constant (M) at 25.0˚C:  7.1e-11
",
IgG_FP_0012.pdb,/teams/YingChiLab_1702378116/MaishaZhang/PPIFlow-main/output/final_flowpacked_designs/antibody/IgG_FP_0012.pdb,True,0,-10.7,1.4e-08,64,1.0,9.0,11.0,8.0,24.0,11.0,"[+] Executing 1 task(s) in total
##########################################
[+] Processing structure IgG_FP_0012_model0
[+] No. of intermolecular contacts: 64
[+] No. of charged-charged contacts: 1.0
[+] No. of charged-polar contacts: 9.0
[+] No. of charged-apolar contacts: 11.0
[+] No. of polar-polar contacts: 8.0
[+] No. of apolar-polar contacts: 24.0
[+] No. of apolar-apolar contacts: 11.0
[+] Percentage of apolar NIS residues: 40.74
[+] Percentage of charged NIS residues: 19.49
[++] Predicted binding affinity (kcal.mol-1):    -10.7
[++] Predicted dissociation constant (M) at 25.0˚C:  1.4e-08
",
IgG_FP_0013.pdb,/teams/YingChiLab_1702378116/MaishaZhang/PPIFlow-main/output/final_flowpacked_designs/antibody/IgG_FP_0013.pdb,True,0,-12.1,1.4e-09,83,5.0,7.0,20.0,2.0,19.0,30.0,"[+] Executing 1 task(s) in total
##########################################
[+] Processing structure IgG_FP_0013_model0
[+] No. of intermolecular contacts: 83
[+] No. of charged-charged contacts: 5.0
[+] No. of charged-polar contacts: 7.0
[+] No. of charged-apolar contacts: 20.0
[+] No. of polar-polar contacts: 2.0
[+] No. of apolar-polar contacts: 19.0
[+] No. of apolar-apolar contacts: 30.0
[+] Percentage of apolar NIS residues: 40.83
[+] Percentage of charged NIS residues: 19.13
[++] Predicted binding affinity (kcal.mol-1):    -12.1
[++] Predicted dissociation constant (M) at 25.0˚C:  1.4e-09
",
IgG_FP_0014.pdb,/teams/YingChiLab_1702378116/MaishaZhang/PPIFlow-main/output/final_flowpacked_designs/antibody/IgG_FP_0014.pdb,True,0,-14.5,2.2e-11,107,10.0,11.0,19.0,9.0,35.0,23.0,"[+] Executing 1 task(s) in total
##########################################
[+] Processing structure IgG_FP_0014_model0
[+] No. of intermolecular contacts: 107
[+] No. of charged-charged contacts: 10.0
[+] No. of charged-polar contacts: 11.0
[+] No. of charged-apolar contacts: 19.0
[+] No. of polar-polar contacts: 9.0
[+] No. of apolar-polar contacts: 35.0
[+] No. of apolar-apolar contacts: 23.0
[+] Percentage of apolar NIS residues: 41.58
[+] Percentage of charged NIS residues: 19.21
[++] Predicted binding affinity (kcal.mol-1):    -14.5
[++] Predicted dissociation constant (M) at 25.0˚C:  2.2e-11
",
IgG_FP_0015.pdb,/teams/YingChiLab_1702378116/MaishaZhang/PPIFlow-main/output/final_flowpacked_designs/antibody/IgG_FP_0015.pdb,True,0,-10.0,4.7e-08,60,0.0,12.0,14.0,3.0,16.0,15.0,"[+] Executing 1 task(s) in total
##########################################
[+] Processing structure IgG_FP_0015_model0
[+] No. of intermolecular contacts: 60
[+] No. of charged-charged contacts: 0.0
[+] No. of charged-polar contacts: 12.0
[+] No. of charged-apolar contacts: 14.0
[+] No. of polar-polar contacts: 3.0
[+] No. of apolar-polar contacts: 16.0
[+] No. of apolar-apolar contacts: 15.0
[+] Percentage of apolar NIS residues: 41.60
[+] Percentage of charged NIS residues: 18.95
[++] Predicted binding affinity (kcal.mol-1):    -10.0
[++] Predicted dissociation constant (M) at 25.0˚C:  4.7e-08
",
IgG_FP_0016.pdb,/teams/YingChiLab_1702378116/MaishaZhang/PPIFlow-main/output/final_flowpacked_designs/antibody/IgG_FP_0016.pdb,True,0,-10.1,4.1e-08,52,5.0,10.0,12.0,4.0,16.0,5.0,"[+] Executing 1 task(s) in total
##########################################
[+] Processing structure IgG_FP_0016_model0
[+] No. of intermolecular contacts: 52
[+] No. of charged-charged contacts: 5.0
[+] No. of charged-polar contacts: 10.0
[+] No. of charged-apolar contacts: 12.0
[+] No. of polar-polar contacts: 4.0
[+] No. of apolar-polar contacts: 16.0
[+] No. of apolar-apolar contacts: 5.0
[+] Percentage of apolar NIS residues: 40.98
[+] Percentage of charged NIS residues: 19.80
[++] Predicted binding affinity (kcal.mol-1):    -10.1
[++] Predicted dissociation constant (M) at 25.0˚C:  4.1e-08
",
IgG_FP_0017.pdb,/teams/YingChiLab_1702378116/MaishaZhang/PPIFlow-main/output/final_flowpacked_designs/antibody/IgG_FP_0017.pdb,True,0,-12.9,3.2e-10,82,7.0,8.0,17.0,3.0,25.0,22.0,"[+] Executing 1 task(s) in total
##########################################
[+] Processing structure IgG_FP_0017_model0
[+] No. of intermolecular contacts: 82
[+] No. of charged-charged contacts: 7.0
[+] No. of charged-polar contacts: 8.0
[+] No. of charged-apolar contacts: 17.0
[+] No. of polar-polar contacts: 3.0
[+] No. of apolar-polar contacts: 25.0
[+] No. of apolar-apolar contacts: 22.0
[+] Percentage of apolar NIS residues: 41.40
[+] Percentage of charged NIS residues: 19.60
[++] Predicted binding affinity (kcal.mol-1):    -12.9
[++] Predicted dissociation constant (M) at 25.0˚C:  3.2e-10
",
IgG_FP_0018.pdb,/teams/YingChiLab_1702378116/MaishaZhang/PPIFlow-main/output/final_flowpacked_designs/antibody/IgG_FP_0018.pdb,True,0,-10.4,2.5e-08,59,4.0,7.0,12.0,1.0,16.0,19.0,"[+] Executing 1 task(s) in total
##########################################
[+] Processing structure IgG_FP_0018_model0
[+] No. of intermolecular contacts: 59
[+] No. of charged-charged contacts: 4.0
[+] No. of charged-polar contacts: 7.0
[+] No. of charged-apolar contacts: 12.0
[+] No. of polar-polar contacts: 1.0
[+] No. of apolar-polar contacts: 16.0
[+] No. of apolar-apolar contacts: 19.0
[+] Percentage of apolar NIS residues: 42.58
[+] Percentage of charged NIS residues: 19.14
[++] Predicted binding affinity (kcal.mol-1):    -10.4
[++] Predicted dissociation constant (M) at 25.0˚C:  2.5e-08
",
IgG_FP_0019.pdb,/teams/YingChiLab_1702378116/MaishaZhang/PPIFlow-main/output/final_flowpacked_designs/antibody/IgG_FP_0019.pdb,True,0,-13.3,1.8e-10,92,5.0,17.0,16.0,6.0,30.0,18.0,"[+] Executing 1 task(s) in total
##########################################
[+] Processing structure IgG_FP_0019_model0
[+] No. of intermolecular contacts: 92
[+] No. of charged-charged contacts: 5.0
[+] No. of charged-polar contacts: 17.0
[+] No. of charged-apolar contacts: 16.0
[+] No. of polar-polar contacts: 6.0
[+] No. of apolar-polar contacts: 30.0
[+] No. of apolar-apolar contacts: 18.0
[+] Percentage of apolar NIS residues: 41.52
[+] Percentage of charged NIS residues: 18.91
[++] Predicted binding affinity (kcal.mol-1):    -13.3
[++] Predicted dissociation constant (M) at 25.0˚C:  1.8e-10
",
IgG_FP_0020.pdb,/teams/YingChiLab_1702378116/MaishaZhang/PPIFlow-main/output/final_flowpacked_designs/antibody/IgG_FP_0020.pdb,True,0,-11.2,6.5e-09,80,4.0,11.0,19.0,9.0,22.0,15.0,"[+] Executing 1 task(s) in total
##########################################
[+] Processing structure IgG_FP_0020_model0
[+] No. of intermolecular contacts: 80
[+] No. of charged-charged contacts: 4.0
[+] No. of charged-polar contacts: 11.0
[+] No. of charged-apolar contacts: 19.0
[+] No. of polar-polar contacts: 9.0
[+] No. of apolar-polar contacts: 22.0
[+] No. of apolar-apolar contacts: 15.0
[+] Percentage of apolar NIS residues: 40.91
[+] Percentage of charged NIS residues: 19.17
[++] Predicted binding affinity (kcal.mol-1):    -11.2
[++] Predicted dissociation constant (M) at 25.0˚C:  6.5e-09
",
IgG_FP_0021.pdb,/teams/YingChiLab_1702378116/MaishaZhang/PPIFlow-main/output/final_flowpacked_designs/antibody/IgG_FP_0021.pdb,True,0,-12.4,8.3e-10,82,0.0,12.0,10.0,6.0,31.0,23.0,"[+] Executing 1 task(s) in total
##########################################
[+] Processing structure IgG_FP_0021_model0
[+] No. of intermolecular contacts: 82
[+] No. of charged-charged contacts: 0.0
[+] No. of charged-polar contacts: 12.0
[+] No. of charged-apolar contacts: 10.0
[+] No. of polar-polar contacts: 6.0
[+] No. of apolar-polar contacts: 31.0
[+] No. of apolar-apolar contacts: 23.0
[+] Percentage of apolar NIS residues: 41.88
[+] Percentage of charged NIS residues: 18.79
[++] Predicted binding affinity (kcal.mol-1):    -12.4
[++] Predicted dissociation constant (M) at 25.0˚C:  8.3e-10
",
IgG_FP_0022.pdb,/teams/YingChiLab_1702378116/MaishaZhang/PPIFlow-main/output/final_flowpacked_designs/antibody/IgG_FP_0022.pdb,True,0,-10.6,1.7e-08,64,2.0,7.0,10.0,5.0,21.0,19.0,"[+] Executing 1 task(s) in total
##########################################
[+] Processing structure IgG_FP_0022_model0
[+] No. of intermolecular contacts: 64
[+] No. of charged-charged contacts: 2.0
[+] No. of charged-polar contacts: 7.0
[+] No. of charged-apolar contacts: 10.0
[+] No. of polar-polar contacts: 5.0
[+] No. of apolar-polar contacts: 21.0
[+] No. of apolar-apolar contacts: 19.0
[+] Percentage of apolar NIS residues: 40.99
[+] Percentage of charged NIS residues: 19.41
[++] Predicted binding affinity (kcal.mol-1):    -10.6
[++] Predicted dissociation constant (M) at 25.0˚C:  1.7e-08
",
IgG_FP_0023.pdb,/teams/YingChiLab_1702378116/MaishaZhang/PPIFlow-main/output/final_flowpacked_designs/antibody/IgG_FP_0023.pdb,True,0,-10.8,1.1e-08,82,7.0,10.0,16.0,8.0,20.0,21.0,"[+] Executing 1 task(s) in total
##########################################
[+] Processing structure IgG_FP_0023_model0
[+] No. of intermolecular contacts: 82
[+] No. of charged-charged contacts: 7.0
[+] No. of charged-polar contacts: 10.0
[+] No. of charged-apolar contacts: 16.0
[+] No. of polar-polar contacts: 8.0
[+] No. of apolar-polar contacts: 20.0
[+] No. of apolar-apolar contacts: 21.0
[+] Percentage of apolar NIS residues: 41.04
[+] Percentage of charged NIS residues: 19.32
[++] Predicted binding affinity (kcal.mol-1):    -10.8
[++] Predicted dissociation constant (M) at 25.0˚C:  1.1e-08
",
IgG_FP_0024.pdb,/teams/YingChiLab_1702378116/MaishaZhang/PPIFlow-main/output/final_flowpacked_designs/antibody/IgG_FP_0024.pdb,True,0,-9.4,1.4e-07,81,3.0,12.0,11.0,16.0,24.0,15.0,"[+] Executing 1 task(s) in total
##########################################
[+] Processing structure IgG_FP_0024_model0
[+] No. of intermolecular contacts: 81
[+] No. of charged-charged contacts: 3.0
[+] No. of charged-polar contacts: 12.0
[+] No. of charged-apolar contacts: 11.0
[+] No. of polar-polar contacts: 16.0
[+] No. of apolar-polar contacts: 24.0
[+] No. of apolar-apolar contacts: 15.0
[+] Percentage of apolar NIS residues: 41.01
[+] Percentage of charged NIS residues: 18.96
[++] Predicted binding affinity (kcal.mol-1):     -9.4
[++] Predicted dissociation constant (M) at 25.0˚C:  1.4e-07
",
IgG_FP_0025.pdb,/teams/YingChiLab_1702378116/MaishaZhang/PPIFlow-main/output/final_flowpacked_designs/antibody/IgG_FP_0025.pdb,True,0,-11.4,4.0e-09,72,2.0,13.0,20.0,4.0,19.0,14.0,"[+] Executing 1 task(s) in total
##########################################
[+] Processing structure IgG_FP_0025_model0
[+] No. of intermolecular contacts: 72
[+] No. of charged-charged contacts: 2.0
[+] No. of charged-polar contacts: 13.0
[+] No. of charged-apolar contacts: 20.0
[+] No. of polar-polar contacts: 4.0
[+] No. of apolar-polar contacts: 19.0
[+] No. of apolar-apolar contacts: 14.0
[+] Percentage of apolar NIS residues: 40.28
[+] Percentage of charged NIS residues: 19.45
[++] Predicted binding affinity (kcal.mol-1):    -11.4
[++] Predicted dissociation constant (M) at 25.0˚C:  4.0e-09
",
IgG_FP_0026.pdb,/teams/YingChiLab_1702378116/MaishaZhang/PPIFlow-main/output/final_flowpacked_designs/antibody/IgG_FP_0026.pdb,True,0,-9.8,6.5e-08,69,2.0,12.0,14.0,8.0,19.0,14.0,"[+] Executing 1 task(s) in total
##########################################
[+] Processing structure IgG_FP_0026_model0
[+] No. of intermolecular contacts: 69
[+] No. of charged-charged contacts: 2.0
[+] No. of charged-polar contacts: 12.0
[+] No. of charged-apolar contacts: 14.0
[+] No. of polar-polar contacts: 8.0
[+] No. of apolar-polar contacts: 19.0
[+] No. of apolar-apolar contacts: 14.0
[+] Percentage of apolar NIS residues: 42.41
[+] Percentage of charged NIS residues: 18.48
[++] Predicted binding affinity (kcal.mol-1):     -9.8
[++] Predicted dissociation constant (M) at 25.0˚C:  6.5e-08
",
IgG_FP_0027.pdb,/teams/YingChiLab_1702378116/MaishaZhang/PPIFlow-main/output/final_flowpacked_designs/antibody/IgG_FP_0027.pdb,True,0,-9.1,2.1e-07,51,4.0,5.0,13.0,1.0,9.0,19.0,"[+] Executing 1 task(s) in total
##########################################
[+] Processing structure IgG_FP_0027_model0
[+] No. of intermolecular contacts: 51
[+] No. of charged-charged contacts: 4.0
[+] No. of charged-polar contacts: 5.0
[+] No. of charged-apolar contacts: 13.0
[+] No. of polar-polar contacts: 1.0
[+] No. of apolar-polar contacts: 9.0
[+] No. of apolar-apolar contacts: 19.0
[+] Percentage of apolar NIS residues: 41.70
[+] Percentage of charged NIS residues: 18.58
[++] Predicted binding affinity (kcal.mol-1):     -9.1
[++] Predicted dissociation constant (M) at 25.0˚C:  2.1e-07
",
IgG_FP_0028.pdb,/teams/YingChiLab_1702378116/MaishaZhang/PPIFlow-main/output/final_flowpacked_designs/antibody/IgG_FP_0028.pdb,True,0,-10.3,2.9e-08,93,4.0,9.0,12.0,19.0,30.0,19.0,"[+] Executing 1 task(s) in total
##########################################
[+] Processing structure IgG_FP_0028_model0
[+] No. of intermolecular contacts: 93
[+] No. of charged-charged contacts: 4.0
[+] No. of charged-polar contacts: 9.0
[+] No. of charged-apolar contacts: 12.0
[+] No. of polar-polar contacts: 19.0
[+] No. of apolar-polar contacts: 30.0
[+] No. of apolar-apolar contacts: 19.0
[+] Percentage of apolar NIS residues: 41.07
[+] Percentage of charged NIS residues: 19.25
[++] Predicted binding affinity (kcal.mol-1):    -10.3
[++] Predicted dissociation constant (M) at 25.0˚C:  2.9e-08
",
IgG_FP_0029.pdb,/teams/YingChiLab_1702378116/MaishaZhang/PPIFlow-main/output/final_flowpacked_designs/antibody/IgG_FP_0029.pdb,True,0,-9.3,1.5e-07,49,3.0,5.0,12.0,3.0,13.0,13.0,"[+] Executing 1 task(s) in total
##########################################
[+] Processing structure IgG_FP_0029_model0
[+] No. of intermolecular contacts: 49
[+] No. of charged-charged contacts: 3.0
[+] No. of charged-polar contacts: 5.0
[+] No. of charged-apolar contacts: 12.0
[+] No. of polar-polar contacts: 3.0
[+] No. of apolar-polar contacts: 13.0
[+] No. of apolar-apolar contacts: 13.0
[+] Percentage of apolar NIS residues: 41.58
[+] Percentage of charged NIS residues: 19.60
[++] Predicted binding affinity (kcal.mol-1):     -9.3
[++] Predicted dissociation constant (M) at 25.0˚C:  1.5e-07
",
IgG_FP_0030.pdb,/teams/YingChiLab_1702378116/MaishaZhang/PPIFlow-main/output/final_flowpacked_designs/antibody/IgG_FP_0030.pdb,True,0,-9.6,9.4e-08,70,7.0,14.0,12.0,7.0,16.0,14.0,"[+] Executing 1 task(s) in total
##########################################
[+] Processing structure IgG_FP_0030_model0
[+] No. of intermolecular contacts: 70
[+] No. of charged-charged contacts: 7.0
[+] No. of charged-polar contacts: 14.0
[+] No. of charged-apolar contacts: 12.0
[+] No. of polar-polar contacts: 7.0
[+] No. of apolar-polar contacts: 16.0
[+] No. of apolar-apolar contacts: 14.0
[+] Percentage of apolar NIS residues: 41.50
[+] Percentage of charged NIS residues: 19.76
[++] Predicted binding affinity (kcal.mol-1):     -9.6
[++] Predicted dissociation constant (M) at 25.0˚C:  9.4e-08
",
IgG_FP_0031.pdb,/teams/YingChiLab_1702378116/MaishaZhang/PPIFlow-main/output/final_flowpacked_designs/antibody/IgG_FP_0031.pdb,True,0,-9.4,1.2e-07,65,1.0,11.0,8.0,7.0,19.0,19.0,"[+] Executing 1 task(s) in total
##########################################
[+] Processing structure IgG_FP_0031_model0
[+] No. of intermolecular contacts: 65
[+] No. of charged-charged contacts: 1.0
[+] No. of charged-polar contacts: 11.0
[+] No. of charged-apolar contacts: 8.0
[+] No. of polar-polar contacts: 7.0
[+] No. of apolar-polar contacts: 19.0
[+] No. of apolar-apolar contacts: 19.0
[+] Percentage of apolar NIS residues: 41.26
[+] Percentage of charged NIS residues: 19.06
[++] Predicted binding affinity (kcal.mol-1):     -9.4
[++] Predicted dissociation constant (M) at 25.0˚C:  1.2e-07
",
IgG_FP_0032.pdb,/teams/YingChiLab_1702378116/MaishaZhang/PPIFlow-main/output/final_flowpacked_designs/antibody/IgG_FP_0032.pdb,True,0,-12.1,1.4e-09,90,7.0,17.0,13.0,9.0,28.0,16.0,"[+] Executing 1 task(s) in total
##########################################
[+] Processing structure IgG_FP_0032_model0
[+] No. of intermolecular contacts: 90
[+] No. of charged-charged contacts: 7.0
[+] No. of charged-polar contacts: 17.0
[+] No. of charged-apolar contacts: 13.0
[+] No. of polar-polar contacts: 9.0
[+] No. of apolar-polar contacts: 28.0
[+] No. of apolar-apolar contacts: 16.0
[+] Percentage of apolar NIS residues: 41.62
[+] Percentage of charged NIS residues: 19.08
[++] Predicted binding affinity (kcal.mol-1):    -12.1
[++] Predicted dissociation constant (M) at 25.0˚C:  1.4e-09
",
IgG_FP_0033.pdb,/teams/YingChiLab_1702378116/MaishaZhang/PPIFlow-main/output/final_flowpacked_designs/antibody/IgG_FP_0033.pdb,True,0,-12.9,3.3e-10,92,3.0,10.0,14.0,4.0,29.0,32.0,"[+] Executing 1 task(s) in total
##########################################
[+] Processing structure IgG_FP_0033_model0
[+] No. of intermolecular contacts: 92
[+] No. of charged-charged contacts: 3.0
[+] No. of charged-polar contacts: 10.0
[+] No. of charged-apolar contacts: 14.0
[+] No. of polar-polar contacts: 4.0
[+] No. of apolar-polar contacts: 29.0
[+] No. of apolar-apolar contacts: 32.0
[+] Percentage of apolar NIS residues: 42.06
[+] Percentage of charged NIS residues: 19.05
[++] Predicted binding affinity (kcal.mol-1):    -12.9
[++] Predicted dissociation constant (M) at 25.0˚C:  3.3e-10
",
IgG_FP_0034.pdb,/teams/YingChiLab_1702378116/MaishaZhang/PPIFlow-main/output/final_flowpacked_designs/antibody/IgG_FP_0034.pdb,True,0,-10.6,1.8e-08,59,3.0,8.0,16.0,2.0,15.0,15.0,"[+] Executing 1 task(s) in total
##########################################
[+] Processing structure IgG_FP_0034_model0
[+] No. of intermolecular contacts: 59
[+] No. of charged-charged contacts: 3.0
[+] No. of charged-polar contacts: 8.0
[+] No. of charged-apolar contacts: 16.0
[+] No. of polar-polar contacts: 2.0
[+] No. of apolar-polar contacts: 15.0
[+] No. of apolar-apolar contacts: 15.0
[+] Percentage of apolar NIS residues: 40.99
[+] Percentage of charged NIS residues: 19.01
[++] Predicted binding affinity (kcal.mol-1):    -10.6
[++] Predicted dissociation constant (M) at 25.0˚C:  1.8e-08
",
IgG_FP_0035.pdb,/teams/YingChiLab_1702378116/MaishaZhang/PPIFlow-main/output/final_flowpacked_designs/antibody/IgG_FP_0035.pdb,True,0,-9.8,6.2e-08,67,1.0,5.0,10.0,10.0,23.0,18.0,"[+] Executing 1 task(s) in total
##########################################
[+] Processing structure IgG_FP_0035_model0
[+] No. of intermolecular contacts: 67
[+] No. of charged-charged contacts: 1.0
[+] No. of charged-polar contacts: 5.0
[+] No. of charged-apolar contacts: 10.0
[+] No. of polar-polar contacts: 10.0
[+] No. of apolar-polar contacts: 23.0
[+] No. of apolar-apolar contacts: 18.0
[+] Percentage of apolar NIS residues: 42.03
[+] Percentage of charged NIS residues: 18.92
[++] Predicted binding affinity (kcal.mol-1):     -9.8
[++] Predicted dissociation constant (M) at 25.0˚C:  6.2e-08
",
IgG_FP_0036.pdb,/teams/YingChiLab_1702378116/MaishaZhang/PPIFlow-main/output/final_flowpacked_designs/antibody/IgG_FP_0036.pdb,True,0,-9.4,1.2e-07,68,0.0,9.0,9.0,7.0,19.0,24.0,"[+] Executing 1 task(s) in total
##########################################
[+] Processing structure IgG_FP_0036_model0
[+] No. of intermolecular contacts: 68
[+] No. of charged-charged contacts: 0.0
[+] No. of charged-polar contacts: 9.0
[+] No. of charged-apolar contacts: 9.0
[+] No. of polar-polar contacts: 7.0
[+] No. of apolar-polar contacts: 19.0
[+] No. of apolar-apolar contacts: 24.0
[+] Percentage of apolar NIS residues: 41.40
[+] Percentage of charged NIS residues: 19.00
[++] Predicted binding affinity (kcal.mol-1):     -9.4
[++] Predicted dissociation constant (M) at 25.0˚C:  1.2e-07
",
IgG_FP_0037.pdb,/teams/YingChiLab_1702378116/MaishaZhang/PPIFlow-main/output/final_flowpacked_designs/antibody/IgG_FP_0037.pdb,True,0,-13.7,9.3e-11,89,1.0,16.0,16.0,3.0,31.0,22.0,"[+] Executing 1 task(s) in total
##########################################
[+] Processing structure IgG_FP_0037_model0
[+] No. of intermolecular contacts: 89
[+] No. of charged-charged contacts: 1.0
[+] No. of charged-polar contacts: 16.0
[+] No. of charged-apolar contacts: 16.0
[+] No. of polar-polar contacts: 3.0
[+] No. of apolar-polar contacts: 31.0
[+] No. of apolar-apolar contacts: 22.0
[+] Percentage of apolar NIS residues: 41.83
[+] Percentage of charged NIS residues: 18.73
[++] Predicted binding affinity (kcal.mol-1):    -13.7
[++] Predicted dissociation constant (M) at 25.0˚C:  9.3e-11
",
IgG_FP_0038.pdb,/teams/YingChiLab_1702378116/MaishaZhang/PPIFlow-main/output/final_flowpacked_designs/antibody/IgG_FP_0038.pdb,True,0,-12.4,7.5e-10,106,3.0,17.0,19.0,10.0,29.0,28.0,"[+] Executing 1 task(s) in total
##########################################
[+] Processing structure IgG_FP_0038_model0
[+] No. of intermolecular contacts: 106
[+] No. of charged-charged contacts: 3.0
[+] No. of charged-polar contacts: 17.0
[+] No. of charged-apolar contacts: 19.0
[+] No. of polar-polar contacts: 10.0
[+] No. of apolar-polar contacts: 29.0
[+] No. of apolar-apolar contacts: 28.0
[+] Percentage of apolar NIS residues: 41.39
[+] Percentage of charged NIS residues: 18.61
[++] Predicted binding affinity (kcal.mol-1):    -12.4
[++] Predicted dissociation constant (M) at 25.0˚C:  7.5e-10
",
IgG_FP_0039.pdb,/teams/YingChiLab_1702378116/MaishaZhang/PPIFlow-main/output/final_flowpacked_designs/antibody/IgG_FP_0039.pdb,True,0,-10.4,2.3e-08,69,2.0,8.0,10.0,9.0,24.0,16.0,"[+] Executing 1 task(s) in total
##########################################
[+] Processing structure IgG_FP_0039_model0
[+] No. of intermolecular contacts: 69
[+] No. of charged-charged contacts: 2.0
[+] No. of charged-polar contacts: 8.0
[+] No. of charged-apolar contacts: 10.0
[+] No. of polar-polar contacts: 9.0
[+] No. of apolar-polar contacts: 24.0
[+] No. of apolar-apolar contacts: 16.0
[+] Percentage of apolar NIS residues: 42.05
[+] Percentage of charged NIS residues: 18.41
[++] Predicted binding affinity (kcal.mol-1):    -10.4
[++] Predicted dissociation constant (M) at 25.0˚C:  2.3e-08
",
IgG_FP_0040.pdb,/teams/YingChiLab_1702378116/MaishaZhang/PPIFlow-main/output/final_flowpacked_designs/antibody/IgG_FP_0040.pdb,True,0,-10.2,3.3e-08,65,4.0,6.0,15.0,5.0,17.0,18.0,"[+] Executing 1 task(s) in total
##########################################
[+] Processing structure IgG_FP_0040_model0
[+] No. of intermolecular contacts: 65
[+] No. of charged-charged contacts: 4.0
[+] No. of charged-polar contacts: 6.0
[+] No. of charged-apolar contacts: 15.0
[+] No. of polar-polar contacts: 5.0
[+] No. of apolar-polar contacts: 17.0
[+] No. of apolar-apolar contacts: 18.0
[+] Percentage of apolar NIS residues: 42.35
[+] Percentage of charged NIS residues: 18.69
[++] Predicted binding affinity (kcal.mol-1):    -10.2
[++] Predicted dissociation constant (M) at 25.0˚C:  3.3e-08
",
IgG_FP_0041.pdb,/teams/YingChiLab_1702378116/MaishaZhang/PPIFlow-main/output/final_flowpacked_designs/antibody/IgG_FP_0041.pdb,True,0,-10.8,1.3e-08,63,3.0,11.0,13.0,0.0,16.0,20.0,"[+] Executing 1 task(s) in total
##########################################
[+] Processing structure IgG_FP_0041_model0
[+] No. of intermolecular contacts: 63
[+] No. of charged-charged contacts: 3.0
[+] No. of charged-polar contacts: 11.0
[+] No. of charged-apolar contacts: 13.0
[+] No. of polar-polar contacts: 0.0
[+] No. of apolar-polar contacts: 16.0
[+] No. of apolar-apolar contacts: 20.0
[+] Percentage of apolar NIS residues: 41.11
[+] Percentage of charged NIS residues: 19.57
[++] Predicted binding affinity (kcal.mol-1):    -10.8
[++] Predicted dissociation constant (M) at 25.0˚C:  1.3e-08
",
IgG_FP_0042.pdb,/teams/YingChiLab_1702378116/MaishaZhang/PPIFlow-main/output/final_flowpacked_designs/antibody/IgG_FP_0042.pdb,True,0,-10.6,1.7e-08,78,2.0,10.0,10.0,9.0,24.0,23.0,"[+] Executing 1 task(s) in total
##########################################
[+] Processing structure IgG_FP_0042_model0
[+] No. of intermolecular contacts: 78
[+] No. of charged-charged contacts: 2.0
[+] No. of charged-polar contacts: 10.0
[+] No. of charged-apolar contacts: 10.0
[+] No. of polar-polar contacts: 9.0
[+] No. of apolar-polar contacts: 24.0
[+] No. of apolar-apolar contacts: 23.0
[+] Percentage of apolar NIS residues: 40.67
[+] Percentage of charged NIS residues: 19.05
[++] Predicted binding affinity (kcal.mol-1):    -10.6
[++] Predicted dissociation constant (M) at 25.0˚C:  1.7e-08
",
IgG_FP_0043.pdb,/teams/YingChiLab_1702378116/MaishaZhang/PPIFlow-main/output/final_flowpacked_designs/antibody/IgG_FP_0043.pdb,True,0,-12.1,1.2e-09,66,2.0,7.0,14.0,4.0,26.0,13.0,"[+] Executing 1 task(s) in total
##########################################
[+] Processing structure IgG_FP_0043_model0
[+] No. of intermolecular contacts: 66
[+] No. of charged-charged contacts: 2.0
[+] No. of charged-polar contacts: 7.0
[+] No. of charged-apolar contacts: 14.0
[+] No. of polar-polar contacts: 4.0
[+] No. of apolar-polar contacts: 26.0
[+] No. of apolar-apolar contacts: 13.0
[+] Percentage of apolar NIS residues: 42.19
[+] Percentage of charged NIS residues: 18.95
[++] Predicted binding affinity (kcal.mol-1):    -12.1
[++] Predicted dissociation constant (M) at 25.0˚C:  1.2e-09
",
IgG_FP_0044.pdb,/teams/YingChiLab_1702378116/MaishaZhang/PPIFlow-main/output/final_flowpacked_designs/antibody/IgG_FP_0044.pdb,True,0,-13.3,1.7e-10,97,5.0,14.0,24.0,5.0,26.0,23.0,"[+] Executing 1 task(s) in total
##########################################
[+] Processing structure IgG_FP_0044_model0
[+] No. of intermolecular contacts: 97
[+] No. of charged-charged contacts: 5.0
[+] No. of charged-polar contacts: 14.0
[+] No. of charged-apolar contacts: 24.0
[+] No. of polar-polar contacts: 5.0
[+] No. of apolar-polar contacts: 26.0
[+] No. of apolar-apolar contacts: 23.0
[+] Percentage of apolar NIS residues: 41.72
[+] Percentage of charged NIS residues: 18.91
[++] Predicted binding affinity (kcal.mol-1):    -13.3
[++] Predicted dissociation constant (M) at 25.0˚C:  1.7e-10
",
IgG_FP_0045.pdb,/teams/YingChiLab_1702378116/MaishaZhang/PPIFlow-main/output/final_flowpacked_designs/antibody/IgG_FP_0045.pdb,True,0,-7.3,4.6e-06,48,3.0,6.0,8.0,2.0,5.0,24.0,"[+] Executing 1 task(s) in total
##########################################
[+] Processing structure IgG_FP_0045_model0
[+] No. of intermolecular contacts: 48
[+] No. of charged-charged contacts: 3.0
[+] No. of charged-polar contacts: 6.0
[+] No. of charged-apolar contacts: 8.0
[+] No. of polar-polar contacts: 2.0
[+] No. of apolar-polar contacts: 5.0
[+] No. of apolar-apolar contacts: 24.0
[+] Percentage of apolar NIS residues: 41.47
[+] Percentage of charged NIS residues: 19.84
[++] Predicted binding affinity (kcal.mol-1):     -7.3
[++] Predicted dissociation constant (M) at 25.0˚C:  4.6e-06
",
IgG_FP_0046.pdb,/teams/YingChiLab_1702378116/MaishaZhang/PPIFlow-main/output/final_flowpacked_designs/antibody/IgG_FP_0046.pdb,True,0,-13.3,1.9e-10,72,6.0,5.0,7.0,4.0,32.0,18.0,"[+] Executing 1 task(s) in total
##########################################
[+] Processing structure IgG_FP_0046_model0
[+] No. of intermolecular contacts: 72
[+] No. of charged-charged contacts: 6.0
[+] No. of charged-polar contacts: 5.0
[+] No. of charged-apolar contacts: 7.0
[+] No. of polar-polar contacts: 4.0
[+] No. of apolar-polar contacts: 32.0
[+] No. of apolar-apolar contacts: 18.0
[+] Percentage of apolar NIS residues: 42.07
[+] Percentage of charged NIS residues: 18.59
[++] Predicted binding affinity (kcal.mol-1):    -13.3
[++] Predicted dissociation constant (M) at 25.0˚C:  1.9e-10
",
IgG_FP_0047.pdb,/teams/YingChiLab_1702378116/MaishaZhang/PPIFlow-main/output/final_flowpacked_designs/antibody/IgG_FP_0047.pdb,True,0,-12.6,5.8e-10,95,3.0,14.0,13.0,10.0,32.0,23.0,"[+] Executing 1 task(s) in total
##########################################
[+] Processing structure IgG_FP_0047_model0
[+] No. of intermolecular contacts: 95
[+] No. of charged-charged contacts: 3.0
[+] No. of charged-polar contacts: 14.0
[+] No. of charged-apolar contacts: 13.0
[+] No. of polar-polar contacts: 10.0
[+] No. of apolar-polar contacts: 32.0
[+] No. of apolar-apolar contacts: 23.0
[+] Percentage of apolar NIS residues: 40.94
[+] Percentage of charged NIS residues: 18.70
[++] Predicted binding affinity (kcal.mol-1):    -12.6
[++] Predicted dissociation constant (M) at 25.0˚C:  5.8e-10
",
IgG_FP_0048.pdb,/teams/YingChiLab_1702378116/MaishaZhang/PPIFlow-main/output/final_flowpacked_designs/antibody/IgG_FP_0048.pdb,True,0,-11.2,6.5e-09,70,4.0,13.0,13.0,1.0,18.0,21.0,"[+] Executing 1 task(s) in total
##########################################
[+] Processing structure IgG_FP_0048_model0
[+] No. of intermolecular contacts: 70
[+] No. of charged-charged contacts: 4.0
[+] No. of charged-polar contacts: 13.0
[+] No. of charged-apolar contacts: 13.0
[+] No. of polar-polar contacts: 1.0
[+] No. of apolar-polar contacts: 18.0
[+] No. of apolar-apolar contacts: 21.0
[+] Percentage of apolar NIS residues: 41.24
[+] Percentage of charged NIS residues: 19.12
[++] Predicted binding affinity (kcal.mol-1):    -11.2
[++] Predicted dissociation constant (M) at 25.0˚C:  6.5e-09
",
IgG_FP_0049.pdb,/teams/YingChiLab_1702378116/MaishaZhang/PPIFlow-main/output/final_flowpacked_designs/antibody/IgG_FP_0049.pdb,True,0,-10.6,1.6e-08,74,2.0,9.0,16.0,2.0,16.0,29.0,"[+] Executing 1 task(s) in total
##########################################
[+] Processing structure IgG_FP_0049_model0
[+] No. of intermolecular contacts: 74
[+] No. of charged-charged contacts: 2.0
[+] No. of charged-polar contacts: 9.0
[+] No. of charged-apolar contacts: 16.0
[+] No. of polar-polar contacts: 2.0
[+] No. of apolar-polar contacts: 16.0
[+] No. of apolar-apolar contacts: 29.0
[+] Percentage of apolar NIS residues: 41.08
[+] Percentage of charged NIS residues: 19.44
[++] Predicted binding affinity (kcal.mol-1):    -10.6
[++] Predicted dissociation constant (M) at 25.0˚C:  1.6e-08
",
IgG_FP_0050.pdb,/teams/YingChiLab_1702378116/MaishaZhang/PPIFlow-main/output/final_flowpacked_designs/antibody/IgG_FP_0050.pdb,True,0,-10.4,2.4e-08,59,2.0,8.0,19.0,2.0,13.0,15.0,"[+] Executing 1 task(s) in total
##########################################
[+] Processing structure IgG_FP_0050_model0
[+] No. of intermolecular contacts: 59
[+] No. of charged-charged contacts: 2.0
[+] No. of charged-polar contacts: 8.0
[+] No. of charged-apolar contacts: 19.0
[+] No. of polar-polar contacts: 2.0
[+] No. of apolar-polar contacts: 13.0
[+] No. of apolar-apolar contacts: 15.0
[+] Percentage of apolar NIS residues: 40.89
[+] Percentage of charged NIS residues: 18.60
[++] Predicted binding affinity (kcal.mol-1):    -10.4
[++] Predicted dissociation constant (M) at 25.0˚C:  2.4e-08
",
IgG_FP_0051.pdb,/teams/YingChiLab_1702378116/MaishaZhang/PPIFlow-main/output/final_flowpacked_designs/antibody/IgG_FP_0051.pdb,True,0,-10.4,2.4e-08,84,4.0,20.0,13.0,6.0,19.0,22.0,"[+] Executing 1 task(s) in total
##########################################
[+] Processing structure IgG_FP_0051_model0
[+] No. of intermolecular contacts: 84
[+] No. of charged-charged contacts: 4.0
[+] No. of charged-polar contacts: 20.0
[+] No. of charged-apolar contacts: 13.0
[+] No. of polar-polar contacts: 6.0
[+] No. of apolar-polar contacts: 19.0
[+] No. of apolar-apolar contacts: 22.0
[+] Percentage of apolar NIS residues: 41.04
[+] Percentage of charged NIS residues: 19.52
[++] Predicted binding affinity (kcal.mol-1):    -10.4
[++] Predicted dissociation constant (M) at 25.0˚C:  2.4e-08
",
IgG_FP_0052.pdb,/teams/YingChiLab_1702378116/MaishaZhang/PPIFlow-main/output/final_flowpacked_designs/antibody/IgG_FP_0052.pdb,True,0,-9.7,7.2e-08,77,1.0,9.0,19.0,9.0,17.0,22.0,"[+] Executing 1 task(s) in total
##########################################
[+] Processing structure IgG_FP_0052_model0
[+] No. of intermolecular contacts: 77
[+] No. of charged-charged contacts: 1.0
[+] No. of charged-polar contacts: 9.0
[+] No. of charged-apolar contacts: 19.0
[+] No. of polar-polar contacts: 9.0
[+] No. of apolar-polar contacts: 17.0
[+] No. of apolar-apolar contacts: 22.0
[+] Percentage of apolar NIS residues: 41.76
[+] Percentage of charged NIS residues: 18.04
[++] Predicted binding affinity (kcal.mol-1):     -9.7
[++] Predicted dissociation constant (M) at 25.0˚C:  7.2e-08
",
IgG_FP_0053.pdb,/teams/YingChiLab_1702378116/MaishaZhang/PPIFlow-main/output/final_flowpacked_designs/antibody/IgG_FP_0053.pdb,True,0,-10.5,1.9e-08,85,3.0,10.0,12.0,13.0,26.0,21.0,"[+] Executing 1 task(s) in total
##########################################
[+] Processing structure IgG_FP_0053_model0
[+] No. of intermolecular contacts: 85
[+] No. of charged-charged contacts: 3.0
[+] No. of charged-polar contacts: 10.0
[+] No. of charged-apolar contacts: 12.0
[+] No. of polar-polar contacts: 13.0
[+] No. of apolar-polar contacts: 26.0
[+] No. of apolar-apolar contacts: 21.0
[+] Percentage of apolar NIS residues: 40.94
[+] Percentage of charged NIS residues: 18.91
[++] Predicted binding affinity (kcal.mol-1):    -10.5
[++] Predicted dissociation constant (M) at 25.0˚C:  1.9e-08
",
IgG_FP_0054.pdb,/teams/YingChiLab_1702378116/MaishaZhang/PPIFlow-main/output/final_flowpacked_designs/antibody/IgG_FP_0054.pdb,True,0,-9.7,7.7e-08,51,0.0,4.0,10.0,5.0,18.0,14.0,"[+] Executing 1 task(s) in total
##########################################
[+] Processing structure IgG_FP_0054_model0
[+] No. of intermolecular contacts: 51
[+] No. of charged-charged contacts: 0.0
[+] No. of charged-polar contacts: 4.0
[+] No. of charged-apolar contacts: 10.0
[+] No. of polar-polar contacts: 5.0
[+] No. of apolar-polar contacts: 18.0
[+] No. of apolar-apolar contacts: 14.0
[+] Percentage of apolar NIS residues: 41.39
[+] Percentage of charged NIS residues: 18.96
[++] Predicted binding affinity (kcal.mol-1):     -9.7
[++] Predicted dissociation constant (M) at 25.0˚C:  7.7e-08
",
IgG_FP_0055.pdb,/teams/YingChiLab_1702378116/MaishaZhang/PPIFlow-main/output/final_flowpacked_designs/antibody/IgG_FP_0055.pdb,True,0,-9.6,9.3e-08,60,1.0,9.0,10.0,6.0,18.0,16.0,"[+] Executing 1 task(s) in total
##########################################
[+] Processing structure IgG_FP_0055_model0
[+] No. of intermolecular contacts: 60
[+] No. of charged-charged contacts: 1.0
[+] No. of charged-polar contacts: 9.0
[+] No. of charged-apolar contacts: 10.0
[+] No. of polar-polar contacts: 6.0
[+] No. of apolar-polar contacts: 18.0
[+] No. of apolar-apolar contacts: 16.0
[+] Percentage of apolar NIS residues: 41.34
[+] Percentage of charged NIS residues: 19.09
[++] Predicted binding affinity (kcal.mol-1):     -9.6
[++] Predicted dissociation constant (M) at 25.0˚C:  9.3e-08
",
IgG_FP_0056.pdb,/teams/YingChiLab_1702378116/MaishaZhang/PPIFlow-main/output/final_flowpacked_designs/antibody/IgG_FP_0056.pdb,True,0,-10.3,3.0e-08,66,3.0,6.0,10.0,8.0,22.0,17.0,"[+] Executing 1 task(s) in total
##########################################
[+] Processing structure IgG_FP_0056_model0
[+] No. of intermolecular contacts: 66
[+] No. of charged-charged contacts: 3.0
[+] No. of charged-polar contacts: 6.0
[+] No. of charged-apolar contacts: 10.0
[+] No. of polar-polar contacts: 8.0
[+] No. of apolar-polar contacts: 22.0
[+] No. of apolar-apolar contacts: 17.0
[+] Percentage of apolar NIS residues: 41.83
[+] Percentage of charged NIS residues: 18.68
[++] Predicted binding affinity (kcal.mol-1):    -10.3
[++] Predicted dissociation constant (M) at 25.0˚C:  3.0e-08
",
IgG_FP_0057.pdb,/teams/YingChiLab_1702378116/MaishaZhang/PPIFlow-main/output/final_flowpacked_designs/antibody/IgG_FP_0057.pdb,True,0,-11.3,5.3e-09,75,5.0,6.0,20.0,9.0,22.0,13.0,"[+] Executing 1 task(s) in total
##########################################
[+] Processing structure IgG_FP_0057_model0
[+] No. of intermolecular contacts: 75
[+] No. of charged-charged contacts: 5.0
[+] No. of charged-polar contacts: 6.0
[+] No. of charged-apolar contacts: 20.0
[+] No. of polar-polar contacts: 9.0
[+] No. of apolar-polar contacts: 22.0
[+] No. of apolar-apolar contacts: 13.0
[+] Percentage of apolar NIS residues: 41.65
[+] Percentage of charged NIS residues: 18.66
[++] Predicted binding affinity (kcal.mol-1):    -11.3
[++] Predicted dissociation constant (M) at 25.0˚C:  5.3e-09
",
IgG_FP_0058.pdb,/teams/YingChiLab_1702378116/MaishaZhang/PPIFlow-main/output/final_flowpacked_designs/antibody/IgG_FP_0058.pdb,True,0,-11.2,5.8e-09,85,1.0,9.0,12.0,14.0,31.0,18.0,"[+] Executing 1 task(s) in total
##########################################
[+] Processing structure IgG_FP_0058_model0
[+] No. of intermolecular contacts: 85
[+] No. of charged-charged contacts: 1.0
[+] No. of charged-polar contacts: 9.0
[+] No. of charged-apolar contacts: 12.0
[+] No. of polar-polar contacts: 14.0
[+] No. of apolar-polar contacts: 31.0
[+] No. of apolar-apolar contacts: 18.0
[+] Percentage of apolar NIS residues: 41.37
[+] Percentage of charged NIS residues: 18.63
[++] Predicted binding affinity (kcal.mol-1):    -11.2
[++] Predicted dissociation constant (M) at 25.0˚C:  5.8e-09
",
IgG_FP_0059.pdb,/teams/YingChiLab_1702378116/MaishaZhang/PPIFlow-main/output/final_flowpacked_designs/antibody/IgG_FP_0059.pdb,True,0,-10.3,2.6e-08,63,2.0,8.0,12.0,2.0,17.0,22.0,"[+] Executing 1 task(s) in total
##########################################
[+] Processing structure IgG_FP_0059_model0
[+] No. of intermolecular contacts: 63
[+] No. of charged-charged contacts: 2.0
[+] No. of charged-polar contacts: 8.0
[+] No. of charged-apolar contacts: 12.0
[+] No. of polar-polar contacts: 2.0
[+] No. of apolar-polar contacts: 17.0
[+] No. of apolar-apolar contacts: 22.0
[+] Percentage of apolar NIS residues: 41.60
[+] Percentage of charged NIS residues: 19.40
[++] Predicted binding affinity (kcal.mol-1):    -10.3
[++] Predicted dissociation constant (M) at 25.0˚C:  2.6e-08
",
IgG_FP_0060.pdb,/teams/YingChiLab_1702378116/MaishaZhang/PPIFlow-main/output/final_flowpacked_designs/antibody/IgG_FP_0060.pdb,True,0,-10.2,3.4e-08,70,1.0,7.0,10.0,8.0,23.0,21.0,"[+] Executing 1 task(s) in total
##########################################
[+] Processing structure IgG_FP_0060_model0
[+] No. of intermolecular contacts: 70
[+] No. of charged-charged contacts: 1.0
[+] No. of charged-polar contacts: 7.0
[+] No. of charged-apolar contacts: 10.0
[+] No. of polar-polar contacts: 8.0
[+] No. of apolar-polar contacts: 23.0
[+] No. of apolar-apolar contacts: 21.0
[+] Percentage of apolar NIS residues: 42.20
[+] Percentage of charged NIS residues: 19.00
[++] Predicted binding affinity (kcal.mol-1):    -10.2
[++] Predicted dissociation constant (M) at 25.0˚C:  3.4e-08
",
IgG_FP_0061.pdb,/teams/YingChiLab_1702378116/MaishaZhang/PPIFlow-main/output/final_flowpacked_designs/antibody/IgG_FP_0061.pdb,True,0,-11.1,6.7e-09,80,5.0,10.0,12.0,6.0,22.0,25.0,"[+] Executing 1 task(s) in total
##########################################
[+] Processing structure IgG_FP_0061_model0
[+] No. of intermolecular contacts: 80
[+] No. of charged-charged contacts: 5.0
[+] No. of charged-polar contacts: 10.0
[+] No. of charged-apolar contacts: 12.0
[+] No. of polar-polar contacts: 6.0
[+] No. of apolar-polar contacts: 22.0
[+] No. of apolar-apolar contacts: 25.0
[+] Percentage of apolar NIS residues: 40.67
[+] Percentage of charged NIS residues: 19.44
[++] Predicted binding affinity (kcal.mol-1):    -11.1
[++] Predicted dissociation constant (M) at 25.0˚C:  6.7e-09
",
IgG_FP_0062.pdb,/teams/YingChiLab_1702378116/MaishaZhang/PPIFlow-main/output/final_flowpacked_designs/antibody/IgG_FP_0062.pdb,True,0,-8.3,7.8e-07,92,5.0,15.0,17.0,18.0,19.0,18.0,"[+] Executing 1 task(s) in total
##########################################
[+] Processing structure IgG_FP_0062_model0
[+] No. of intermolecular contacts: 92
[+] No. of charged-charged contacts: 5.0
[+] No. of charged-polar contacts: 15.0
[+] No. of charged-apolar contacts: 17.0
[+] No. of polar-polar contacts: 18.0
[+] No. of apolar-polar contacts: 19.0
[+] No. of apolar-apolar contacts: 18.0
[+] Percentage of apolar NIS residues: 42.52
[+] Percentage of charged NIS residues: 19.03
[++] Predicted binding affinity (kcal.mol-1):     -8.3
[++] Predicted dissociation constant (M) at 25.0˚C:  7.8e-07
",
IgG_FP_0063.pdb,/teams/YingChiLab_1702378116/MaishaZhang/PPIFlow-main/output/final_flowpacked_designs/antibody/IgG_FP_0063.pdb,True,0,-12.6,5.3e-10,86,2.0,19.0,16.0,4.0,27.0,18.0,"[+] Executing 1 task(s) in total
##########################################
[+] Processing structure IgG_FP_0063_model0
[+] No. of intermolecular contacts: 86
[+] No. of charged-charged contacts: 2.0
[+] No. of charged-polar contacts: 19.0
[+] No. of charged-apolar contacts: 16.0
[+] No. of polar-polar contacts: 4.0
[+] No. of apolar-polar contacts: 27.0
[+] No. of apolar-apolar contacts: 18.0
[+] Percentage of apolar NIS residues: 41.80
[+] Percentage of charged NIS residues: 18.95
[++] Predicted binding affinity (kcal.mol-1):    -12.6
[++] Predicted dissociation constant (M) at 25.0˚C:  5.3e-10
",
IgG_FP_0064.pdb,/teams/YingChiLab_1702378116/MaishaZhang/PPIFlow-main/output/final_flowpacked_designs/antibody/IgG_FP_0064.pdb,True,0,-11.4,4.6e-09,59,10.0,7.0,16.0,3.0,17.0,6.0,"[+] Executing 1 task(s) in total
##########################################
[+] Processing structure IgG_FP_0064_model0
[+] No. of intermolecular contacts: 59
[+] No. of charged-charged contacts: 10.0
[+] No. of charged-polar contacts: 7.0
[+] No. of charged-apolar contacts: 16.0
[+] No. of polar-polar contacts: 3.0
[+] No. of apolar-polar contacts: 17.0
[+] No. of apolar-apolar contacts: 6.0
[+] Percentage of apolar NIS residues: 41.57
[+] Percentage of charged NIS residues: 19.02
[++] Predicted binding affinity (kcal.mol-1):    -11.4
[++] Predicted dissociation constant (M) at 25.0˚C:  4.6e-09
",
IgG_FP_0065.pdb,/teams/YingChiLab_1702378116/MaishaZhang/PPIFlow-main/output/final_flowpacked_designs/antibody/IgG_FP_0065.pdb,True,0,-9.2,1.9e-07,43,2.0,5.0,4.0,2.0,15.0,15.0,"[+] Executing 1 task(s) in total
##########################################
[+] Processing structure IgG_FP_0065_model0
[+] No. of intermolecular contacts: 43
[+] No. of charged-charged contacts: 2.0
[+] No. of charged-polar contacts: 5.0
[+] No. of charged-apolar contacts: 4.0
[+] No. of polar-polar contacts: 2.0
[+] No. of apolar-polar contacts: 15.0
[+] No. of apolar-apolar contacts: 15.0
[+] Percentage of apolar NIS residues: 41.91
[+] Percentage of charged NIS residues: 18.52
[++] Predicted binding affinity (kcal.mol-1):     -9.2
[++] Predicted dissociation constant (M) at 25.0˚C:  1.9e-07
",
IgG_FP_0066.pdb,/teams/YingChiLab_1702378116/MaishaZhang/PPIFlow-main/output/final_flowpacked_designs/antibody/IgG_FP_0066.pdb,True,0,-10.7,1.3e-08,69,0.0,10.0,13.0,2.0,18.0,26.0,"[+] Executing 1 task(s) in total
##########################################
[+] Processing structure IgG_FP_0066_model0
[+] No. of intermolecular contacts: 69
[+] No. of charged-charged contacts: 0.0
[+] No. of charged-polar contacts: 10.0
[+] No. of charged-apolar contacts: 13.0
[+] No. of polar-polar contacts: 2.0
[+] No. of apolar-polar contacts: 18.0
[+] No. of apolar-apolar contacts: 26.0
[+] Percentage of apolar NIS residues: 40.48
[+] Percentage of charged NIS residues: 19.05
[++] Predicted binding affinity (kcal.mol-1):    -10.7
[++] Predicted dissociation constant (M) at 25.0˚C:  1.3e-08
",
IgG_FP_0067.pdb,/teams/YingChiLab_1702378116/MaishaZhang/PPIFlow-main/output/final_flowpacked_designs/antibody/IgG_FP_0067.pdb,True,0,-12.5,6.8e-10,85,3.0,12.0,12.0,6.0,29.0,23.0,"[+] Executing 1 task(s) in total
##########################################
[+] Processing structure IgG_FP_0067_model0
[+] No. of intermolecular contacts: 85
[+] No. of charged-charged contacts: 3.0
[+] No. of charged-polar contacts: 12.0
[+] No. of charged-apolar contacts: 12.0
[+] No. of polar-polar contacts: 6.0
[+] No. of apolar-polar contacts: 29.0
[+] No. of apolar-apolar contacts: 23.0
[+] Percentage of apolar NIS residues: 41.12
[+] Percentage of charged NIS residues: 19.16
[++] Predicted binding affinity (kcal.mol-1):    -12.5
[++] Predicted dissociation constant (M) at 25.0˚C:  6.8e-10
",
IgG_FP_0068.pdb,/teams/YingChiLab_1702378116/MaishaZhang/PPIFlow-main/output/final_flowpacked_designs/antibody/IgG_FP_0068.pdb,True,0,-10.0,4.4e-08,65,3.0,10.0,10.0,4.0,17.0,21.0,"[+] Executing 1 task(s) in total
##########################################
[+] Processing structure IgG_FP_0068_model0
[+] No. of intermolecular contacts: 65
[+] No. of charged-charged contacts: 3.0
[+] No. of charged-polar contacts: 10.0
[+] No. of charged-apolar contacts: 10.0
[+] No. of polar-polar contacts: 4.0
[+] No. of apolar-polar contacts: 17.0
[+] No. of apolar-apolar contacts: 21.0
[+] Percentage of apolar NIS residues: 40.80
[+] Percentage of charged NIS residues: 19.20
[++] Predicted binding affinity (kcal.mol-1):    -10.0
[++] Predicted dissociation constant (M) at 25.0˚C:  4.4e-08
",
IgG_FP_0069.pdb,/teams/YingChiLab_1702378116/MaishaZhang/PPIFlow-main/output/final_flowpacked_designs/antibody/IgG_FP_0069.pdb,True,0,-9.8,6.5e-08,90,4.0,10.0,23.0,10.0,15.0,28.0,"[+] Executing 1 task(s) in total
##########################################
[+] Processing structure IgG_FP_0069_model0
[+] No. of intermolecular contacts: 90
[+] No. of charged-charged contacts: 4.0
[+] No. of charged-polar contacts: 10.0
[+] No. of charged-apolar contacts: 23.0
[+] No. of polar-polar contacts: 10.0
[+] No. of apolar-polar contacts: 15.0
[+] No. of apolar-apolar contacts: 28.0
[+] Percentage of apolar NIS residues: 41.12
[+] Percentage of charged NIS residues: 18.73
[++] Predicted binding affinity (kcal.mol-1):     -9.8
[++] Predicted dissociation constant (M) at 25.0˚C:  6.5e-08
",
IgG_FP_0070.pdb,/teams/YingChiLab_1702378116/MaishaZhang/PPIFlow-main/output/final_flowpacked_designs/antibody/IgG_FP_0070.pdb,True,0,-9.8,6.3e-08,56,3.0,11.0,13.0,5.0,16.0,8.0,"[+] Executing 1 task(s) in total
##########################################
[+] Processing structure IgG_FP_0070_model0
[+] No. of intermolecular contacts: 56
[+] No. of charged-charged contacts: 3.0
[+] No. of charged-polar contacts: 11.0
[+] No. of charged-apolar contacts: 13.0
[+] No. of polar-polar contacts: 5.0
[+] No. of apolar-polar contacts: 16.0
[+] No. of apolar-apolar contacts: 8.0
[+] Percentage of apolar NIS residues: 41.23
[+] Percentage of charged NIS residues: 19.27
[++] Predicted binding affinity (kcal.mol-1):     -9.8
[++] Predicted dissociation constant (M) at 25.0˚C:  6.3e-08
",
IgG_FP_0071.pdb,/teams/YingChiLab_1702378116/MaishaZhang/PPIFlow-main/output/final_flowpacked_designs/antibody/IgG_FP_0071.pdb,True,0,-12.4,8.1e-10,74,2.0,10.0,16.0,7.0,28.0,11.0,"[+] Executing 1 task(s) in total
##########################################
[+] Processing structure IgG_FP_0071_model0
[+] No. of intermolecular contacts: 74
[+] No. of charged-charged contacts: 2.0
[+] No. of charged-polar contacts: 10.0
[+] No. of charged-apolar contacts: 16.0
[+] No. of polar-polar contacts: 7.0
[+] No. of apolar-polar contacts: 28.0
[+] No. of apolar-apolar contacts: 11.0
[+] Percentage of apolar NIS residues: 40.92
[+] Percentage of charged NIS residues: 19.36
[++] Predicted binding affinity (kcal.mol-1):    -12.4
[++] Predicted dissociation constant (M) at 25.0˚C:  8.1e-10
",
IgG_FP_0072.pdb,/teams/YingChiLab_1702378116/MaishaZhang/PPIFlow-main/output/final_flowpacked_designs/antibody/IgG_FP_0072.pdb,True,0,-9.5,1.0e-07,51,2.0,11.0,11.0,4.0,14.0,9.0,"[+] Executing 1 task(s) in total
##########################################
[+] Processing structure IgG_FP_0072_model0
[+] No. of intermolecular contacts: 51
[+] No. of charged-charged contacts: 2.0
[+] No. of charged-polar contacts: 11.0
[+] No. of charged-apolar contacts: 11.0
[+] No. of polar-polar contacts: 4.0
[+] No. of apolar-polar contacts: 14.0
[+] No. of apolar-apolar contacts: 9.0
[+] Percentage of apolar NIS residues: 40.12
[+] Percentage of charged NIS residues: 18.79
[++] Predicted binding affinity (kcal.mol-1):     -9.5
[++] Predicted dissociation constant (M) at 25.0˚C:  1.0e-07
",
IgG_FP_0073.pdb,/teams/YingChiLab_1702378116/MaishaZhang/PPIFlow-main/output/final_flowpacked_designs/antibody/IgG_FP_0073.pdb,True,0,-11.3,5.6e-09,63,0.0,14.0,12.0,4.0,23.0,10.0,"[+] Executing 1 task(s) in total
##########################################
[+] Processing structure IgG_FP_0073_model0
[+] No. of intermolecular contacts: 63
[+] No. of charged-charged contacts: 0.0
[+] No. of charged-polar contacts: 14.0
[+] No. of charged-apolar contacts: 12.0
[+] No. of polar-polar contacts: 4.0
[+] No. of apolar-polar contacts: 23.0
[+] No. of apolar-apolar contacts: 10.0
[+] Percentage of apolar NIS residues: 41.41
[+] Percentage of charged NIS residues: 18.75
[++] Predicted binding affinity (kcal.mol-1):    -11.3
[++] Predicted dissociation constant (M) at 25.0˚C:  5.6e-09
",
IgG_FP_0074.pdb,/teams/YingChiLab_1702378116/MaishaZhang/PPIFlow-main/output/final_flowpacked_designs/antibody/IgG_FP_0074.pdb,True,0,-10.4,2.5e-08,64,2.0,4.0,16.0,3.0,16.0,23.0,"[+] Executing 1 task(s) in total
##########################################
[+] Processing structure IgG_FP_0074_model0
[+] No. of intermolecular contacts: 64
[+] No. of charged-charged contacts: 2.0
[+] No. of charged-polar contacts: 4.0
[+] No. of charged-apolar contacts: 16.0
[+] No. of polar-polar contacts: 3.0
[+] No. of apolar-polar contacts: 16.0
[+] No. of apolar-apolar contacts: 23.0
[+] Percentage of apolar NIS residues: 41.14
[+] Percentage of charged NIS residues: 19.69
[++] Predicted binding affinity (kcal.mol-1):    -10.4
[++] Predicted dissociation constant (M) at 25.0˚C:  2.5e-08
",
IgG_FP_0075.pdb,/teams/YingChiLab_1702378116/MaishaZhang/PPIFlow-main/output/final_flowpacked_designs/antibody/IgG_FP_0075.pdb,True,0,-10.0,4.8e-08,65,6.0,9.0,12.0,5.0,16.0,17.0,"[+] Executing 1 task(s) in total
##########################################
[+] Processing structure IgG_FP_0075_model0
[+] No. of intermolecular contacts: 65
[+] No. of charged-charged contacts: 6.0
[+] No. of charged-polar contacts: 9.0
[+] No. of charged-apolar contacts: 12.0
[+] No. of polar-polar contacts: 5.0
[+] No. of apolar-polar contacts: 16.0
[+] No. of apolar-apolar contacts: 17.0
[+] Percentage of apolar NIS residues: 41.41
[+] Percentage of charged NIS residues: 19.19
[++] Predicted binding affinity (kcal.mol-1):    -10.0
[++] Predicted dissociation constant (M) at 25.0˚C:  4.8e-08
",
IgG_FP_0076.pdb,/teams/YingChiLab_1702378116/MaishaZhang/PPIFlow-main/output/final_flowpacked_designs/antibody/IgG_FP_0076.pdb,True,0,-9.6,8.7e-08,57,2.0,7.0,13.0,3.0,14.0,18.0,"[+] Executing 1 task(s) in total
##########################################
[+] Processing structure IgG_FP_0076_model0
[+] No. of intermolecular contacts: 57
[+] No. of charged-charged contacts: 2.0
[+] No. of charged-polar contacts: 7.0
[+] No. of charged-apolar contacts: 13.0
[+] No. of polar-polar contacts: 3.0
[+] No. of apolar-polar contacts: 14.0
[+] No. of apolar-apolar contacts: 18.0
[+] Percentage of apolar NIS residues: 41.57
[+] Percentage of charged NIS residues: 19.02
[++] Predicted binding affinity (kcal.mol-1):     -9.6
[++] Predicted dissociation constant (M) at 25.0˚C:  8.7e-08
",
IgG_FP_0077.pdb,/teams/YingChiLab_1702378116/MaishaZhang/PPIFlow-main/output/final_flowpacked_designs/antibody/IgG_FP_0077.pdb,True,0,-13.1,2.4e-10,98,5.0,8.0,11.0,12.0,37.0,25.0,"[+] Executing 1 task(s) in total
##########################################
[+] Processing structure IgG_FP_0077_model0
[+] No. of intermolecular contacts: 98
[+] No. of charged-charged contacts: 5.0
[+] No. of charged-polar contacts: 8.0
[+] No. of charged-apolar contacts: 11.0
[+] No. of polar-polar contacts: 12.0
[+] No. of apolar-polar contacts: 37.0
[+] No. of apolar-apolar contacts: 25.0
[+] Percentage of apolar NIS residues: 41.08
[+] Percentage of charged NIS residues: 20.04
[++] Predicted binding affinity (kcal.mol-1):    -13.1
[++] Predicted dissociation constant (M) at 25.0˚C:  2.4e-10
",
IgG_FP_0078.pdb,/teams/YingChiLab_1702378116/MaishaZhang/PPIFlow-main/output/final_flowpacked_designs/antibody/IgG_FP_0078.pdb,True,0,-10.2,3.4e-08,69,2.0,12.0,10.0,2.0,17.0,26.0,"[+] Executing 1 task(s) in total
##########################################
[+] Processing structure IgG_FP_0078_model0
[+] No. of intermolecular contacts: 69
[+] No. of charged-charged contacts: 2.0
[+] No. of charged-polar contacts: 12.0
[+] No. of charged-apolar contacts: 10.0
[+] No. of polar-polar contacts: 2.0
[+] No. of apolar-polar contacts: 17.0
[+] No. of apolar-apolar contacts: 26.0
[+] Percentage of apolar NIS residues: 41.13
[+] Percentage of charged NIS residues: 19.76
[++] Predicted binding affinity (kcal.mol-1):    -10.2
[++] Predicted dissociation constant (M) at 25.0˚C:  3.4e-08
",
IgG_FP_0079.pdb,/teams/YingChiLab_1702378116/MaishaZhang/PPIFlow-main/output/final_flowpacked_designs/antibody/IgG_FP_0079.pdb,True,0,-10.8,1.1e-08,61,1.0,8.0,12.0,5.0,22.0,13.0,"[+] Executing 1 task(s) in total
##########################################
[+] Processing structure IgG_FP_0079_model0
[+] No. of intermolecular contacts: 61
[+] No. of charged-charged contacts: 1.0
[+] No. of charged-polar contacts: 8.0
[+] No. of charged-apolar contacts: 12.0
[+] No. of polar-polar contacts: 5.0
[+] No. of apolar-polar contacts: 22.0
[+] No. of apolar-apolar contacts: 13.0
[+] Percentage of apolar NIS residues: 41.75
[+] Percentage of charged NIS residues: 18.89
[++] Predicted binding affinity (kcal.mol-1):    -10.8
[++] Predicted dissociation constant (M) at 25.0˚C:  1.1e-08
",
IgG_FP_0080.pdb,/teams/YingChiLab_1702378116/MaishaZhang/PPIFlow-main/output/final_flowpacked_designs/antibody/IgG_FP_0080.pdb,True,0,-10.0,4.8e-08,77,5.0,5.0,14.0,7.0,18.0,28.0,"[+] Executing 1 task(s) in total
##########################################
[+] Processing structure IgG_FP_0080_model0
[+] No. of intermolecular contacts: 77
[+] No. of charged-charged contacts: 5.0
[+] No. of charged-polar contacts: 5.0
[+] No. of charged-apolar contacts: 14.0
[+] No. of polar-polar contacts: 7.0
[+] No. of apolar-polar contacts: 18.0
[+] No. of apolar-apolar contacts: 28.0
[+] Percentage of apolar NIS residues: 42.39
[+] Percentage of charged NIS residues: 19.08
[++] Predicted binding affinity (kcal.mol-1):    -10.0
[++] Predicted dissociation constant (M) at 25.0˚C:  4.8e-08
",
IgG_FP_0081.pdb,/teams/YingChiLab_1702378116/MaishaZhang/PPIFlow-main/output/final_flowpacked_designs/antibody/IgG_FP_0081.pdb,True,0,-11.1,7.6e-09,65,1.0,5.0,9.0,6.0,25.0,19.0,"[+] Executing 1 task(s) in total
##########################################
[+] Processing structure IgG_FP_0081_model0
[+] No. of intermolecular contacts: 65
[+] No. of charged-charged contacts: 1.0
[+] No. of charged-polar contacts: 5.0
[+] No. of charged-apolar contacts: 9.0
[+] No. of polar-polar contacts: 6.0
[+] No. of apolar-polar contacts: 25.0
[+] No. of apolar-apolar contacts: 19.0
[+] Percentage of apolar NIS residues: 40.99
[+] Percentage of charged NIS residues: 19.60
[++] Predicted binding affinity (kcal.mol-1):    -11.1
[++] Predicted dissociation constant (M) at 25.0˚C:  7.6e-09
",
IgG_FP_0082.pdb,/teams/YingChiLab_1702378116/MaishaZhang/PPIFlow-main/output/final_flowpacked_designs/antibody/IgG_FP_0082.pdb,True,0,-11.1,7.0e-09,59,0.0,6.0,8.0,4.0,25.0,16.0,"[+] Executing 1 task(s) in total
##########################################
[+] Processing structure IgG_FP_0082_model0
[+] No. of intermolecular contacts: 59
[+] No. of charged-charged contacts: 0.0
[+] No. of charged-polar contacts: 6.0
[+] No. of charged-apolar contacts: 8.0
[+] No. of polar-polar contacts: 4.0
[+] No. of apolar-polar contacts: 25.0
[+] No. of apolar-apolar contacts: 16.0
[+] Percentage of apolar NIS residues: 41.81
[+] Percentage of charged NIS residues: 19.53
[++] Predicted binding affinity (kcal.mol-1):    -11.1
[++] Predicted dissociation constant (M) at 25.0˚C:  7.0e-09
",
IgG_FP_0083.pdb,/teams/YingChiLab_1702378116/MaishaZhang/PPIFlow-main/output/final_flowpacked_designs/antibody/IgG_FP_0083.pdb,True,0,-13.8,7.4e-11,84,3.0,10.0,19.0,4.0,30.0,18.0,"[+] Executing 1 task(s) in total
##########################################
[+] Processing structure IgG_FP_0083_model0
[+] No. of intermolecular contacts: 84
[+] No. of charged-charged contacts: 3.0
[+] No. of charged-polar contacts: 10.0
[+] No. of charged-apolar contacts: 19.0
[+] No. of polar-polar contacts: 4.0
[+] No. of apolar-polar contacts: 30.0
[+] No. of apolar-apolar contacts: 18.0
[+] Percentage of apolar NIS residues: 41.62
[+] Percentage of charged NIS residues: 18.54
[++] Predicted binding affinity (kcal.mol-1):    -13.8
[++] Predicted dissociation constant (M) at 25.0˚C:  7.4e-11
",
IgG_FP_0084.pdb,/teams/YingChiLab_1702378116/MaishaZhang/PPIFlow-main/output/final_flowpacked_designs/antibody/IgG_FP_0084.pdb,True,0,-11.9,1.7e-09,88,4.0,9.0,21.0,5.0,21.0,28.0,"[+] Executing 1 task(s) in total
##########################################
[+] Processing structure IgG_FP_0084_model0
[+] No. of intermolecular contacts: 88
[+] No. of charged-charged contacts: 4.0
[+] No. of charged-polar contacts: 9.0
[+] No. of charged-apolar contacts: 21.0
[+] No. of polar-polar contacts: 5.0
[+] No. of apolar-polar contacts: 21.0
[+] No. of apolar-apolar contacts: 28.0
[+] Percentage of apolar NIS residues: 41.00
[+] Percentage of charged NIS residues: 18.80
[++] Predicted binding affinity (kcal.mol-1):    -11.9
[++] Predicted dissociation constant (M) at 25.0˚C:  1.7e-09
",
IgG_FP_0085.pdb,/teams/YingChiLab_1702378116/MaishaZhang/PPIFlow-main/output/final_flowpacked_designs/antibody/IgG_FP_0085.pdb,True,0,-10.2,3.2e-08,53,2.0,6.0,12.0,3.0,17.0,13.0,"[+] Executing 1 task(s) in total
##########################################
[+] Processing structure IgG_FP_0085_model0
[+] No. of intermolecular contacts: 53
[+] No. of charged-charged contacts: 2.0
[+] No. of charged-polar contacts: 6.0
[+] No. of charged-apolar contacts: 12.0
[+] No. of polar-polar contacts: 3.0
[+] No. of apolar-polar contacts: 17.0
[+] No. of apolar-apolar contacts: 13.0
[+] Percentage of apolar NIS residues: 41.03
[+] Percentage of charged NIS residues: 19.72
[++] Predicted binding affinity (kcal.mol-1):    -10.2
[++] Predicted dissociation constant (M) at 25.0˚C:  3.2e-08
",
IgG_FP_0086.pdb,/teams/YingChiLab_1702378116/MaishaZhang/PPIFlow-main/output/final_flowpacked_designs/antibody/IgG_FP_0086.pdb,True,0,-11.4,4.2e-09,60,0.0,6.0,11.0,5.0,26.0,12.0,"[+] Executing 1 task(s) in total
##########################################
[+] Processing structure IgG_FP_0086_model0
[+] No. of intermolecular contacts: 60
[+] No. of charged-charged contacts: 0.0
[+] No. of charged-polar contacts: 6.0
[+] No. of charged-apolar contacts: 11.0
[+] No. of polar-polar contacts: 5.0
[+] No. of apolar-polar contacts: 26.0
[+] No. of apolar-apolar contacts: 12.0
[+] Percentage of apolar NIS residues: 42.38
[+] Percentage of charged NIS residues: 19.01
[++] Predicted binding affinity (kcal.mol-1):    -11.4
[++] Predicted dissociation constant (M) at 25.0˚C:  4.2e-09
",
IgG_FP_0087.pdb,/teams/YingChiLab_1702378116/MaishaZhang/PPIFlow-main/output/final_flowpacked_designs/antibody/IgG_FP_0087.pdb,True,0,-11.8,2.1e-09,88,8.0,13.0,23.0,5.0,19.0,20.0,"[+] Executing 1 task(s) in total
##########################################
[+] Processing structure IgG_FP_0087_model0
[+] No. of intermolecular contacts: 88
[+] No. of charged-charged contacts: 8.0
[+] No. of charged-polar contacts: 13.0
[+] No. of charged-apolar contacts: 23.0
[+] No. of polar-polar contacts: 5.0
[+] No. of apolar-polar contacts: 19.0
[+] No. of apolar-apolar contacts: 20.0
[+] Percentage of apolar NIS residues: 41.80
[+] Percentage of charged NIS residues: 19.40
[++] Predicted binding affinity (kcal.mol-1):    -11.8
[++] Predicted dissociation constant (M) at 25.0˚C:  2.1e-09
",
IgG_FP_0088.pdb,/teams/YingChiLab_1702378116/MaishaZhang/PPIFlow-main/output/final_flowpacked_designs/antibody/IgG_FP_0088.pdb,True,0,-12.4,8.1e-10,84,4.0,8.0,12.0,9.0,31.0,20.0,"[+] Executing 1 task(s) in total
##########################################
[+] Processing structure IgG_FP_0088_model0
[+] No. of intermolecular contacts: 84
[+] No. of charged-charged contacts: 4.0
[+] No. of charged-polar contacts: 8.0
[+] No. of charged-apolar contacts: 12.0
[+] No. of polar-polar contacts: 9.0
[+] No. of apolar-polar contacts: 31.0
[+] No. of apolar-apolar contacts: 20.0
[+] Percentage of apolar NIS residues: 41.32
[+] Percentage of charged NIS residues: 19.36
[++] Predicted binding affinity (kcal.mol-1):    -12.4
[++] Predicted dissociation constant (M) at 25.0˚C:  8.1e-10
",
IgG_FP_0089.pdb,/teams/YingChiLab_1702378116/MaishaZhang/PPIFlow-main/output/final_flowpacked_designs/antibody/IgG_FP_0089.pdb,True,0,-12.2,1.1e-09,95,5.0,6.0,19.0,6.0,24.0,35.0,"[+] Executing 1 task(s) in total
##########################################
[+] Processing structure IgG_FP_0089_model0
[+] No. of intermolecular contacts: 95
[+] No. of charged-charged contacts: 5.0
[+] No. of charged-polar contacts: 6.0
[+] No. of charged-apolar contacts: 19.0
[+] No. of polar-polar contacts: 6.0
[+] No. of apolar-polar contacts: 24.0
[+] No. of apolar-apolar contacts: 35.0
[+] Percentage of apolar NIS residues: 41.07
[+] Percentage of charged NIS residues: 19.44
[++] Predicted binding affinity (kcal.mol-1):    -12.2
[++] Predicted dissociation constant (M) at 25.0˚C:  1.1e-09
",
IgG_FP_0090.pdb,/teams/YingChiLab_1702378116/MaishaZhang/PPIFlow-main/output/final_flowpacked_designs/antibody/IgG_FP_0090.pdb,True,0,-9.9,5.9e-08,64,5.0,11.0,18.0,1.0,10.0,19.0,"[+] Executing 1 task(s) in total
##########################################
[+] Processing structure IgG_FP_0090_model0
[+] No. of intermolecular contacts: 64
[+] No. of charged-charged contacts: 5.0
[+] No. of charged-polar contacts: 11.0
[+] No. of charged-apolar contacts: 18.0
[+] No. of polar-polar contacts: 1.0
[+] No. of apolar-polar contacts: 10.0
[+] No. of apolar-apolar contacts: 19.0
[+] Percentage of apolar NIS residues: 41.76
[+] Percentage of charged NIS residues: 19.02
[++] Predicted binding affinity (kcal.mol-1):     -9.9
[++] Predicted dissociation constant (M) at 25.0˚C:  5.9e-08
",
IgG_FP_0091.pdb,/teams/YingChiLab_1702378116/MaishaZhang/PPIFlow-main/output/final_flowpacked_designs/antibody/IgG_FP_0091.pdb,True,0,-11.2,6.6e-09,69,3.0,6.0,9.0,8.0,27.0,16.0,"[+] Executing 1 task(s) in total
##########################################
[+] Processing structure IgG_FP_0091_model0
[+] No. of intermolecular contacts: 69
[+] No. of charged-charged contacts: 3.0
[+] No. of charged-polar contacts: 6.0
[+] No. of charged-apolar contacts: 9.0
[+] No. of polar-polar contacts: 8.0
[+] No. of apolar-polar contacts: 27.0
[+] No. of apolar-apolar contacts: 16.0
[+] Percentage of apolar NIS residues: 42.11
[+] Percentage of charged NIS residues: 19.30
[++] Predicted binding affinity (kcal.mol-1):    -11.2
[++] Predicted dissociation constant (M) at 25.0˚C:  6.6e-09
",
IgG_FP_0092.pdb,/teams/YingChiLab_1702378116/MaishaZhang/PPIFlow-main/output/final_flowpacked_designs/antibody/IgG_FP_0092.pdb,True,0,-14.0,5.3e-11,81,0.0,10.0,17.0,7.0,36.0,11.0,"[+] Executing 1 task(s) in total
##########################################
[+] Processing structure IgG_FP_0092_model0
[+] No. of intermolecular contacts: 81
[+] No. of charged-charged contacts: 0.0
[+] No. of charged-polar contacts: 10.0
[+] No. of charged-apolar contacts: 17.0
[+] No. of polar-polar contacts: 7.0
[+] No. of apolar-polar contacts: 36.0
[+] No. of apolar-apolar contacts: 11.0
[+] Percentage of apolar NIS residues: 42.07
[+] Percentage of charged NIS residues: 18.59
[++] Predicted binding affinity (kcal.mol-1):    -14.0
[++] Predicted dissociation constant (M) at 25.0˚C:  5.3e-11
",
IgG_FP_0093.pdb,/teams/YingChiLab_1702378116/MaishaZhang/PPIFlow-main/output/final_flowpacked_designs/antibody/IgG_FP_0093.pdb,True,0,-9.5,1.1e-07,61,0.0,8.0,10.0,6.0,18.0,19.0,"[+] Executing 1 task(s) in total
##########################################
[+] Processing structure IgG_FP_0093_model0
[+] No. of intermolecular contacts: 61
[+] No. of charged-charged contacts: 0.0
[+] No. of charged-polar contacts: 8.0
[+] No. of charged-apolar contacts: 10.0
[+] No. of polar-polar contacts: 6.0
[+] No. of apolar-polar contacts: 18.0
[+] No. of apolar-apolar contacts: 19.0
[+] Percentage of apolar NIS residues: 41.73
[+] Percentage of charged NIS residues: 18.70
[++] Predicted binding affinity (kcal.mol-1):     -9.5
[++] Predicted dissociation constant (M) at 25.0˚C:  1.1e-07
",
IgG_FP_0094.pdb,/teams/YingChiLab_1702378116/MaishaZhang/PPIFlow-main/output/final_flowpacked_designs/antibody/IgG_FP_0094.pdb,True,0,-13.7,8.4e-11,93,13.0,12.0,20.0,7.0,28.0,13.0,"[+] Executing 1 task(s) in total
##########################################
[+] Processing structure IgG_FP_0094_model0
[+] No. of intermolecular contacts: 93
[+] No. of charged-charged contacts: 13.0
[+] No. of charged-polar contacts: 12.0
[+] No. of charged-apolar contacts: 20.0
[+] No. of polar-polar contacts: 7.0
[+] No. of apolar-polar contacts: 28.0
[+] No. of apolar-apolar contacts: 13.0
[+] Percentage of apolar NIS residues: 41.73
[+] Percentage of charged NIS residues: 18.95
[++] Predicted binding affinity (kcal.mol-1):    -13.7
[++] Predicted dissociation constant (M) at 25.0˚C:  8.4e-11
",
IgG_FP_0095.pdb,/teams/YingChiLab_1702378116/MaishaZhang/PPIFlow-main/output/final_flowpacked_designs/antibody/IgG_FP_0095.pdb,True,0,-9.3,1.6e-07,62,1.0,2.0,10.0,13.0,23.0,13.0,"[+] Executing 1 task(s) in total
##########################################
[+] Processing structure IgG_FP_0095_model0
[+] No. of intermolecular contacts: 62
[+] No. of charged-charged contacts: 1.0
[+] No. of charged-polar contacts: 2.0
[+] No. of charged-apolar contacts: 10.0
[+] No. of polar-polar contacts: 13.0
[+] No. of apolar-polar contacts: 23.0
[+] No. of apolar-apolar contacts: 13.0
[+] Percentage of apolar NIS residues: 41.78
[+] Percentage of charged NIS residues: 19.01
[++] Predicted binding affinity (kcal.mol-1):     -9.3
[++] Predicted dissociation constant (M) at 25.0˚C:  1.6e-07
",
IgG_FP_0096.pdb,/teams/YingChiLab_1702378116/MaishaZhang/PPIFlow-main/output/final_flowpacked_designs/antibody/IgG_FP_0096.pdb,True,0,-10.4,2.2e-08,82,1.0,15.0,10.0,12.0,27.0,17.0,"[+] Executing 1 task(s) in total
##########################################
[+] Processing structure IgG_FP_0096_model0
[+] No. of intermolecular contacts: 82
[+] No. of charged-charged contacts: 1.0
[+] No. of charged-polar contacts: 15.0
[+] No. of charged-apolar contacts: 10.0
[+] No. of polar-polar contacts: 12.0
[+] No. of apolar-polar contacts: 27.0
[+] No. of apolar-apolar contacts: 17.0
[+] Percentage of apolar NIS residues: 42.02
[+] Percentage of charged NIS residues: 18.29
[++] Predicted binding affinity (kcal.mol-1):    -10.4
[++] Predicted dissociation constant (M) at 25.0˚C:  2.2e-08
",
IgG_FP_0097.pdb,/teams/YingChiLab_1702378116/MaishaZhang/PPIFlow-main/output/final_flowpacked_designs/antibody/IgG_FP_0097.pdb,True,0,-13.2,2.0e-10,108,1.0,18.0,21.0,9.0,31.0,28.0,"[+] Executing 1 task(s) in total
##########################################
[+] Processing structure IgG_FP_0097_model0
[+] No. of intermolecular contacts: 108
[+] No. of charged-charged contacts: 1.0
[+] No. of charged-polar contacts: 18.0
[+] No. of charged-apolar contacts: 21.0
[+] No. of polar-polar contacts: 9.0
[+] No. of apolar-polar contacts: 31.0
[+] No. of apolar-apolar contacts: 28.0
[+] Percentage of apolar NIS residues: 40.43
[+] Percentage of charged NIS residues: 18.95
[++] Predicted binding affinity (kcal.mol-1):    -13.2
[++] Predicted dissociation constant (M) at 25.0˚C:  2.0e-10
",
IgG_FP_0098.pdb,/teams/YingChiLab_1702378116/MaishaZhang/PPIFlow-main/output/final_flowpacked_designs/antibody/IgG_FP_0098.pdb,True,0,-11.3,5.3e-09,66,3.0,3.0,13.0,7.0,24.0,16.0,"[+] Executing 1 task(s) in total
##########################################
[+] Processing structure IgG_FP_0098_model0
[+] No. of intermolecular contacts: 66
[+] No. of charged-charged contacts: 3.0
[+] No. of charged-polar contacts: 3.0
[+] No. of charged-apolar contacts: 13.0
[+] No. of polar-polar contacts: 7.0
[+] No. of apolar-polar contacts: 24.0
[+] No. of apolar-apolar contacts: 16.0
[+] Percentage of apolar NIS residues: 41.52
[+] Percentage of charged NIS residues: 18.52
[++] Predicted binding affinity (kcal.mol-1):    -11.3
[++] Predicted dissociation constant (M) at 25.0˚C:  5.3e-09
",
IgG_FP_0099.pdb,/teams/YingChiLab_1702378116/MaishaZhang/PPIFlow-main/output/final_flowpacked_designs/antibody/IgG_FP_0099.pdb,True,0,-8.6,5.0e-07,55,1.0,10.0,14.0,7.0,13.0,10.0,"[+] Executing 1 task(s) in total
##########################################
[+] Processing structure IgG_FP_0099_model0
[+] No. of intermolecular contacts: 55
[+] No. of charged-charged contacts: 1.0
[+] No. of charged-polar contacts: 10.0
[+] No. of charged-apolar contacts: 14.0
[+] No. of polar-polar contacts: 7.0
[+] No. of apolar-polar contacts: 13.0
[+] No. of apolar-apolar contacts: 10.0
[+] Percentage of apolar NIS residues: 41.81
[+] Percentage of charged NIS residues: 18.93
[++] Predicted binding affinity (kcal.mol-1):     -8.6
[++] Predicted dissociation constant (M) at 25.0˚C:  5.0e-07
",
IgG_FP_0100.pdb,/teams/YingChiLab_1702378116/MaishaZhang/PPIFlow-main/output/final_flowpacked_designs/antibody/IgG_FP_0100.pdb,True,0,-8.6,4.9e-07,46,1.0,7.0,8.0,4.0,13.0,13.0,"[+] Executing 1 task(s) in total
##########################################
[+] Processing structure IgG_FP_0100_model0
[+] No. of intermolecular contacts: 46
[+] No. of charged-charged contacts: 1.0
[+] No. of charged-polar contacts: 7.0
[+] No. of charged-apolar contacts: 8.0
[+] No. of polar-polar contacts: 4.0
[+] No. of apolar-polar contacts: 13.0
[+] No. of apolar-apolar contacts: 13.0
[+] Percentage of apolar NIS residues: 42.05
[+] Percentage of charged NIS residues: 18.41
[++] Predicted binding affinity (kcal.mol-1):     -8.6
[++] Predicted dissociation constant (M) at 25.0˚C:  4.9e-07
",
IgG_FP_0101.pdb,/teams/YingChiLab_1702378116/MaishaZhang/PPIFlow-main/output/final_flowpacked_designs/antibody/IgG_FP_0101.pdb,True,0,-10.7,1.4e-08,84,6.0,5.0,25.0,6.0,15.0,27.0,"[+] Executing 1 task(s) in total
##########################################
[+] Processing structure IgG_FP_0101_model0
[+] No. of intermolecular contacts: 84
[+] No. of charged-charged contacts: 6.0
[+] No. of charged-polar contacts: 5.0
[+] No. of charged-apolar contacts: 25.0
[+] No. of polar-polar contacts: 6.0
[+] No. of apolar-polar contacts: 15.0
[+] No. of apolar-apolar contacts: 27.0
[+] Percentage of apolar NIS residues: 42.32
[+] Percentage of charged NIS residues: 18.96
[++] Predicted binding affinity (kcal.mol-1):    -10.7
[++] Predicted dissociation constant (M) at 25.0˚C:  1.4e-08
",
IgG_FP_0102.pdb,/teams/YingChiLab_1702378116/MaishaZhang/PPIFlow-main/output/final_flowpacked_designs/antibody/IgG_FP_0102.pdb,True,0,-9.3,1.5e-07,71,2.0,8.0,6.0,10.0,22.0,23.0,"[+] Executing 1 task(s) in total
##########################################
[+] Processing structure IgG_FP_0102_model0
[+] No. of intermolecular contacts: 71
[+] No. of charged-charged contacts: 2.0
[+] No. of charged-polar contacts: 8.0
[+] No. of charged-apolar contacts: 6.0
[+] No. of polar-polar contacts: 10.0
[+] No. of apolar-polar contacts: 22.0
[+] No. of apolar-apolar contacts: 23.0
[+] Percentage of apolar NIS residues: 42.16
[+] Percentage of charged NIS residues: 18.63
[++] Predicted binding affinity (kcal.mol-1):     -9.3
[++] Predicted dissociation constant (M) at 25.0˚C:  1.5e-07
",
IgG_FP_0103.pdb,/teams/YingChiLab_1702378116/MaishaZhang/PPIFlow-main/output/final_flowpacked_designs/antibody/IgG_FP_0103.pdb,True,0,-9.0,2.7e-07,52,3.0,9.0,9.0,9.0,17.0,5.0,"[+] Executing 1 task(s) in total
##########################################
[+] Processing structure IgG_FP_0103_model0
[+] No. of intermolecular contacts: 52
[+] No. of charged-charged contacts: 3.0
[+] No. of charged-polar contacts: 9.0
[+] No. of charged-apolar contacts: 9.0
[+] No. of polar-polar contacts: 9.0
[+] No. of apolar-polar contacts: 17.0
[+] No. of apolar-apolar contacts: 5.0
[+] Percentage of apolar NIS residues: 41.29
[+] Percentage of charged NIS residues: 18.40
[++] Predicted binding affinity (kcal.mol-1):     -9.0
[++] Predicted dissociation constant (M) at 25.0˚C:  2.7e-07
",
IgG_FP_0104.pdb,/teams/YingChiLab_1702378116/MaishaZhang/PPIFlow-main/output/final_flowpacked_designs/antibody/IgG_FP_0104.pdb,True,0,-9.5,1.1e-07,63,5.0,5.0,17.0,4.0,12.0,20.0,"[+] Executing 1 task(s) in total
##########################################
[+] Processing structure IgG_FP_0104_model0
[+] No. of intermolecular contacts: 63
[+] No. of charged-charged contacts: 5.0
[+] No. of charged-polar contacts: 5.0
[+] No. of charged-apolar contacts: 17.0
[+] No. of polar-polar contacts: 4.0
[+] No. of apolar-polar contacts: 12.0
[+] No. of apolar-apolar contacts: 20.0
[+] Percentage of apolar NIS residues: 42.83
[+] Percentage of charged NIS residues: 18.47
[++] Predicted binding affinity (kcal.mol-1):     -9.5
[++] Predicted dissociation constant (M) at 25.0˚C:  1.1e-07
",
IgG_FP_0105.pdb,/teams/YingChiLab_1702378116/MaishaZhang/PPIFlow-main/output/final_flowpacked_designs/antibody/IgG_FP_0105.pdb,True,0,-9.6,9.1e-08,68,0.0,3.0,12.0,5.0,17.0,31.0,"[+] Executing 1 task(s) in total
##########################################
[+] Processing structure IgG_FP_0105_model0
[+] No. of intermolecular contacts: 68
[+] No. of charged-charged contacts: 0.0
[+] No. of charged-polar contacts: 3.0
[+] No. of charged-apolar contacts: 12.0
[+] No. of polar-polar contacts: 5.0
[+] No. of apolar-polar contacts: 17.0
[+] No. of apolar-apolar contacts: 31.0
[+] Percentage of apolar NIS residues: 41.63
[+] Percentage of charged NIS residues: 19.12
[++] Predicted binding affinity (kcal.mol-1):     -9.6
[++] Predicted dissociation constant (M) at 25.0˚C:  9.1e-08
",
IgG_FP_0106.pdb,/teams/YingChiLab_1702378116/MaishaZhang/PPIFlow-main/output/final_flowpacked_designs/antibody/IgG_FP_0106.pdb,True,0,-9.5,1.1e-07,80,3.0,11.0,20.0,13.0,18.0,15.0,"[+] Executing 1 task(s) in total
##########################################
[+] Processing structure IgG_FP_0106_model0
[+] No. of intermolecular contacts: 80
[+] No. of charged-charged contacts: 3.0
[+] No. of charged-polar contacts: 11.0
[+] No. of charged-apolar contacts: 20.0
[+] No. of polar-polar contacts: 13.0
[+] No. of apolar-polar contacts: 18.0
[+] No. of apolar-apolar contacts: 15.0
[+] Percentage of apolar NIS residues: 41.19
[+] Percentage of charged NIS residues: 18.61
[++] Predicted binding affinity (kcal.mol-1):     -9.5
[++] Predicted dissociation constant (M) at 25.0˚C:  1.1e-07
",
IgG_FP_0107.pdb,/teams/YingChiLab_1702378116/MaishaZhang/PPIFlow-main/output/final_flowpacked_designs/antibody/IgG_FP_0107.pdb,True,0,-11.7,2.5e-09,71,0.0,7.0,10.0,9.0,30.0,15.0,"[+] Executing 1 task(s) in total
##########################################
[+] Processing structure IgG_FP_0107_model0
[+] No. of intermolecular contacts: 71
[+] No. of charged-charged contacts: 0.0
[+] No. of charged-polar contacts: 7.0
[+] No. of charged-apolar contacts: 10.0
[+] No. of polar-polar contacts: 9.0
[+] No. of apolar-polar contacts: 30.0
[+] No. of apolar-apolar contacts: 15.0
[+] Percentage of apolar NIS residues: 41.12
[+] Percentage of charged NIS residues: 18.56
[++] Predicted binding affinity (kcal.mol-1):    -11.7
[++] Predicted dissociation constant (M) at 25.0˚C:  2.5e-09
",
IgG_FP_0108.pdb,/teams/YingChiLab_1702378116/MaishaZhang/PPIFlow-main/output/final_flowpacked_designs/antibody/IgG_FP_0108.pdb,True,0,-10.0,4.8e-08,61,1.0,7.0,19.0,1.0,12.0,21.0,"[+] Executing 1 task(s) in total
##########################################
[+] Processing structure IgG_FP_0108_model0
[+] No. of intermolecular contacts: 61
[+] No. of charged-charged contacts: 1.0
[+] No. of charged-polar contacts: 7.0
[+] No. of charged-apolar contacts: 19.0
[+] No. of polar-polar contacts: 1.0
[+] No. of apolar-polar contacts: 12.0
[+] No. of apolar-apolar contacts: 21.0
[+] Percentage of apolar NIS residues: 41.73
[+] Percentage of charged NIS residues: 19.49
[++] Predicted binding affinity (kcal.mol-1):    -10.0
[++] Predicted dissociation constant (M) at 25.0˚C:  4.8e-08
",
IgG_FP_0109.pdb,/teams/YingChiLab_1702378116/MaishaZhang/PPIFlow-main/output/final_flowpacked_designs/antibody/IgG_FP_0109.pdb,True,0,-9.5,1.0e-07,77,4.0,7.0,12.0,11.0,21.0,22.0,"[+] Executing 1 task(s) in total
##########################################
[+] Processing structure IgG_FP_0109_model0
[+] No. of intermolecular contacts: 77
[+] No. of charged-charged contacts: 4.0
[+] No. of charged-polar contacts: 7.0
[+] No. of charged-apolar contacts: 12.0
[+] No. of polar-polar contacts: 11.0
[+] No. of apolar-polar contacts: 21.0
[+] No. of apolar-apolar contacts: 22.0
[+] Percentage of apolar NIS residues: 42.12
[+] Percentage of charged NIS residues: 19.76
[++] Predicted binding affinity (kcal.mol-1):     -9.5
[++] Predicted dissociation constant (M) at 25.0˚C:  1.0e-07
",
IgG_FP_0110.pdb,/teams/YingChiLab_1702378116/MaishaZhang/PPIFlow-main/output/final_flowpacked_designs/antibody/IgG_FP_0110.pdb,True,0,-10.2,3.5e-08,106,1.0,20.0,14.0,21.0,32.0,18.0,"[+] Executing 1 task(s) in total
##########################################
[+] Processing structure IgG_FP_0110_model0
[+] No. of intermolecular contacts: 106
[+] No. of charged-charged contacts: 1.0
[+] No. of charged-polar contacts: 20.0
[+] No. of charged-apolar contacts: 14.0
[+] No. of polar-polar contacts: 21.0
[+] No. of apolar-polar contacts: 32.0
[+] No. of apolar-apolar contacts: 18.0
[+] Percentage of apolar NIS residues: 42.05
[+] Percentage of charged NIS residues: 18.51
[++] Predicted binding affinity (kcal.mol-1):    -10.2
[++] Predicted dissociation constant (M) at 25.0˚C:  3.5e-08
",
IgG_FP_0111.pdb,/teams/YingChiLab_1702378116/MaishaZhang/PPIFlow-main/output/final_flowpacked_designs/antibody/IgG_FP_0111.pdb,True,0,-11.2,6.1e-09,80,4.0,11.0,18.0,8.0,22.0,17.0,"[+] Executing 1 task(s) in total
##########################################
[+] Processing structure IgG_FP_0111_model0
[+] No. of intermolecular contacts: 80
[+] No. of charged-charged contacts: 4.0
[+] No. of charged-polar contacts: 11.0
[+] No. of charged-apolar contacts: 18.0
[+] No. of polar-polar contacts: 8.0
[+] No. of apolar-polar contacts: 22.0
[+] No. of apolar-apolar contacts: 17.0
[+] Percentage of apolar NIS residues: 41.78
[+] Percentage of charged NIS residues: 18.42
[++] Predicted binding affinity (kcal.mol-1):    -11.2
[++] Predicted dissociation constant (M) at 25.0˚C:  6.1e-09
",
IgG_FP_0112.pdb,/teams/YingChiLab_1702378116/MaishaZhang/PPIFlow-main/output/final_flowpacked_designs/antibody/IgG_FP_0112.pdb,True,0,-12.8,4.1e-10,73,6.0,11.0,11.0,4.0,28.0,13.0,"[+] Executing 1 task(s) in total
##########################################
[+] Processing structure IgG_FP_0112_model0
[+] No. of intermolecular contacts: 73
[+] No. of charged-charged contacts: 6.0
[+] No. of charged-polar contacts: 11.0
[+] No. of charged-apolar contacts: 11.0
[+] No. of polar-polar contacts: 4.0
[+] No. of apolar-polar contacts: 28.0
[+] No. of apolar-apolar contacts: 13.0
[+] Percentage of apolar NIS residues: 41.14
[+] Percentage of charged NIS residues: 19.49
[++] Predicted binding affinity (kcal.mol-1):    -12.8
[++] Predicted dissociation constant (M) at 25.0˚C:  4.1e-10
",
IgG_FP_0113.pdb,/teams/YingChiLab_1702378116/MaishaZhang/PPIFlow-main/output/final_flowpacked_designs/antibody/IgG_FP_0113.pdb,True,0,-10.6,1.7e-08,62,0.0,3.0,8.0,3.0,21.0,27.0,"[+] Executing 1 task(s) in total
##########################################
[+] Processing structure IgG_FP_0113_model0
[+] No. of intermolecular contacts: 62
[+] No. of charged-charged contacts: 0.0
[+] No. of charged-polar contacts: 3.0
[+] No. of charged-apolar contacts: 8.0
[+] No. of polar-polar contacts: 3.0
[+] No. of apolar-polar contacts: 21.0
[+] No. of apolar-apolar contacts: 27.0
[+] Percentage of apolar NIS residues: 41.55
[+] Percentage of charged NIS residues: 18.64
[++] Predicted binding affinity (kcal.mol-1):    -10.6
[++] Predicted dissociation constant (M) at 25.0˚C:  1.7e-08
",
IgG_FP_0114.pdb,/teams/YingChiLab_1702378116/MaishaZhang/PPIFlow-main/output/final_flowpacked_designs/antibody/IgG_FP_0114.pdb,True,0,-10.5,1.9e-08,72,1.0,5.0,14.0,6.0,20.0,26.0,"[+] Executing 1 task(s) in total
##########################################
[+] Processing structure IgG_FP_0114_model0
[+] No. of intermolecular contacts: 72
[+] No. of charged-charged contacts: 1.0
[+] No. of charged-polar contacts: 5.0
[+] No. of charged-apolar contacts: 14.0
[+] No. of polar-polar contacts: 6.0
[+] No. of apolar-polar contacts: 20.0
[+] No. of apolar-apolar contacts: 26.0
[+] Percentage of apolar NIS residues: 40.91
[+] Percentage of charged NIS residues: 18.97
[++] Predicted binding affinity (kcal.mol-1):    -10.5
[++] Predicted dissociation constant (M) at 25.0˚C:  1.9e-08
",
IgG_FP_0115.pdb,/teams/YingChiLab_1702378116/MaishaZhang/PPIFlow-main/output/final_flowpacked_designs/antibody/IgG_FP_0115.pdb,True,0,-12.4,8.4e-10,99,4.0,5.0,20.0,13.0,30.0,27.0,"[+] Executing 1 task(s) in total
##########################################
[+] Processing structure IgG_FP_0115_model0
[+] No. of intermolecular contacts: 99
[+] No. of charged-charged contacts: 4.0
[+] No. of charged-polar contacts: 5.0
[+] No. of charged-apolar contacts: 20.0
[+] No. of polar-polar contacts: 13.0
[+] No. of apolar-polar contacts: 30.0
[+] No. of apolar-apolar contacts: 27.0
[+] Percentage of apolar NIS residues: 40.90
[+] Percentage of charged NIS residues: 18.59
[++] Predicted binding affinity (kcal.mol-1):    -12.4
[++] Predicted dissociation constant (M) at 25.0˚C:  8.4e-10
",
IgG_FP_0116.pdb,/teams/YingChiLab_1702378116/MaishaZhang/PPIFlow-main/output/final_flowpacked_designs/antibody/IgG_FP_0116.pdb,True,0,-11.7,2.6e-09,91,0.0,26.0,20.0,7.0,24.0,14.0,"[+] Executing 1 task(s) in total
##########################################
[+] Processing structure IgG_FP_0116_model0
[+] No. of intermolecular contacts: 91
[+] No. of charged-charged contacts: 0.0
[+] No. of charged-polar contacts: 26.0
[+] No. of charged-apolar contacts: 20.0
[+] No. of polar-polar contacts: 7.0
[+] No. of apolar-polar contacts: 24.0
[+] No. of apolar-apolar contacts: 14.0
[+] Percentage of apolar NIS residues: 41.62
[+] Percentage of charged NIS residues: 18.34
[++] Predicted binding affinity (kcal.mol-1):    -11.7
[++] Predicted dissociation constant (M) at 25.0˚C:  2.6e-09
",
IgG_FP_0117.pdb,/teams/YingChiLab_1702378116/MaishaZhang/PPIFlow-main/output/final_flowpacked_designs/antibody/IgG_FP_0117.pdb,True,0,-12.0,1.6e-09,76,5.0,13.0,16.0,5.0,24.0,13.0,"[+] Executing 1 task(s) in total
##########################################
[+] Processing structure IgG_FP_0117_model0
[+] No. of intermolecular contacts: 76
[+] No. of charged-charged contacts: 5.0
[+] No. of charged-polar contacts: 13.0
[+] No. of charged-apolar contacts: 16.0
[+] No. of polar-polar contacts: 5.0
[+] No. of apolar-polar contacts: 24.0
[+] No. of apolar-apolar contacts: 13.0
[+] Percentage of apolar NIS residues: 41.58
[+] Percentage of charged NIS residues: 19.80
[++] Predicted binding affinity (kcal.mol-1):    -12.0
[++] Predicted dissociation constant (M) at 25.0˚C:  1.6e-09
",
IgG_FP_0118.pdb,/teams/YingChiLab_1702378116/MaishaZhang/PPIFlow-main/output/final_flowpacked_designs/antibody/IgG_FP_0118.pdb,True,0,-9.7,8.3e-08,84,0.0,4.0,19.0,5.0,14.0,42.0,"[+] Executing 1 task(s) in total
##########################################
[+] Processing structure IgG_FP_0118_model0
[+] No. of intermolecular contacts: 84
[+] No. of charged-charged contacts: 0.0
[+] No. of charged-polar contacts: 4.0
[+] No. of charged-apolar contacts: 19.0
[+] No. of polar-polar contacts: 5.0
[+] No. of apolar-polar contacts: 14.0
[+] No. of apolar-apolar contacts: 42.0
[+] Percentage of apolar NIS residues: 41.62
[+] Percentage of charged NIS residues: 18.93
[++] Predicted binding affinity (kcal.mol-1):     -9.7
[++] Predicted dissociation constant (M) at 25.0˚C:  8.3e-08
",
IgG_FP_0119.pdb,/teams/YingChiLab_1702378116/MaishaZhang/PPIFlow-main/output/final_flowpacked_designs/antibody/IgG_FP_0119.pdb,True,0,-10.7,1.5e-08,52,1.0,9.0,7.0,3.0,22.0,10.0,"[+] Executing 1 task(s) in total
##########################################
[+] Processing structure IgG_FP_0119_model0
[+] No. of intermolecular contacts: 52
[+] No. of charged-charged contacts: 1.0
[+] No. of charged-polar contacts: 9.0
[+] No. of charged-apolar contacts: 7.0
[+] No. of polar-polar contacts: 3.0
[+] No. of apolar-polar contacts: 22.0
[+] No. of apolar-apolar contacts: 10.0
[+] Percentage of apolar NIS residues: 42.02
[+] Percentage of charged NIS residues: 19.07
[++] Predicted binding affinity (kcal.mol-1):    -10.7
[++] Predicted dissociation constant (M) at 25.0˚C:  1.5e-08
",
IgG_FP_0120.pdb,/teams/YingChiLab_1702378116/MaishaZhang/PPIFlow-main/output/final_flowpacked_designs/antibody/IgG_FP_0120.pdb,True,0,-9.5,1.1e-07,80,12.0,7.0,24.0,8.0,9.0,20.0,"[+] Executing 1 task(s) in total
##########################################
[+] Processing structure IgG_FP_0120_model0
[+] No. of intermolecular contacts: 80
[+] No. of charged-charged contacts: 12.0
[+] No. of charged-polar contacts: 7.0
[+] No. of charged-apolar contacts: 24.0
[+] No. of polar-polar contacts: 8.0
[+] No. of apolar-polar contacts: 9.0
[+] No. of apolar-apolar contacts: 20.0
[+] Percentage of apolar NIS residues: 41.63
[+] Percentage of charged NIS residues: 19.32
[++] Predicted binding affinity (kcal.mol-1):     -9.5
[++] Predicted dissociation constant (M) at 25.0˚C:  1.1e-07
",
IgG_FP_0121.pdb,/teams/YingChiLab_1702378116/MaishaZhang/PPIFlow-main/output/final_flowpacked_designs/antibody/IgG_FP_0121.pdb,True,0,-11.7,2.4e-09,81,1.0,13.0,6.0,6.0,30.0,25.0,"[+] Executing 1 task(s) in total
##########################################
[+] Processing structure IgG_FP_0121_model0
[+] No. of intermolecular contacts: 81
[+] No. of charged-charged contacts: 1.0
[+] No. of charged-polar contacts: 13.0
[+] No. of charged-apolar contacts: 6.0
[+] No. of polar-polar contacts: 6.0
[+] No. of apolar-polar contacts: 30.0
[+] No. of apolar-apolar contacts: 25.0
[+] Percentage of apolar NIS residues: 41.82
[+] Percentage of charged NIS residues: 19.60
[++] Predicted binding affinity (kcal.mol-1):    -11.7
[++] Predicted dissociation constant (M) at 25.0˚C:  2.4e-09
",
IgG_FP_0122.pdb,/teams/YingChiLab_1702378116/MaishaZhang/PPIFlow-main/output/final_flowpacked_designs/antibody/IgG_FP_0122.pdb,True,0,-11.3,5.3e-09,58,3.0,9.0,13.0,4.0,22.0,7.0,"[+] Executing 1 task(s) in total
##########################################
[+] Processing structure IgG_FP_0122_model0
[+] No. of intermolecular contacts: 58
[+] No. of charged-charged contacts: 3.0
[+] No. of charged-polar contacts: 9.0
[+] No. of charged-apolar contacts: 13.0
[+] No. of polar-polar contacts: 4.0
[+] No. of apolar-polar contacts: 22.0
[+] No. of apolar-apolar contacts: 7.0
[+] Percentage of apolar NIS residues: 41.55
[+] Percentage of charged NIS residues: 19.48
[++] Predicted binding affinity (kcal.mol-1):    -11.3
[++] Predicted dissociation constant (M) at 25.0˚C:  5.3e-09
",
IgG_FP_0123.pdb,/teams/YingChiLab_1702378116/MaishaZhang/PPIFlow-main/output/final_flowpacked_designs/antibody/IgG_FP_0123.pdb,True,0,-11.2,5.7e-09,58,1.0,8.0,9.0,3.0,24.0,13.0,"[+] Executing 1 task(s) in total
##########################################
[+] Processing structure IgG_FP_0123_model0
[+] No. of intermolecular contacts: 58
[+] No. of charged-charged contacts: 1.0
[+] No. of charged-polar contacts: 8.0
[+] No. of charged-apolar contacts: 9.0
[+] No. of polar-polar contacts: 3.0
[+] No. of apolar-polar contacts: 24.0
[+] No. of apolar-apolar contacts: 13.0
[+] Percentage of apolar NIS residues: 42.77
[+] Percentage of charged NIS residues: 18.55
[++] Predicted binding affinity (kcal.mol-1):    -11.2
[++] Predicted dissociation constant (M) at 25.0˚C:  5.7e-09
",
IgG_FP_0124.pdb,/teams/YingChiLab_1702378116/MaishaZhang/PPIFlow-main/output/final_flowpacked_designs/antibody/IgG_FP_0124.pdb,True,0,-10.2,3.6e-08,65,3.0,8.0,19.0,7.0,17.0,11.0,"[+] Executing 1 task(s) in total
##########################################
[+] Processing structure IgG_FP_0124_model0
[+] No. of intermolecular contacts: 65
[+] No. of charged-charged contacts: 3.0
[+] No. of charged-polar contacts: 8.0
[+] No. of charged-apolar contacts: 19.0
[+] No. of polar-polar contacts: 7.0
[+] No. of apolar-polar contacts: 17.0
[+] No. of apolar-apolar contacts: 11.0
[+] Percentage of apolar NIS residues: 41.47
[+] Percentage of charged NIS residues: 19.64
[++] Predicted binding affinity (kcal.mol-1):    -10.2
[++] Predicted dissociation constant (M) at 25.0˚C:  3.6e-08
",
IgG_FP_0125.pdb,/teams/YingChiLab_1702378116/MaishaZhang/PPIFlow-main/output/final_flowpacked_designs/antibody/IgG_FP_0125.pdb,True,0,-10.1,4.2e-08,71,0.0,8.0,7.0,10.0,25.0,21.0,"[+] Executing 1 task(s) in total
##########################################
[+] Processing structure IgG_FP_0125_model0
[+] No. of intermolecular contacts: 71
[+] No. of charged-charged contacts: 0.0
[+] No. of charged-polar contacts: 8.0
[+] No. of charged-apolar contacts: 7.0
[+] No. of polar-polar contacts: 10.0
[+] No. of apolar-polar contacts: 25.0
[+] No. of apolar-apolar contacts: 21.0
[+] Percentage of apolar NIS residues: 41.11
[+] Percentage of charged NIS residues: 18.97
[++] Predicted binding affinity (kcal.mol-1):    -10.1
[++] Predicted dissociation constant (M) at 25.0˚C:  4.2e-08
",
IgG_FP_0126.pdb,/teams/YingChiLab_1702378116/MaishaZhang/PPIFlow-main/output/final_flowpacked_designs/antibody/IgG_FP_0126.pdb,True,0,-10.4,2.3e-08,70,5.0,9.0,19.0,5.0,16.0,16.0,"[+] Executing 1 task(s) in total
##########################################
[+] Processing structure IgG_FP_0126_model0
[+] No. of intermolecular contacts: 70
[+] No. of charged-charged contacts: 5.0
[+] No. of charged-polar contacts: 9.0
[+] No. of charged-apolar contacts: 19.0
[+] No. of polar-polar contacts: 5.0
[+] No. of apolar-polar contacts: 16.0
[+] No. of apolar-apolar contacts: 16.0
[+] Percentage of apolar NIS residues: 42.19
[+] Percentage of charged NIS residues: 19.34
[++] Predicted binding affinity (kcal.mol-1):    -10.4
[++] Predicted dissociation constant (M) at 25.0˚C:  2.3e-08
",
IgG_FP_0127.pdb,/teams/YingChiLab_1702378116/MaishaZhang/PPIFlow-main/output/final_flowpacked_designs/antibody/IgG_FP_0127.pdb,True,0,-12.8,4.3e-10,91,4.0,9.0,8.0,6.0,31.0,33.0,"[+] Executing 1 task(s) in total
##########################################
[+] Processing structure IgG_FP_0127_model0
[+] No. of intermolecular contacts: 91
[+] No. of charged-charged contacts: 4.0
[+] No. of charged-polar contacts: 9.0
[+] No. of charged-apolar contacts: 8.0
[+] No. of polar-polar contacts: 6.0
[+] No. of apolar-polar contacts: 31.0
[+] No. of apolar-apolar contacts: 33.0
[+] Percentage of apolar NIS residues: 40.67
[+] Percentage of charged NIS residues: 18.85
[++] Predicted binding affinity (kcal.mol-1):    -12.8
[++] Predicted dissociation constant (M) at 25.0˚C:  4.3e-10
",
IgG_FP_0128.pdb,/teams/YingChiLab_1702378116/MaishaZhang/PPIFlow-main/output/final_flowpacked_designs/antibody/IgG_FP_0128.pdb,True,0,-11.6,3.0e-09,69,4.0,12.0,13.0,1.0,20.0,19.0,"[+] Executing 1 task(s) in total
##########################################
[+] Processing structure IgG_FP_0128_model0
[+] No. of intermolecular contacts: 69
[+] No. of charged-charged contacts: 4.0
[+] No. of charged-polar contacts: 12.0
[+] No. of charged-apolar contacts: 13.0
[+] No. of polar-polar contacts: 1.0
[+] No. of apolar-polar contacts: 20.0
[+] No. of apolar-apolar contacts: 19.0
[+] Percentage of apolar NIS residues: 41.24
[+] Percentage of charged NIS residues: 19.12
[++] Predicted binding affinity (kcal.mol-1):    -11.6
[++] Predicted dissociation constant (M) at 25.0˚C:  3.0e-09
",
IgG_FP_0129.pdb,/teams/YingChiLab_1702378116/MaishaZhang/PPIFlow-main/output/final_flowpacked_designs/antibody/IgG_FP_0129.pdb,True,0,-12.1,1.4e-09,79,1.0,10.0,10.0,10.0,32.0,16.0,"[+] Executing 1 task(s) in total
##########################################
[+] Processing structure IgG_FP_0129_model0
[+] No. of intermolecular contacts: 79
[+] No. of charged-charged contacts: 1.0
[+] No. of charged-polar contacts: 10.0
[+] No. of charged-apolar contacts: 10.0
[+] No. of polar-polar contacts: 10.0
[+] No. of apolar-polar contacts: 32.0
[+] No. of apolar-apolar contacts: 16.0
[+] Percentage of apolar NIS residues: 40.85
[+] Percentage of charged NIS residues: 19.11
[++] Predicted binding affinity (kcal.mol-1):    -12.1
[++] Predicted dissociation constant (M) at 25.0˚C:  1.4e-09
",
IgG_FP_0130.pdb,/teams/YingChiLab_1702378116/MaishaZhang/PPIFlow-main/output/final_flowpacked_designs/antibody/IgG_FP_0130.pdb,True,0,-11.0,8.6e-09,80,9.0,11.0,14.0,6.0,20.0,20.0,"[+] Executing 1 task(s) in total
##########################################
[+] Processing structure IgG_FP_0130_model0
[+] No. of intermolecular contacts: 80
[+] No. of charged-charged contacts: 9.0
[+] No. of charged-polar contacts: 11.0
[+] No. of charged-apolar contacts: 14.0
[+] No. of polar-polar contacts: 6.0
[+] No. of apolar-polar contacts: 20.0
[+] No. of apolar-apolar contacts: 20.0
[+] Percentage of apolar NIS residues: 42.07
[+] Percentage of charged NIS residues: 19.57
[++] Predicted binding affinity (kcal.mol-1):    -11.0
[++] Predicted dissociation constant (M) at 25.0˚C:  8.6e-09
",
IgG_FP_0131.pdb,/teams/YingChiLab_1702378116/MaishaZhang/PPIFlow-main/output/final_flowpacked_designs/antibody/IgG_FP_0131.pdb,True,0,-9.2,1.7e-07,57,1.0,8.0,6.0,6.0,18.0,18.0,"[+] Executing 1 task(s) in total
##########################################
[+] Processing structure IgG_FP_0131_model0
[+] No. of intermolecular contacts: 57
[+] No. of charged-charged contacts: 1.0
[+] No. of charged-polar contacts: 8.0
[+] No. of charged-apolar contacts: 6.0
[+] No. of polar-polar contacts: 6.0
[+] No. of apolar-polar contacts: 18.0
[+] No. of apolar-apolar contacts: 18.0
[+] Percentage of apolar NIS residues: 41.27
[+] Percentage of charged NIS residues: 18.85
[++] Predicted binding affinity (kcal.mol-1):     -9.2
[++] Predicted dissociation constant (M) at 25.0˚C:  1.7e-07
",
IgG_FP_0132.pdb,/teams/YingChiLab_1702378116/MaishaZhang/PPIFlow-main/output/final_flowpacked_designs/antibody/IgG_FP_0132.pdb,True,0,-9.9,5.5e-08,73,1.0,9.0,7.0,11.0,25.0,20.0,"[+] Executing 1 task(s) in total
##########################################
[+] Processing structure IgG_FP_0132_model0
[+] No. of intermolecular contacts: 73
[+] No. of charged-charged contacts: 1.0
[+] No. of charged-polar contacts: 9.0
[+] No. of charged-apolar contacts: 7.0
[+] No. of polar-polar contacts: 11.0
[+] No. of apolar-polar contacts: 25.0
[+] No. of apolar-apolar contacts: 20.0
[+] Percentage of apolar NIS residues: 41.73
[+] Percentage of charged NIS residues: 18.50
[++] Predicted binding affinity (kcal.mol-1):     -9.9
[++] Predicted dissociation constant (M) at 25.0˚C:  5.5e-08
",
IgG_FP_0133.pdb,/teams/YingChiLab_1702378116/MaishaZhang/PPIFlow-main/output/final_flowpacked_designs/antibody/IgG_FP_0133.pdb,True,0,-10.6,1.8e-08,63,1.0,11.0,8.0,4.0,21.0,18.0,"[+] Executing 1 task(s) in total
##########################################
[+] Processing structure IgG_FP_0133_model0
[+] No. of intermolecular contacts: 63
[+] No. of charged-charged contacts: 1.0
[+] No. of charged-polar contacts: 11.0
[+] No. of charged-apolar contacts: 8.0
[+] No. of polar-polar contacts: 4.0
[+] No. of apolar-polar contacts: 21.0
[+] No. of apolar-apolar contacts: 18.0
[+] Percentage of apolar NIS residues: 41.19
[+] Percentage of charged NIS residues: 18.61
[++] Predicted binding affinity (kcal.mol-1):    -10.6
[++] Predicted dissociation constant (M) at 25.0˚C:  1.8e-08
",
IgG_FP_0134.pdb,/teams/YingChiLab_1702378116/MaishaZhang/PPIFlow-main/output/final_flowpacked_designs/antibody/IgG_FP_0134.pdb,True,0,-12.5,6.7e-10,86,2.0,7.0,14.0,12.0,33.0,18.0,"[+] Executing 1 task(s) in total
##########################################
[+] Processing structure IgG_FP_0134_model0
[+] No. of intermolecular contacts: 86
[+] No. of charged-charged contacts: 2.0
[+] No. of charged-polar contacts: 7.0
[+] No. of charged-apolar contacts: 14.0
[+] No. of polar-polar contacts: 12.0
[+] No. of apolar-polar contacts: 33.0
[+] No. of apolar-apolar contacts: 18.0
[+] Percentage of apolar NIS residues: 40.52
[+] Percentage of charged NIS residues: 18.76
[++] Predicted binding affinity (kcal.mol-1):    -12.5
[++] Predicted dissociation constant (M) at 25.0˚C:  6.7e-10
",
IgG_FP_0135.pdb,/teams/YingChiLab_1702378116/MaishaZhang/PPIFlow-main/output/final_flowpacked_designs/antibody/IgG_FP_0135.pdb,True,0,-10.1,3.7e-08,76,6.0,8.0,16.0,7.0,17.0,22.0,"[+] Executing 1 task(s) in total
##########################################
[+] Processing structure IgG_FP_0135_model0
[+] No. of intermolecular contacts: 76
[+] No. of charged-charged contacts: 6.0
[+] No. of charged-polar contacts: 8.0
[+] No. of charged-apolar contacts: 16.0
[+] No. of polar-polar contacts: 7.0
[+] No. of apolar-polar contacts: 17.0
[+] No. of apolar-apolar contacts: 22.0
[+] Percentage of apolar NIS residues: 41.43
[+] Percentage of charged NIS residues: 19.72
[++] Predicted binding affinity (kcal.mol-1):    -10.1
[++] Predicted dissociation constant (M) at 25.0˚C:  3.7e-08
",
IgG_FP_0136.pdb,/teams/YingChiLab_1702378116/MaishaZhang/PPIFlow-main/output/final_flowpacked_designs/antibody/IgG_FP_0136.pdb,True,0,-12.2,1.2e-09,77,2.0,6.0,8.0,6.0,30.0,25.0,"[+] Executing 1 task(s) in total
##########################################
[+] Processing structure IgG_FP_0136_model0
[+] No. of intermolecular contacts: 77
[+] No. of charged-charged contacts: 2.0
[+] No. of charged-polar contacts: 6.0
[+] No. of charged-apolar contacts: 8.0
[+] No. of polar-polar contacts: 6.0
[+] No. of apolar-polar contacts: 30.0
[+] No. of apolar-apolar contacts: 25.0
[+] Percentage of apolar NIS residues: 41.37
[+] Percentage of charged NIS residues: 19.22
[++] Predicted binding affinity (kcal.mol-1):    -12.2
[++] Predicted dissociation constant (M) at 25.0˚C:  1.2e-09
",
IgG_FP_0137.pdb,/teams/YingChiLab_1702378116/MaishaZhang/PPIFlow-main/output/final_flowpacked_designs/antibody/IgG_FP_0137.pdb,True,0,-10.8,1.2e-08,82,8.0,7.0,20.0,4.0,14.0,29.0,"[+] Executing 1 task(s) in total
##########################################
[+] Processing structure IgG_FP_0137_model0
[+] No. of intermolecular contacts: 82
[+] No. of charged-charged contacts: 8.0
[+] No. of charged-polar contacts: 7.0
[+] No. of charged-apolar contacts: 20.0
[+] No. of polar-polar contacts: 4.0
[+] No. of apolar-polar contacts: 14.0
[+] No. of apolar-apolar contacts: 29.0
[+] Percentage of apolar NIS residues: 40.70
[+] Percentage of charged NIS residues: 19.38
[++] Predicted binding affinity (kcal.mol-1):    -10.8
[++] Predicted dissociation constant (M) at 25.0˚C:  1.2e-08
",
IgG_FP_0138.pdb,/teams/YingChiLab_1702378116/MaishaZhang/PPIFlow-main/output/final_flowpacked_designs/antibody/IgG_FP_0138.pdb,True,0,-12.6,5.3e-10,91,4.0,7.0,17.0,8.0,29.0,26.0,"[+] Executing 1 task(s) in total
##########################################
[+] Processing structure IgG_FP_0138_model0
[+] No. of intermolecular contacts: 91
[+] No. of charged-charged contacts: 4.0
[+] No. of charged-polar contacts: 7.0
[+] No. of charged-apolar contacts: 17.0
[+] No. of polar-polar contacts: 8.0
[+] No. of apolar-polar contacts: 29.0
[+] No. of apolar-apolar contacts: 26.0
[+] Percentage of apolar NIS residues: 41.77
[+] Percentage of charged NIS residues: 18.67
[++] Predicted binding affinity (kcal.mol-1):    -12.6
[++] Predicted dissociation constant (M) at 25.0˚C:  5.3e-10
",
IgG_FP_0139.pdb,/teams/YingChiLab_1702378116/MaishaZhang/PPIFlow-main/output/final_flowpacked_designs/antibody/IgG_FP_0139.pdb,True,0,-10.9,1.0e-08,69,5.0,13.0,18.0,4.0,17.0,12.0,"[+] Executing 1 task(s) in total
##########################################
[+] Processing structure IgG_FP_0139_model0
[+] No. of intermolecular contacts: 69
[+] No. of charged-charged contacts: 5.0
[+] No. of charged-polar contacts: 13.0
[+] No. of charged-apolar contacts: 18.0
[+] No. of polar-polar contacts: 4.0
[+] No. of apolar-polar contacts: 17.0
[+] No. of apolar-apolar contacts: 12.0
[+] Percentage of apolar NIS residues: 41.42
[+] Percentage of charged NIS residues: 19.33
[++] Predicted binding affinity (kcal.mol-1):    -10.9
[++] Predicted dissociation constant (M) at 25.0˚C:  1.0e-08
",
IgG_FP_0140.pdb,/teams/YingChiLab_1702378116/MaishaZhang/PPIFlow-main/output/final_flowpacked_designs/antibody/IgG_FP_0140.pdb,True,0,-11.5,3.9e-09,94,1.0,15.0,17.0,5.0,22.0,34.0,"[+] Executing 1 task(s) in total
##########################################
[+] Processing structure IgG_FP_0140_model0
[+] No. of intermolecular contacts: 94
[+] No. of charged-charged contacts: 1.0
[+] No. of charged-polar contacts: 15.0
[+] No. of charged-apolar contacts: 17.0
[+] No. of polar-polar contacts: 5.0
[+] No. of apolar-polar contacts: 22.0
[+] No. of apolar-apolar contacts: 34.0
[+] Percentage of apolar NIS residues: 41.54
[+] Percentage of charged NIS residues: 18.31
[++] Predicted binding affinity (kcal.mol-1):    -11.5
[++] Predicted dissociation constant (M) at 25.0˚C:  3.9e-09
",
IgG_FP_0141.pdb,/teams/YingChiLab_1702378116/MaishaZhang/PPIFlow-main/output/final_flowpacked_designs/antibody/IgG_FP_0141.pdb,True,0,-11.4,4.5e-09,61,2.0,5.0,8.0,3.0,23.0,20.0,"[+] Executing 1 task(s) in total
##########################################
[+] Processing structure IgG_FP_0141_model0
[+] No. of intermolecular contacts: 61
[+] No. of charged-charged contacts: 2.0
[+] No. of charged-polar contacts: 5.0
[+] No. of charged-apolar contacts: 8.0
[+] No. of polar-polar contacts: 3.0
[+] No. of apolar-polar contacts: 23.0
[+] No. of apolar-apolar contacts: 20.0
[+] Percentage of apolar NIS residues: 40.89
[+] Percentage of charged NIS residues: 18.41
[++] Predicted binding affinity (kcal.mol-1):    -11.4
[++] Predicted dissociation constant (M) at 25.0˚C:  4.5e-09
",
IgG_FP_0142.pdb,/teams/YingChiLab_1702378116/MaishaZhang/PPIFlow-main/output/final_flowpacked_designs/antibody/IgG_FP_0142.pdb,True,0,-13.3,1.9e-10,85,8.0,7.0,25.0,3.0,22.0,20.0,"[+] Executing 1 task(s) in total
##########################################
[+] Processing structure IgG_FP_0142_model0
[+] No. of intermolecular contacts: 85
[+] No. of charged-charged contacts: 8.0
[+] No. of charged-polar contacts: 7.0
[+] No. of charged-apolar contacts: 25.0
[+] No. of polar-polar contacts: 3.0
[+] No. of apolar-polar contacts: 22.0
[+] No. of apolar-apolar contacts: 20.0
[+] Percentage of apolar NIS residues: 41.03
[+] Percentage of charged NIS residues: 19.33
[++] Predicted binding affinity (kcal.mol-1):    -13.3
[++] Predicted dissociation constant (M) at 25.0˚C:  1.9e-10
",
IgG_FP_0143.pdb,/teams/YingChiLab_1702378116/MaishaZhang/PPIFlow-main/output/final_flowpacked_designs/antibody/IgG_FP_0143.pdb,True,0,-11.1,7.7e-09,73,1.0,8.0,5.0,9.0,29.0,21.0,"[+] Executing 1 task(s) in total
##########################################
[+] Processing structure IgG_FP_0143_model0
[+] No. of intermolecular contacts: 73
[+] No. of charged-charged contacts: 1.0
[+] No. of charged-polar contacts: 8.0
[+] No. of charged-apolar contacts: 5.0
[+] No. of polar-polar contacts: 9.0
[+] No. of apolar-polar contacts: 29.0
[+] No. of apolar-apolar contacts: 21.0
[+] Percentage of apolar NIS residues: 40.91
[+] Percentage of charged NIS residues: 19.17
[++] Predicted binding affinity (kcal.mol-1):    -11.1
[++] Predicted dissociation constant (M) at 25.0˚C:  7.7e-09
",
IgG_FP_0144.pdb,/teams/YingChiLab_1702378116/MaishaZhang/PPIFlow-main/output/final_flowpacked_designs/antibody/IgG_FP_0144.pdb,True,0,-9.4,1.2e-07,68,2.0,1.0,22.0,3.0,9.0,31.0,"[+] Executing 1 task(s) in total
##########################################
[+] Processing structure IgG_FP_0144_model0
[+] No. of intermolecular contacts: 68
[+] No. of charged-charged contacts: 2.0
[+] No. of charged-polar contacts: 1.0
[+] No. of charged-apolar contacts: 22.0
[+] No. of polar-polar contacts: 3.0
[+] No. of apolar-polar contacts: 9.0
[+] No. of apolar-apolar contacts: 31.0
[+] Percentage of apolar NIS residues: 41.35
[+] Percentage of charged NIS residues: 19.09
[++] Predicted binding affinity (kcal.mol-1):     -9.4
[++] Predicted dissociation constant (M) at 25.0˚C:  1.2e-07
",
IgG_FP_0145.pdb,/teams/YingChiLab_1702378116/MaishaZhang/PPIFlow-main/output/final_flowpacked_designs/antibody/IgG_FP_0145.pdb,True,0,-10.4,2.2e-08,68,3.0,7.0,13.0,2.0,16.0,27.0,"[+] Executing 1 task(s) in total
##########################################
[+] Processing structure IgG_FP_0145_model0
[+] No. of intermolecular contacts: 68
[+] No. of charged-charged contacts: 3.0
[+] No. of charged-polar contacts: 7.0
[+] No. of charged-apolar contacts: 13.0
[+] No. of polar-polar contacts: 2.0
[+] No. of apolar-polar contacts: 16.0
[+] No. of apolar-apolar contacts: 27.0
[+] Percentage of apolar NIS residues: 41.22
[+] Percentage of charged NIS residues: 18.93
[++] Predicted binding affinity (kcal.mol-1):    -10.4
[++] Predicted dissociation constant (M) at 25.0˚C:  2.2e-08
",
IgG_FP_0146.pdb,/teams/YingChiLab_1702378116/MaishaZhang/PPIFlow-main/output/final_flowpacked_designs/antibody/IgG_FP_0146.pdb,True,0,-12.2,1.0e-09,94,3.0,12.0,13.0,12.0,32.0,22.0,"[+] Executing 1 task(s) in total
##########################################
[+] Processing structure IgG_FP_0146_model0
[+] No. of intermolecular contacts: 94
[+] No. of charged-charged contacts: 3.0
[+] No. of charged-polar contacts: 12.0
[+] No. of charged-apolar contacts: 13.0
[+] No. of polar-polar contacts: 12.0
[+] No. of apolar-polar contacts: 32.0
[+] No. of apolar-apolar contacts: 22.0
[+] Percentage of apolar NIS residues: 40.80
[+] Percentage of charged NIS residues: 18.60
[++] Predicted binding affinity (kcal.mol-1):    -12.2
[++] Predicted dissociation constant (M) at 25.0˚C:  1.0e-09
",
IgG_FP_0147.pdb,/teams/YingChiLab_1702378116/MaishaZhang/PPIFlow-main/output/final_flowpacked_designs/antibody/IgG_FP_0147.pdb,True,0,-12.2,1.1e-09,89,5.0,8.0,16.0,6.0,26.0,28.0,"[+] Executing 1 task(s) in total
##########################################
[+] Processing structure IgG_FP_0147_model0
[+] No. of intermolecular contacts: 89
[+] No. of charged-charged contacts: 5.0
[+] No. of charged-polar contacts: 8.0
[+] No. of charged-apolar contacts: 16.0
[+] No. of polar-polar contacts: 6.0
[+] No. of apolar-polar contacts: 26.0
[+] No. of apolar-apolar contacts: 28.0
[+] Percentage of apolar NIS residues: 42.28
[+] Percentage of charged NIS residues: 18.84
[++] Predicted binding affinity (kcal.mol-1):    -12.2
[++] Predicted dissociation constant (M) at 25.0˚C:  1.1e-09
",
IgG_FP_0148.pdb,/teams/YingChiLab_1702378116/MaishaZhang/PPIFlow-main/output/final_flowpacked_designs/antibody/IgG_FP_0148.pdb,True,0,-11.4,4.0e-09,75,4.0,10.0,18.0,6.0,21.0,16.0,"[+] Executing 1 task(s) in total
##########################################
[+] Processing structure IgG_FP_0148_model0
[+] No. of intermolecular contacts: 75
[+] No. of charged-charged contacts: 4.0
[+] No. of charged-polar contacts: 10.0
[+] No. of charged-apolar contacts: 18.0
[+] No. of polar-polar contacts: 6.0
[+] No. of apolar-polar contacts: 21.0
[+] No. of apolar-apolar contacts: 16.0
[+] Percentage of apolar NIS residues: 40.64
[+] Percentage of charged NIS residues: 19.32
[++] Predicted binding affinity (kcal.mol-1):    -11.4
[++] Predicted dissociation constant (M) at 25.0˚C:  4.0e-09
",
IgG_FP_0149.pdb,/teams/YingChiLab_1702378116/MaishaZhang/PPIFlow-main/output/final_flowpacked_designs/antibody/IgG_FP_0149.pdb,True,0,-9.6,9.6e-08,75,1.0,5.0,14.0,15.0,24.0,16.0,"[+] Executing 1 task(s) in total
##########################################
[+] Processing structure IgG_FP_0149_model0
[+] No. of intermolecular contacts: 75
[+] No. of charged-charged contacts: 1.0
[+] No. of charged-polar contacts: 5.0
[+] No. of charged-apolar contacts: 14.0
[+] No. of polar-polar contacts: 15.0
[+] No. of apolar-polar contacts: 24.0
[+] No. of apolar-apolar contacts: 16.0
[+] Percentage of apolar NIS residues: 41.73
[+] Percentage of charged NIS residues: 18.70
[++] Predicted binding affinity (kcal.mol-1):     -9.6
[++] Predicted dissociation constant (M) at 25.0˚C:  9.6e-08
",
IgG_FP_0150.pdb,/teams/YingChiLab_1702378116/MaishaZhang/PPIFlow-main/output/final_flowpacked_designs/antibody/IgG_FP_0150.pdb,True,0,-9.8,6.4e-08,63,4.0,3.0,7.0,6.0,19.0,24.0,"[+] Executing 1 task(s) in total
##########################################
[+] Processing structure IgG_FP_0150_model0
[+] No. of intermolecular contacts: 63
[+] No. of charged-charged contacts: 4.0
[+] No. of charged-polar contacts: 3.0
[+] No. of charged-apolar contacts: 7.0
[+] No. of polar-polar contacts: 6.0
[+] No. of apolar-polar contacts: 19.0
[+] No. of apolar-apolar contacts: 24.0
[+] Percentage of apolar NIS residues: 41.15
[+] Percentage of charged NIS residues: 19.28
[++] Predicted binding affinity (kcal.mol-1):     -9.8
[++] Predicted dissociation constant (M) at 25.0˚C:  6.4e-08
",
IgG_FP_0151.pdb,/teams/YingChiLab_1702378116/MaishaZhang/PPIFlow-main/output/final_flowpacked_designs/antibody/IgG_FP_0151.pdb,True,0,-12.4,7.8e-10,93,1.0,11.0,13.0,7.0,30.0,31.0,"[+] Executing 1 task(s) in total
##########################################
[+] Processing structure IgG_FP_0151_model0
[+] No. of intermolecular contacts: 93
[+] No. of charged-charged contacts: 1.0
[+] No. of charged-polar contacts: 11.0
[+] No. of charged-apolar contacts: 13.0
[+] No. of polar-polar contacts: 7.0
[+] No. of apolar-polar contacts: 30.0
[+] No. of apolar-apolar contacts: 31.0
[+] Percentage of apolar NIS residues: 41.48
[+] Percentage of charged NIS residues: 18.84
[++] Predicted binding affinity (kcal.mol-1):    -12.4
[++] Predicted dissociation constant (M) at 25.0˚C:  7.8e-10
",
IgG_FP_0152.pdb,/teams/YingChiLab_1702378116/MaishaZhang/PPIFlow-main/output/final_flowpacked_designs/antibody/IgG_FP_0152.pdb,True,0,-9.4,1.4e-07,69,7.0,8.0,16.0,5.0,11.0,22.0,"[+] Executing 1 task(s) in total
##########################################
[+] Processing structure IgG_FP_0152_model0
[+] No. of intermolecular contacts: 69
[+] No. of charged-charged contacts: 7.0
[+] No. of charged-polar contacts: 8.0
[+] No. of charged-apolar contacts: 16.0
[+] No. of polar-polar contacts: 5.0
[+] No. of apolar-polar contacts: 11.0
[+] No. of apolar-apolar contacts: 22.0
[+] Percentage of apolar NIS residues: 40.95
[+] Percentage of charged NIS residues: 19.68
[++] Predicted binding affinity (kcal.mol-1):     -9.4
[++] Predicted dissociation constant (M) at 25.0˚C:  1.4e-07
",
IgG_FP_0153.pdb,/teams/YingChiLab_1702378116/MaishaZhang/PPIFlow-main/output/final_flowpacked_designs/antibody/IgG_FP_0153.pdb,True,0,-11.3,5.5e-09,72,0.0,7.0,21.0,2.0,18.0,24.0,"[+] Executing 1 task(s) in total
##########################################
[+] Processing structure IgG_FP_0153_model0
[+] No. of intermolecular contacts: 72
[+] No. of charged-charged contacts: 0.0
[+] No. of charged-polar contacts: 7.0
[+] No. of charged-apolar contacts: 21.0
[+] No. of polar-polar contacts: 2.0
[+] No. of apolar-polar contacts: 18.0
[+] No. of apolar-apolar contacts: 24.0
[+] Percentage of apolar NIS residues: 41.62
[+] Percentage of charged NIS residues: 19.53
[++] Predicted binding affinity (kcal.mol-1):    -11.3
[++] Predicted dissociation constant (M) at 25.0˚C:  5.5e-09
",
IgG_FP_0154.pdb,/teams/YingChiLab_1702378116/MaishaZhang/PPIFlow-main/output/final_flowpacked_designs/antibody/IgG_FP_0154.pdb,True,0,-13.7,9.6e-11,81,3.0,10.0,11.0,7.0,36.0,14.0,"[+] Executing 1 task(s) in total
##########################################
[+] Processing structure IgG_FP_0154_model0
[+] No. of intermolecular contacts: 81
[+] No. of charged-charged contacts: 3.0
[+] No. of charged-polar contacts: 10.0
[+] No. of charged-apolar contacts: 11.0
[+] No. of polar-polar contacts: 7.0
[+] No. of apolar-polar contacts: 36.0
[+] No. of apolar-apolar contacts: 14.0
[+] Percentage of apolar NIS residues: 41.82
[+] Percentage of charged NIS residues: 19.19
[++] Predicted binding affinity (kcal.mol-1):    -13.7
[++] Predicted dissociation constant (M) at 25.0˚C:  9.6e-11
",
IgG_FP_0155.pdb,/teams/YingChiLab_1702378116/MaishaZhang/PPIFlow-main/output/final_flowpacked_designs/antibody/IgG_FP_0155.pdb,True,0,-9.1,2.0e-07,56,3.0,3.0,11.0,3.0,12.0,24.0,"[+] Executing 1 task(s) in total
##########################################
[+] Processing structure IgG_FP_0155_model0
[+] No. of intermolecular contacts: 56
[+] No. of charged-charged contacts: 3.0
[+] No. of charged-polar contacts: 3.0
[+] No. of charged-apolar contacts: 11.0
[+] No. of polar-polar contacts: 3.0
[+] No. of apolar-polar contacts: 12.0
[+] No. of apolar-apolar contacts: 24.0
[+] Percentage of apolar NIS residues: 41.52
[+] Percentage of charged NIS residues: 18.71
[++] Predicted binding affinity (kcal.mol-1):     -9.1
[++] Predicted dissociation constant (M) at 25.0˚C:  2.0e-07
",
IgG_FP_0156.pdb,/teams/YingChiLab_1702378116/MaishaZhang/PPIFlow-main/output/final_flowpacked_designs/antibody/IgG_FP_0156.pdb,True,0,-9.2,1.7e-07,62,2.0,9.0,16.0,2.0,10.0,23.0,"[+] Executing 1 task(s) in total
##########################################
[+] Processing structure IgG_FP_0156_model0
[+] No. of intermolecular contacts: 62
[+] No. of charged-charged contacts: 2.0
[+] No. of charged-polar contacts: 9.0
[+] No. of charged-apolar contacts: 16.0
[+] No. of polar-polar contacts: 2.0
[+] No. of apolar-polar contacts: 10.0
[+] No. of apolar-apolar contacts: 23.0
[+] Percentage of apolar NIS residues: 41.30
[+] Percentage of charged NIS residues: 19.17
[++] Predicted binding affinity (kcal.mol-1):     -9.2
[++] Predicted dissociation constant (M) at 25.0˚C:  1.7e-07
",
IgG_FP_0157.pdb,/teams/YingChiLab_1702378116/MaishaZhang/PPIFlow-main/output/final_flowpacked_designs/antibody/IgG_FP_0157.pdb,True,0,-9.7,7.2e-08,61,1.0,9.0,4.0,7.0,22.0,18.0,"[+] Executing 1 task(s) in total
##########################################
[+] Processing structure IgG_FP_0157_model0
[+] No. of intermolecular contacts: 61
[+] No. of charged-charged contacts: 1.0
[+] No. of charged-polar contacts: 9.0
[+] No. of charged-apolar contacts: 4.0
[+] No. of polar-polar contacts: 7.0
[+] No. of apolar-polar contacts: 22.0
[+] No. of apolar-apolar contacts: 18.0
[+] Percentage of apolar NIS residues: 41.75
[+] Percentage of charged NIS residues: 18.25
[++] Predicted binding affinity (kcal.mol-1):     -9.7
[++] Predicted dissociation constant (M) at 25.0˚C:  7.2e-08
",
IgG_FP_0158.pdb,/teams/YingChiLab_1702378116/MaishaZhang/PPIFlow-main/output/final_flowpacked_designs/antibody/IgG_FP_0158.pdb,True,0,-10.5,2.2e-08,65,2.0,14.0,12.0,2.0,17.0,18.0,"[+] Executing 1 task(s) in total
##########################################
[+] Processing structure IgG_FP_0158_model0
[+] No. of intermolecular contacts: 65
[+] No. of charged-charged contacts: 2.0
[+] No. of charged-polar contacts: 14.0
[+] No. of charged-apolar contacts: 12.0
[+] No. of polar-polar contacts: 2.0
[+] No. of apolar-polar contacts: 17.0
[+] No. of apolar-apolar contacts: 18.0
[+] Percentage of apolar NIS residues: 40.91
[+] Percentage of charged NIS residues: 19.57
[++] Predicted binding affinity (kcal.mol-1):    -10.5
[++] Predicted dissociation constant (M) at 25.0˚C:  2.2e-08
",
IgG_FP_0159.pdb,/teams/YingChiLab_1702378116/MaishaZhang/PPIFlow-main/output/final_flowpacked_designs/antibody/IgG_FP_0159.pdb,True,0,-13.1,2.4e-10,86,3.0,13.0,17.0,4.0,28.0,21.0,"[+] Executing 1 task(s) in total
##########################################
[+] Processing structure IgG_FP_0159_model0
[+] No. of intermolecular contacts: 86
[+] No. of charged-charged contacts: 3.0
[+] No. of charged-polar contacts: 13.0
[+] No. of charged-apolar contacts: 17.0
[+] No. of polar-polar contacts: 4.0
[+] No. of apolar-polar contacts: 28.0
[+] No. of apolar-apolar contacts: 21.0
[+] Percentage of apolar NIS residues: 41.07
[+] Percentage of charged NIS residues: 19.64
[++] Predicted binding affinity (kcal.mol-1):    -13.1
[++] Predicted dissociation constant (M) at 25.0˚C:  2.4e-10
",
IgG_FP_0160.pdb,/teams/YingChiLab_1702378116/MaishaZhang/PPIFlow-main/output/final_flowpacked_designs/antibody/IgG_FP_0160.pdb,True,0,-8.6,5.0e-07,62,2.0,16.0,11.0,4.0,11.0,18.0,"[+] Executing 1 task(s) in total
##########################################
[+] Processing structure IgG_FP_0160_model0
[+] No. of intermolecular contacts: 62
[+] No. of charged-charged contacts: 2.0
[+] No. of charged-polar contacts: 16.0
[+] No. of charged-apolar contacts: 11.0
[+] No. of polar-polar contacts: 4.0
[+] No. of apolar-polar contacts: 11.0
[+] No. of apolar-apolar contacts: 18.0
[+] Percentage of apolar NIS residues: 41.42
[+] Percentage of charged NIS residues: 18.93
[++] Predicted binding affinity (kcal.mol-1):     -8.6
[++] Predicted dissociation constant (M) at 25.0˚C:  5.0e-07
",
IgG_FP_0161.pdb,/teams/YingChiLab_1702378116/MaishaZhang/PPIFlow-main/output/final_flowpacked_designs/antibody/IgG_FP_0161.pdb,True,0,-11.7,2.7e-09,91,2.0,9.0,17.0,11.0,28.0,24.0,"[+] Executing 1 task(s) in total
##########################################
[+] Processing structure IgG_FP_0161_model0
[+] No. of intermolecular contacts: 91
[+] No. of charged-charged contacts: 2.0
[+] No. of charged-polar contacts: 9.0
[+] No. of charged-apolar contacts: 17.0
[+] No. of polar-polar contacts: 11.0
[+] No. of apolar-polar contacts: 28.0
[+] No. of apolar-apolar contacts: 24.0
[+] Percentage of apolar NIS residues: 41.43
[+] Percentage of charged NIS residues: 18.88
[++] Predicted binding affinity (kcal.mol-1):    -11.7
[++] Predicted dissociation constant (M) at 25.0˚C:  2.7e-09
",
IgG_FP_0162.pdb,/teams/YingChiLab_1702378116/MaishaZhang/PPIFlow-main/output/final_flowpacked_designs/antibody/IgG_FP_0162.pdb,True,0,-10.7,1.4e-08,92,3.0,9.0,20.0,6.0,18.0,36.0,"[+] Executing 1 task(s) in total
##########################################
[+] Processing structure IgG_FP_0162_model0
[+] No. of intermolecular contacts: 92
[+] No. of charged-charged contacts: 3.0
[+] No. of charged-polar contacts: 9.0
[+] No. of charged-apolar contacts: 20.0
[+] No. of polar-polar contacts: 6.0
[+] No. of apolar-polar contacts: 18.0
[+] No. of apolar-apolar contacts: 36.0
[+] Percentage of apolar NIS residues: 42.21
[+] Percentage of charged NIS residues: 18.54
[++] Predicted binding affinity (kcal.mol-1):    -10.7
[++] Predicted dissociation constant (M) at 25.0˚C:  1.4e-08
",
IgG_FP_0163.pdb,/teams/YingChiLab_1702378116/MaishaZhang/PPIFlow-main/output/final_flowpacked_designs/antibody/IgG_FP_0163.pdb,True,0,-8.7,4.0e-07,58,4.0,17.0,8.0,6.0,14.0,9.0,"[+] Executing 1 task(s) in total
##########################################
[+] Processing structure IgG_FP_0163_model0
[+] No. of intermolecular contacts: 58
[+] No. of charged-charged contacts: 4.0
[+] No. of charged-polar contacts: 17.0
[+] No. of charged-apolar contacts: 8.0
[+] No. of polar-polar contacts: 6.0
[+] No. of apolar-polar contacts: 14.0
[+] No. of apolar-apolar contacts: 9.0
[+] Percentage of apolar NIS residues: 41.52
[+] Percentage of charged NIS residues: 19.16
[++] Predicted binding affinity (kcal.mol-1):     -8.7
[++] Predicted dissociation constant (M) at 25.0˚C:  4.0e-07
",
IgG_FP_0164.pdb,/teams/YingChiLab_1702378116/MaishaZhang/PPIFlow-main/output/final_flowpacked_designs/antibody/IgG_FP_0164.pdb,True,0,-9.6,8.9e-08,69,3.0,7.0,11.0,9.0,20.0,19.0,"[+] Executing 1 task(s) in total
##########################################
[+] Processing structure IgG_FP_0164_model0
[+] No. of intermolecular contacts: 69
[+] No. of charged-charged contacts: 3.0
[+] No. of charged-polar contacts: 7.0
[+] No. of charged-apolar contacts: 11.0
[+] No. of polar-polar contacts: 9.0
[+] No. of apolar-polar contacts: 20.0
[+] No. of apolar-apolar contacts: 19.0
[+] Percentage of apolar NIS residues: 42.04
[+] Percentage of charged NIS residues: 19.06
[++] Predicted binding affinity (kcal.mol-1):     -9.6
[++] Predicted dissociation constant (M) at 25.0˚C:  8.9e-08
",
IgG_FP_0165.pdb,/teams/YingChiLab_1702378116/MaishaZhang/PPIFlow-main/output/final_flowpacked_designs/antibody/IgG_FP_0165.pdb,True,0,-11.2,5.7e-09,86,7.0,9.0,22.0,6.0,18.0,24.0,"[+] Executing 1 task(s) in total
##########################################
[+] Processing structure IgG_FP_0165_model0
[+] No. of intermolecular contacts: 86
[+] No. of charged-charged contacts: 7.0
[+] No. of charged-polar contacts: 9.0
[+] No. of charged-apolar contacts: 22.0
[+] No. of polar-polar contacts: 6.0
[+] No. of apolar-polar contacts: 18.0
[+] No. of apolar-apolar contacts: 24.0
[+] Percentage of apolar NIS residues: 41.57
[+] Percentage of charged NIS residues: 19.61
[++] Predicted binding affinity (kcal.mol-1):    -11.2
[++] Predicted dissociation constant (M) at 25.0˚C:  5.7e-09
",
IgG_FP_0166.pdb,/teams/YingChiLab_1702378116/MaishaZhang/PPIFlow-main/output/final_flowpacked_designs/antibody/IgG_FP_0166.pdb,True,0,-10.7,1.5e-08,92,3.0,10.0,12.0,15.0,29.0,23.0,"[+] Executing 1 task(s) in total
##########################################
[+] Processing structure IgG_FP_0166_model0
[+] No. of intermolecular contacts: 92
[+] No. of charged-charged contacts: 3.0
[+] No. of charged-polar contacts: 10.0
[+] No. of charged-apolar contacts: 12.0
[+] No. of polar-polar contacts: 15.0
[+] No. of apolar-polar contacts: 29.0
[+] No. of apolar-apolar contacts: 23.0
[+] Percentage of apolar NIS residues: 41.30
[+] Percentage of charged NIS residues: 19.37
[++] Predicted binding affinity (kcal.mol-1):    -10.7
[++] Predicted dissociation constant (M) at 25.0˚C:  1.5e-08
",
IgG_FP_0167.pdb,/teams/YingChiLab_1702378116/MaishaZhang/PPIFlow-main/output/final_flowpacked_designs/antibody/IgG_FP_0167.pdb,True,0,-11.4,4.0e-09,69,5.0,9.0,15.0,5.0,22.0,13.0,"[+] Executing 1 task(s) in total
##########################################
[+] Processing structure IgG_FP_0167_model0
[+] No. of intermolecular contacts: 69
[+] No. of charged-charged contacts: 5.0
[+] No. of charged-polar contacts: 9.0
[+] No. of charged-apolar contacts: 15.0
[+] No. of polar-polar contacts: 5.0
[+] No. of apolar-polar contacts: 22.0
[+] No. of apolar-apolar contacts: 13.0
[+] Percentage of apolar NIS residues: 42.11
[+] Percentage of charged NIS residues: 18.91
[++] Predicted binding affinity (kcal.mol-1):    -11.4
[++] Predicted dissociation constant (M) at 25.0˚C:  4.0e-09
",
IgG_FP_0168.pdb,/teams/YingChiLab_1702378116/MaishaZhang/PPIFlow-main/output/final_flowpacked_designs/antibody/IgG_FP_0168.pdb,True,0,-10.8,1.2e-08,55,5.0,10.0,12.0,3.0,18.0,7.0,"[+] Executing 1 task(s) in total
##########################################
[+] Processing structure IgG_FP_0168_model0
[+] No. of intermolecular contacts: 55
[+] No. of charged-charged contacts: 5.0
[+] No. of charged-polar contacts: 10.0
[+] No. of charged-apolar contacts: 12.0
[+] No. of polar-polar contacts: 3.0
[+] No. of apolar-polar contacts: 18.0
[+] No. of apolar-apolar contacts: 7.0
[+] Percentage of apolar NIS residues: 41.02
[+] Percentage of charged NIS residues: 19.34
[++] Predicted binding affinity (kcal.mol-1):    -10.8
[++] Predicted dissociation constant (M) at 25.0˚C:  1.2e-08
",
IgG_FP_0169.pdb,/teams/YingChiLab_1702378116/MaishaZhang/PPIFlow-main/output/final_flowpacked_designs/antibody/IgG_FP_0169.pdb,True,0,-10.9,9.6e-09,78,0.0,9.0,20.0,1.0,15.0,33.0,"[+] Executing 1 task(s) in total
##########################################
[+] Processing structure IgG_FP_0169_model0
[+] No. of intermolecular contacts: 78
[+] No. of charged-charged contacts: 0.0
[+] No. of charged-polar contacts: 9.0
[+] No. of charged-apolar contacts: 20.0
[+] No. of polar-polar contacts: 1.0
[+] No. of apolar-polar contacts: 15.0
[+] No. of apolar-apolar contacts: 33.0
[+] Percentage of apolar NIS residues: 40.76
[+] Percentage of charged NIS residues: 18.88
[++] Predicted binding affinity (kcal.mol-1):    -10.9
[++] Predicted dissociation constant (M) at 25.0˚C:  9.6e-09
",
IgG_FP_0170.pdb,/teams/YingChiLab_1702378116/MaishaZhang/PPIFlow-main/output/final_flowpacked_designs/antibody/IgG_FP_0170.pdb,True,0,-10.1,3.6e-08,92,6.0,15.0,22.0,10.0,16.0,23.0,"[+] Executing 1 task(s) in total
##########################################
[+] Processing structure IgG_FP_0170_model0
[+] No. of intermolecular contacts: 92
[+] No. of charged-charged contacts: 6.0
[+] No. of charged-polar contacts: 15.0
[+] No. of charged-apolar contacts: 22.0
[+] No. of polar-polar contacts: 10.0
[+] No. of apolar-polar contacts: 16.0
[+] No. of apolar-apolar contacts: 23.0
[+] Percentage of apolar NIS residues: 40.64
[+] Percentage of charged NIS residues: 19.12
[++] Predicted binding affinity (kcal.mol-1):    -10.1
[++] Predicted dissociation constant (M) at 25.0˚C:  3.6e-08
",
IgG_FP_0171.pdb,/teams/YingChiLab_1702378116/MaishaZhang/PPIFlow-main/output/final_flowpacked_designs/antibody/IgG_FP_0171.pdb,True,0,-13.0,2.8e-10,78,1.0,13.0,11.0,2.0,29.0,22.0,"[+] Executing 1 task(s) in total
##########################################
[+] Processing structure IgG_FP_0171_model0
[+] No. of intermolecular contacts: 78
[+] No. of charged-charged contacts: 1.0
[+] No. of charged-polar contacts: 13.0
[+] No. of charged-apolar contacts: 11.0
[+] No. of polar-polar contacts: 2.0
[+] No. of apolar-polar contacts: 29.0
[+] No. of apolar-apolar contacts: 22.0
[+] Percentage of apolar NIS residues: 40.96
[+] Percentage of charged NIS residues: 19.23
[++] Predicted binding affinity (kcal.mol-1):    -13.0
[++] Predicted dissociation constant (M) at 25.0˚C:  2.8e-10
",
IgG_FP_0172.pdb,/teams/YingChiLab_1702378116/MaishaZhang/PPIFlow-main/output/final_flowpacked_designs/antibody/IgG_FP_0172.pdb,True,0,-10.9,1.1e-08,85,3.0,9.0,15.0,10.0,25.0,23.0,"[+] Executing 1 task(s) in total
##########################################
[+] Processing structure IgG_FP_0172_model0
[+] No. of intermolecular contacts: 85
[+] No. of charged-charged contacts: 3.0
[+] No. of charged-polar contacts: 9.0
[+] No. of charged-apolar contacts: 15.0
[+] No. of polar-polar contacts: 10.0
[+] No. of apolar-polar contacts: 25.0
[+] No. of apolar-apolar contacts: 23.0
[+] Percentage of apolar NIS residues: 42.55
[+] Percentage of charged NIS residues: 19.02
[++] Predicted binding affinity (kcal.mol-1):    -10.9
[++] Predicted dissociation constant (M) at 25.0˚C:  1.1e-08
",
IgG_FP_0173.pdb,/teams/YingChiLab_1702378116/MaishaZhang/PPIFlow-main/output/final_flowpacked_designs/antibody/IgG_FP_0173.pdb,True,0,-9.7,8.2e-08,58,0.0,5.0,3.0,12.0,27.0,11.0,"[+] Executing 1 task(s) in total
##########################################
[+] Processing structure IgG_FP_0173_model0
[+] No. of intermolecular contacts: 58
[+] No. of charged-charged contacts: 0.0
[+] No. of charged-polar contacts: 5.0
[+] No. of charged-apolar contacts: 3.0
[+] No. of polar-polar contacts: 12.0
[+] No. of apolar-polar contacts: 27.0
[+] No. of apolar-apolar contacts: 11.0
[+] Percentage of apolar NIS residues: 41.63
[+] Percentage of charged NIS residues: 18.68
[++] Predicted binding affinity (kcal.mol-1):     -9.7
[++] Predicted dissociation constant (M) at 25.0˚C:  8.2e-08
",
IgG_FP_0174.pdb,/teams/YingChiLab_1702378116/MaishaZhang/PPIFlow-main/output/final_flowpacked_designs/antibody/IgG_FP_0174.pdb,True,0,-10.9,9.8e-09,74,1.0,11.0,16.0,9.0,24.0,13.0,"[+] Executing 1 task(s) in total
##########################################
[+] Processing structure IgG_FP_0174_model0
[+] No. of intermolecular contacts: 74
[+] No. of charged-charged contacts: 1.0
[+] No. of charged-polar contacts: 11.0
[+] No. of charged-apolar contacts: 16.0
[+] No. of polar-polar contacts: 9.0
[+] No. of apolar-polar contacts: 24.0
[+] No. of apolar-apolar contacts: 13.0
[+] Percentage of apolar NIS residues: 41.76
[+] Percentage of charged NIS residues: 18.82
[++] Predicted binding affinity (kcal.mol-1):    -10.9
[++] Predicted dissociation constant (M) at 25.0˚C:  9.8e-09
",
IgG_FP_0175.pdb,/teams/YingChiLab_1702378116/MaishaZhang/PPIFlow-main/output/final_flowpacked_designs/antibody/IgG_FP_0175.pdb,True,0,-9.6,8.5e-08,69,3.0,5.0,14.0,4.0,14.0,29.0,"[+] Executing 1 task(s) in total
##########################################
[+] Processing structure IgG_FP_0175_model0
[+] No. of intermolecular contacts: 69
[+] No. of charged-charged contacts: 3.0
[+] No. of charged-polar contacts: 5.0
[+] No. of charged-apolar contacts: 14.0
[+] No. of polar-polar contacts: 4.0
[+] No. of apolar-polar contacts: 14.0
[+] No. of apolar-apolar contacts: 29.0
[+] Percentage of apolar NIS residues: 41.43
[+] Percentage of charged NIS residues: 19.12
[++] Predicted binding affinity (kcal.mol-1):     -9.6
[++] Predicted dissociation constant (M) at 25.0˚C:  8.5e-08
",
IgG_FP_0176.pdb,/teams/YingChiLab_1702378116/MaishaZhang/PPIFlow-main/output/final_flowpacked_designs/antibody/IgG_FP_0176.pdb,True,0,-10.8,1.2e-08,73,3.0,10.0,17.0,2.0,16.0,25.0,"[+] Executing 1 task(s) in total
##########################################
[+] Processing structure IgG_FP_0176_model0
[+] No. of intermolecular contacts: 73
[+] No. of charged-charged contacts: 3.0
[+] No. of charged-polar contacts: 10.0
[+] No. of charged-apolar contacts: 17.0
[+] No. of polar-polar contacts: 2.0
[+] No. of apolar-polar contacts: 16.0
[+] No. of apolar-apolar contacts: 25.0
[+] Percentage of apolar NIS residues: 41.81
[+] Percentage of charged NIS residues: 18.34
[++] Predicted binding affinity (kcal.mol-1):    -10.8
[++] Predicted dissociation constant (M) at 25.0˚C:  1.2e-08
",
IgG_FP_0177.pdb,/teams/YingChiLab_1702378116/MaishaZhang/PPIFlow-main/output/final_flowpacked_designs/antibody/IgG_FP_0177.pdb,True,0,-12.2,1.2e-09,109,3.0,18.0,14.0,15.0,35.0,24.0,"[+] Executing 1 task(s) in total
##########################################
[+] Processing structure IgG_FP_0177_model0
[+] No. of intermolecular contacts: 109
[+] No. of charged-charged contacts: 3.0
[+] No. of charged-polar contacts: 18.0
[+] No. of charged-apolar contacts: 14.0
[+] No. of polar-polar contacts: 15.0
[+] No. of apolar-polar contacts: 35.0
[+] No. of apolar-apolar contacts: 24.0
[+] Percentage of apolar NIS residues: 41.94
[+] Percentage of charged NIS residues: 18.95
[++] Predicted binding affinity (kcal.mol-1):    -12.2
[++] Predicted dissociation constant (M) at 25.0˚C:  1.2e-09
",
IgG_FP_0178.pdb,/teams/YingChiLab_1702378116/MaishaZhang/PPIFlow-main/output/final_flowpacked_designs/antibody/IgG_FP_0178.pdb,True,0,-10.3,2.8e-08,68,5.0,11.0,19.0,4.0,14.0,15.0,"[+] Executing 1 task(s) in total
##########################################
[+] Processing structure IgG_FP_0178_model0
[+] No. of intermolecular contacts: 68
[+] No. of charged-charged contacts: 5.0
[+] No. of charged-polar contacts: 11.0
[+] No. of charged-apolar contacts: 19.0
[+] No. of polar-polar contacts: 4.0
[+] No. of apolar-polar contacts: 14.0
[+] No. of apolar-apolar contacts: 15.0
[+] Percentage of apolar NIS residues: 41.72
[+] Percentage of charged NIS residues: 18.91
[++] Predicted binding affinity (kcal.mol-1):    -10.3
[++] Predicted dissociation constant (M) at 25.0˚C:  2.8e-08
",
IgG_FP_0179.pdb,/teams/YingChiLab_1702378116/MaishaZhang/PPIFlow-main/output/final_flowpacked_designs/antibody/IgG_FP_0179.pdb,True,0,-11.3,5.4e-09,86,2.0,14.0,14.0,7.0,24.0,25.0,"[+] Executing 1 task(s) in total
##########################################
[+] Processing structure IgG_FP_0179_model0
[+] No. of intermolecular contacts: 86
[+] No. of charged-charged contacts: 2.0
[+] No. of charged-polar contacts: 14.0
[+] No. of charged-apolar contacts: 14.0
[+] No. of polar-polar contacts: 7.0
[+] No. of apolar-polar contacts: 24.0
[+] No. of apolar-apolar contacts: 25.0
[+] Percentage of apolar NIS residues: 41.40
[+] Percentage of charged NIS residues: 18.80
[++] Predicted binding affinity (kcal.mol-1):    -11.3
[++] Predicted dissociation constant (M) at 25.0˚C:  5.4e-09
",
IgG_FP_0180.pdb,/teams/YingChiLab_1702378116/MaishaZhang/PPIFlow-main/output/final_flowpacked_designs/antibody/IgG_FP_0180.pdb,True,0,-11.3,5.2e-09,64,2.0,9.0,17.0,3.0,20.0,13.0,"[+] Executing 1 task(s) in total
##########################################
[+] Processing structure IgG_FP_0180_model0
[+] No. of intermolecular contacts: 64
[+] No. of charged-charged contacts: 2.0
[+] No. of charged-polar contacts: 9.0
[+] No. of charged-apolar contacts: 17.0
[+] No. of polar-polar contacts: 3.0
[+] No. of apolar-polar contacts: 20.0
[+] No. of apolar-apolar contacts: 13.0
[+] Percentage of apolar NIS residues: 42.32
[+] Percentage of charged NIS residues: 18.70
[++] Predicted binding affinity (kcal.mol-1):    -11.3
[++] Predicted dissociation constant (M) at 25.0˚C:  5.2e-09
",
IgG_FP_0181.pdb,/teams/YingChiLab_1702378116/MaishaZhang/PPIFlow-main/output/final_flowpacked_designs/antibody/IgG_FP_0181.pdb,True,0,-6.9,9.2e-06,52,1.0,7.0,8.0,13.0,13.0,10.0,"[+] Executing 1 task(s) in total
##########################################
[+] Processing structure IgG_FP_0181_model0
[+] No. of intermolecular contacts: 52
[+] No. of charged-charged contacts: 1.0
[+] No. of charged-polar contacts: 7.0
[+] No. of charged-apolar contacts: 8.0
[+] No. of polar-polar contacts: 13.0
[+] No. of apolar-polar contacts: 13.0
[+] No. of apolar-apolar contacts: 10.0
[+] Percentage of apolar NIS residues: 41.19
[+] Percentage of charged NIS residues: 19.41
[++] Predicted binding affinity (kcal.mol-1):     -6.9
[++] Predicted dissociation constant (M) at 25.0˚C:  9.2e-06
",
IgG_FP_0182.pdb,/teams/YingChiLab_1702378116/MaishaZhang/PPIFlow-main/output/final_flowpacked_designs/antibody/IgG_FP_0182.pdb,True,0,-10.7,1.3e-08,55,4.0,9.0,12.0,2.0,18.0,10.0,"[+] Executing 1 task(s) in total
##########################################
[+] Processing structure IgG_FP_0182_model0
[+] No. of intermolecular contacts: 55
[+] No. of charged-charged contacts: 4.0
[+] No. of charged-polar contacts: 9.0
[+] No. of charged-apolar contacts: 12.0
[+] No. of polar-polar contacts: 2.0
[+] No. of apolar-polar contacts: 18.0
[+] No. of apolar-apolar contacts: 10.0
[+] Percentage of apolar NIS residues: 42.14
[+] Percentage of charged NIS residues: 18.83
[++] Predicted binding affinity (kcal.mol-1):    -10.7
[++] Predicted dissociation constant (M) at 25.0˚C:  1.3e-08
",
IgG_FP_0183.pdb,/teams/YingChiLab_1702378116/MaishaZhang/PPIFlow-main/output/final_flowpacked_designs/antibody/IgG_FP_0183.pdb,True,0,-11.3,5.1e-09,67,0.0,5.0,12.0,3.0,23.0,24.0,"[+] Executing 1 task(s) in total
##########################################
[+] Processing structure IgG_FP_0183_model0
[+] No. of intermolecular contacts: 67
[+] No. of charged-charged contacts: 0.0
[+] No. of charged-polar contacts: 5.0
[+] No. of charged-apolar contacts: 12.0
[+] No. of polar-polar contacts: 3.0
[+] No. of apolar-polar contacts: 23.0
[+] No. of apolar-apolar contacts: 24.0
[+] Percentage of apolar NIS residues: 42.27
[+] Percentage of charged NIS residues: 18.59
[++] Predicted binding affinity (kcal.mol-1):    -11.3
[++] Predicted dissociation constant (M) at 25.0˚C:  5.1e-09
",
IgG_FP_0184.pdb,/teams/YingChiLab_1702378116/MaishaZhang/PPIFlow-main/output/final_flowpacked_designs/antibody/IgG_FP_0184.pdb,True,0,-12.4,7.5e-10,79,4.0,7.0,24.0,3.0,21.0,20.0,"[+] Executing 1 task(s) in total
##########################################
[+] Processing structure IgG_FP_0184_model0
[+] No. of intermolecular contacts: 79
[+] No. of charged-charged contacts: 4.0
[+] No. of charged-polar contacts: 7.0
[+] No. of charged-apolar contacts: 24.0
[+] No. of polar-polar contacts: 3.0
[+] No. of apolar-polar contacts: 21.0
[+] No. of apolar-apolar contacts: 20.0
[+] Percentage of apolar NIS residues: 41.50
[+] Percentage of charged NIS residues: 19.57
[++] Predicted binding affinity (kcal.mol-1):    -12.4
[++] Predicted dissociation constant (M) at 25.0˚C:  7.5e-10
",
IgG_FP_0185.pdb,/teams/YingChiLab_1702378116/MaishaZhang/PPIFlow-main/output/final_flowpacked_designs/antibody/IgG_FP_0185.pdb,True,0,-11.6,2.9e-09,83,3.0,16.0,17.0,4.0,22.0,21.0,"[+] Executing 1 task(s) in total
##########################################
[+] Processing structure IgG_FP_0185_model0
[+] No. of intermolecular contacts: 83
[+] No. of charged-charged contacts: 3.0
[+] No. of charged-polar contacts: 16.0
[+] No. of charged-apolar contacts: 17.0
[+] No. of polar-polar contacts: 4.0
[+] No. of apolar-polar contacts: 22.0
[+] No. of apolar-apolar contacts: 21.0
[+] Percentage of apolar NIS residues: 42.23
[+] Percentage of charged NIS residues: 18.92
[++] Predicted binding affinity (kcal.mol-1):    -11.6
[++] Predicted dissociation constant (M) at 25.0˚C:  2.9e-09
",
IgG_FP_0186.pdb,/teams/YingChiLab_1702378116/MaishaZhang/PPIFlow-main/output/final_flowpacked_designs/antibody/IgG_FP_0186.pdb,True,0,-11.9,1.8e-09,72,5.0,14.0,14.0,6.0,25.0,8.0,"[+] Executing 1 task(s) in total
##########################################
[+] Processing structure IgG_FP_0186_model0
[+] No. of intermolecular contacts: 72
[+] No. of charged-charged contacts: 5.0
[+] No. of charged-polar contacts: 14.0
[+] No. of charged-apolar contacts: 14.0
[+] No. of polar-polar contacts: 6.0
[+] No. of apolar-polar contacts: 25.0
[+] No. of apolar-apolar contacts: 8.0
[+] Percentage of apolar NIS residues: 41.45
[+] Percentage of charged NIS residues: 19.25
[++] Predicted binding affinity (kcal.mol-1):    -11.9
[++] Predicted dissociation constant (M) at 25.0˚C:  1.8e-09
",
IgG_FP_0187.pdb,/teams/YingChiLab_1702378116/MaishaZhang/PPIFlow-main/output/final_flowpacked_designs/antibody/IgG_FP_0187.pdb,True,0,-10.0,4.5e-08,63,1.0,7.0,12.0,6.0,20.0,17.0,"[+] Executing 1 task(s) in total
##########################################
[+] Processing structure IgG_FP_0187_model0
[+] No. of intermolecular contacts: 63
[+] No. of charged-charged contacts: 1.0
[+] No. of charged-polar contacts: 7.0
[+] No. of charged-apolar contacts: 12.0
[+] No. of polar-polar contacts: 6.0
[+] No. of apolar-polar contacts: 20.0
[+] No. of apolar-apolar contacts: 17.0
[+] Percentage of apolar NIS residues: 43.00
[+] Percentage of charged NIS residues: 18.48
[++] Predicted binding affinity (kcal.mol-1):    -10.0
[++] Predicted dissociation constant (M) at 25.0˚C:  4.5e-08
",
IgG_FP_0188.pdb,/teams/YingChiLab_1702378116/MaishaZhang/PPIFlow-main/output/final_flowpacked_designs/antibody/IgG_FP_0188.pdb,True,0,-13.0,3.0e-10,84,2.0,9.0,13.0,4.0,30.0,26.0,"[+] Executing 1 task(s) in total
##########################################
[+] Processing structure IgG_FP_0188_model0
[+] No. of intermolecular contacts: 84
[+] No. of charged-charged contacts: 2.0
[+] No. of charged-polar contacts: 9.0
[+] No. of charged-apolar contacts: 13.0
[+] No. of polar-polar contacts: 4.0
[+] No. of apolar-polar contacts: 30.0
[+] No. of apolar-apolar contacts: 26.0
[+] Percentage of apolar NIS residues: 42.51
[+] Percentage of charged NIS residues: 18.36
[++] Predicted binding affinity (kcal.mol-1):    -13.0
[++] Predicted dissociation constant (M) at 25.0˚C:  3.0e-10
",
IgG_FP_0189.pdb,/teams/YingChiLab_1702378116/MaishaZhang/PPIFlow-main/output/final_flowpacked_designs/antibody/IgG_FP_0189.pdb,True,0,-11.5,3.8e-09,99,5.0,9.0,15.0,12.0,29.0,29.0,"[+] Executing 1 task(s) in total
##########################################
[+] Processing structure IgG_FP_0189_model0
[+] No. of intermolecular contacts: 99
[+] No. of charged-charged contacts: 5.0
[+] No. of charged-polar contacts: 9.0
[+] No. of charged-apolar contacts: 15.0
[+] No. of polar-polar contacts: 12.0
[+] No. of apolar-polar contacts: 29.0
[+] No. of apolar-apolar contacts: 29.0
[+] Percentage of apolar NIS residues: 42.28
[+] Percentage of charged NIS residues: 20.04
[++] Predicted binding affinity (kcal.mol-1):    -11.5
[++] Predicted dissociation constant (M) at 25.0˚C:  3.8e-09
",
IgG_FP_0190.pdb,/teams/YingChiLab_1702378116/MaishaZhang/PPIFlow-main/output/final_flowpacked_designs/antibody/IgG_FP_0190.pdb,True,0,-12.5,7.3e-10,85,4.0,13.0,14.0,8.0,29.0,17.0,"[+] Executing 1 task(s) in total
##########################################
[+] Processing structure IgG_FP_0190_model0
[+] No. of intermolecular contacts: 85
[+] No. of charged-charged contacts: 4.0
[+] No. of charged-polar contacts: 13.0
[+] No. of charged-apolar contacts: 14.0
[+] No. of polar-polar contacts: 8.0
[+] No. of apolar-polar contacts: 29.0
[+] No. of apolar-apolar contacts: 17.0
[+] Percentage of apolar NIS residues: 40.76
[+] Percentage of charged NIS residues: 19.28
[++] Predicted binding affinity (kcal.mol-1):    -12.5
[++] Predicted dissociation constant (M) at 25.0˚C:  7.3e-10
",
IgG_FP_0191.pdb,/teams/YingChiLab_1702378116/MaishaZhang/PPIFlow-main/output/final_flowpacked_designs/antibody/IgG_FP_0191.pdb,True,0,-9.3,1.6e-07,55,0.0,2.0,3.0,8.0,21.0,21.0,"[+] Executing 1 task(s) in total
##########################################
[+] Processing structure IgG_FP_0191_model0
[+] No. of intermolecular contacts: 55
[+] No. of charged-charged contacts: 0.0
[+] No. of charged-polar contacts: 2.0
[+] No. of charged-apolar contacts: 3.0
[+] No. of polar-polar contacts: 8.0
[+] No. of apolar-polar contacts: 21.0
[+] No. of apolar-apolar contacts: 21.0
[+] Percentage of apolar NIS residues: 40.35
[+] Percentage of charged NIS residues: 19.10
[++] Predicted binding affinity (kcal.mol-1):     -9.3
[++] Predicted dissociation constant (M) at 25.0˚C:  1.6e-07
",
IgG_FP_0192.pdb,/teams/YingChiLab_1702378116/MaishaZhang/PPIFlow-main/output/final_flowpacked_designs/antibody/IgG_FP_0192.pdb,True,0,-10.6,1.8e-08,93,2.0,10.0,21.0,7.0,18.0,35.0,"[+] Executing 1 task(s) in total
##########################################
[+] Processing structure IgG_FP_0192_model0
[+] No. of intermolecular contacts: 93
[+] No. of charged-charged contacts: 2.0
[+] No. of charged-polar contacts: 10.0
[+] No. of charged-apolar contacts: 21.0
[+] No. of polar-polar contacts: 7.0
[+] No. of apolar-polar contacts: 18.0
[+] No. of apolar-apolar contacts: 35.0
[+] Percentage of apolar NIS residues: 41.58
[+] Percentage of charged NIS residues: 19.01
[++] Predicted binding affinity (kcal.mol-1):    -10.6
[++] Predicted dissociation constant (M) at 25.0˚C:  1.8e-08
",
IgG_FP_0193.pdb,/teams/YingChiLab_1702378116/MaishaZhang/PPIFlow-main/output/final_flowpacked_designs/antibody/IgG_FP_0193.pdb,True,0,-10.1,3.7e-08,60,4.0,1.0,14.0,2.0,14.0,25.0,"[+] Executing 1 task(s) in total
##########################################
[+] Processing structure IgG_FP_0193_model0
[+] No. of intermolecular contacts: 60
[+] No. of charged-charged contacts: 4.0
[+] No. of charged-polar contacts: 1.0
[+] No. of charged-apolar contacts: 14.0
[+] No. of polar-polar contacts: 2.0
[+] No. of apolar-polar contacts: 14.0
[+] No. of apolar-apolar contacts: 25.0
[+] Percentage of apolar NIS residues: 41.26
[+] Percentage of charged NIS residues: 19.25
[++] Predicted binding affinity (kcal.mol-1):    -10.1
[++] Predicted dissociation constant (M) at 25.0˚C:  3.7e-08
",
IgG_FP_0194.pdb,/teams/YingChiLab_1702378116/MaishaZhang/PPIFlow-main/output/final_flowpacked_designs/antibody/IgG_FP_0194.pdb,True,0,-11.8,2.2e-09,76,2.0,7.0,15.0,8.0,27.0,17.0,"[+] Executing 1 task(s) in total
##########################################
[+] Processing structure IgG_FP_0194_model0
[+] No. of intermolecular contacts: 76
[+] No. of charged-charged contacts: 2.0
[+] No. of charged-polar contacts: 7.0
[+] No. of charged-apolar contacts: 15.0
[+] No. of polar-polar contacts: 8.0
[+] No. of apolar-polar contacts: 27.0
[+] No. of apolar-apolar contacts: 17.0
[+] Percentage of apolar NIS residues: 41.50
[+] Percentage of charged NIS residues: 18.97
[++] Predicted binding affinity (kcal.mol-1):    -11.8
[++] Predicted dissociation constant (M) at 25.0˚C:  2.2e-09
",
IgG_FP_0195.pdb,/teams/YingChiLab_1702378116/MaishaZhang/PPIFlow-main/output/final_flowpacked_designs/antibody/IgG_FP_0195.pdb,True,0,-11.2,6.2e-09,65,3.0,8.0,15.0,0.0,17.0,22.0,"[+] Executing 1 task(s) in total
##########################################
[+] Processing structure IgG_FP_0195_model0
[+] No. of intermolecular contacts: 65
[+] No. of charged-charged contacts: 3.0
[+] No. of charged-polar contacts: 8.0
[+] No. of charged-apolar contacts: 15.0
[+] No. of polar-polar contacts: 0.0
[+] No. of apolar-polar contacts: 17.0
[+] No. of apolar-apolar contacts: 22.0
[+] Percentage of apolar NIS residues: 41.29
[+] Percentage of charged NIS residues: 19.37
[++] Predicted binding affinity (kcal.mol-1):    -11.2
[++] Predicted dissociation constant (M) at 25.0˚C:  6.2e-09
",
IgG_FP_0196.pdb,/teams/YingChiLab_1702378116/MaishaZhang/PPIFlow-main/output/final_flowpacked_designs/antibody/IgG_FP_0196.pdb,True,0,-9.7,8.3e-08,83,1.0,10.0,22.0,8.0,15.0,27.0,"[+] Executing 1 task(s) in total
##########################################
[+] Processing structure IgG_FP_0196_model0
[+] No. of intermolecular contacts: 83
[+] No. of charged-charged contacts: 1.0
[+] No. of charged-polar contacts: 10.0
[+] No. of charged-apolar contacts: 22.0
[+] No. of polar-polar contacts: 8.0
[+] No. of apolar-polar contacts: 15.0
[+] No. of apolar-apolar contacts: 27.0
[+] Percentage of apolar NIS residues: 42.14
[+] Percentage of charged NIS residues: 18.45
[++] Predicted binding affinity (kcal.mol-1):     -9.7
[++] Predicted dissociation constant (M) at 25.0˚C:  8.3e-08
",
IgG_FP_0197.pdb,/teams/YingChiLab_1702378116/MaishaZhang/PPIFlow-main/output/final_flowpacked_designs/antibody/IgG_FP_0197.pdb,True,0,-12.6,5.3e-10,85,4.0,4.0,16.0,6.0,28.0,27.0,"[+] Executing 1 task(s) in total
##########################################
[+] Processing structure IgG_FP_0197_model0
[+] No. of intermolecular contacts: 85
[+] No. of charged-charged contacts: 4.0
[+] No. of charged-polar contacts: 4.0
[+] No. of charged-apolar contacts: 16.0
[+] No. of polar-polar contacts: 6.0
[+] No. of apolar-polar contacts: 28.0
[+] No. of apolar-apolar contacts: 27.0
[+] Percentage of apolar NIS residues: 41.65
[+] Percentage of charged NIS residues: 19.32
[++] Predicted binding affinity (kcal.mol-1):    -12.6
[++] Predicted dissociation constant (M) at 25.0˚C:  5.3e-10
",
IgG_FP_0198.pdb,/teams/YingChiLab_1702378116/MaishaZhang/PPIFlow-main/output/final_flowpacked_designs/antibody/IgG_FP_0198.pdb,True,0,-11.3,5.2e-09,58,2.0,6.0,6.0,9.0,29.0,6.0,"[+] Executing 1 task(s) in total
##########################################
[+] Processing structure IgG_FP_0198_model0
[+] No. of intermolecular contacts: 58
[+] No. of charged-charged contacts: 2.0
[+] No. of charged-polar contacts: 6.0
[+] No. of charged-apolar contacts: 6.0
[+] No. of polar-polar contacts: 9.0
[+] No. of apolar-polar contacts: 29.0
[+] No. of apolar-apolar contacts: 6.0
[+] Percentage of apolar NIS residues: 41.03
[+] Percentage of charged NIS residues: 18.74
[++] Predicted binding affinity (kcal.mol-1):    -11.3
[++] Predicted dissociation constant (M) at 25.0˚C:  5.2e-09
",
IgG_FP_0199.pdb,/teams/YingChiLab_1702378116/MaishaZhang/PPIFlow-main/output/final_flowpacked_designs/antibody/IgG_FP_0199.pdb,True,0,-10.3,2.8e-08,78,4.0,11.0,11.0,10.0,23.0,19.0,"[+] Executing 1 task(s) in total
##########################################
[+] Processing structure IgG_FP_0199_model0
[+] No. of intermolecular contacts: 78
[+] No. of charged-charged contacts: 4.0
[+] No. of charged-polar contacts: 11.0
[+] No. of charged-apolar contacts: 11.0
[+] No. of polar-polar contacts: 10.0
[+] No. of apolar-polar contacts: 23.0
[+] No. of apolar-apolar contacts: 19.0
[+] Percentage of apolar NIS residues: 41.49
[+] Percentage of charged NIS residues: 18.98
[++] Predicted binding affinity (kcal.mol-1):    -10.3
[++] Predicted dissociation constant (M) at 25.0˚C:  2.8e-08
",
IgG_FP_0200.pdb,/teams/YingChiLab_1702378116/MaishaZhang/PPIFlow-main/output/final_flowpacked_designs/antibody/IgG_FP_0200.pdb,True,0,-9.8,6.7e-08,69,1.0,11.0,8.0,9.0,22.0,18.0,"[+] Executing 1 task(s) in total
##########################################
[+] Processing structure IgG_FP_0200_model0
[+] No. of intermolecular contacts: 69
[+] No. of charged-charged contacts: 1.0
[+] No. of charged-polar contacts: 11.0
[+] No. of charged-apolar contacts: 8.0
[+] No. of polar-polar contacts: 9.0
[+] No. of apolar-polar contacts: 22.0
[+] No. of apolar-apolar contacts: 18.0
[+] Percentage of apolar NIS residues: 40.98
[+] Percentage of charged NIS residues: 19.02
[++] Predicted binding affinity (kcal.mol-1):     -9.8
[++] Predicted dissociation constant (M) at 25.0˚C:  6.7e-08
",
IgG_FP_0201.pdb,/teams/YingChiLab_1702378116/MaishaZhang/PPIFlow-main/output/final_flowpacked_designs/antibody/IgG_FP_0201.pdb,True,0,-11.2,6.0e-09,83,3.0,10.0,13.0,5.0,22.0,30.0,"[+] Executing 1 task(s) in total
##########################################
[+] Processing structure IgG_FP_0201_model0
[+] No. of intermolecular contacts: 83
[+] No. of charged-charged contacts: 3.0
[+] No. of charged-polar contacts: 10.0
[+] No. of charged-apolar contacts: 13.0
[+] No. of polar-polar contacts: 5.0
[+] No. of apolar-polar contacts: 22.0
[+] No. of apolar-apolar contacts: 30.0
[+] Percentage of apolar NIS residues: 41.36
[+] Percentage of charged NIS residues: 18.83
[++] Predicted binding affinity (kcal.mol-1):    -11.2
[++] Predicted dissociation constant (M) at 25.0˚C:  6.0e-09
",
IgG_FP_0202.pdb,/teams/YingChiLab_1702378116/MaishaZhang/PPIFlow-main/output/final_flowpacked_designs/antibody/IgG_FP_0202.pdb,True,0,-9.5,1.0e-07,62,3.0,5.0,16.0,2.0,11.0,25.0,"[+] Executing 1 task(s) in total
##########################################
[+] Processing structure IgG_FP_0202_model0
[+] No. of intermolecular contacts: 62
[+] No. of charged-charged contacts: 3.0
[+] No. of charged-polar contacts: 5.0
[+] No. of charged-apolar contacts: 16.0
[+] No. of polar-polar contacts: 2.0
[+] No. of apolar-polar contacts: 11.0
[+] No. of apolar-apolar contacts: 25.0
[+] Percentage of apolar NIS residues: 41.07
[+] Percentage of charged NIS residues: 19.64
[++] Predicted binding affinity (kcal.mol-1):     -9.5
[++] Predicted dissociation constant (M) at 25.0˚C:  1.0e-07
",
IgG_FP_0203.pdb,/teams/YingChiLab_1702378116/MaishaZhang/PPIFlow-main/output/final_flowpacked_designs/antibody/IgG_FP_0203.pdb,True,0,-10.1,4.0e-08,58,3.0,6.0,10.0,3.0,17.0,19.0,"[+] Executing 1 task(s) in total
##########################################
[+] Processing structure IgG_FP_0203_model0
[+] No. of intermolecular contacts: 58
[+] No. of charged-charged contacts: 3.0
[+] No. of charged-polar contacts: 6.0
[+] No. of charged-apolar contacts: 10.0
[+] No. of polar-polar contacts: 3.0
[+] No. of apolar-polar contacts: 17.0
[+] No. of apolar-apolar contacts: 19.0
[+] Percentage of apolar NIS residues: 41.72
[+] Percentage of charged NIS residues: 18.96
[++] Predicted binding affinity (kcal.mol-1):    -10.1
[++] Predicted dissociation constant (M) at 25.0˚C:  4.0e-08
",
IgG_FP_0204.pdb,/teams/YingChiLab_1702378116/MaishaZhang/PPIFlow-main/output/final_flowpacked_designs/antibody/IgG_FP_0204.pdb,True,0,-8.3,7.7e-07,73,8.0,15.0,21.0,6.0,6.0,17.0,"[+] Executing 1 task(s) in total
##########################################
[+] Processing structure IgG_FP_0204_model0
[+] No. of intermolecular contacts: 73
[+] No. of charged-charged contacts: 8.0
[+] No. of charged-polar contacts: 15.0
[+] No. of charged-apolar contacts: 21.0
[+] No. of polar-polar contacts: 6.0
[+] No. of apolar-polar contacts: 6.0
[+] No. of apolar-apolar contacts: 17.0
[+] Percentage of apolar NIS residues: 42.06
[+] Percentage of charged NIS residues: 20.24
[++] Predicted binding affinity (kcal.mol-1):     -8.3
[++] Predicted dissociation constant (M) at 25.0˚C:  7.7e-07
",
IgG_FP_0205.pdb,/teams/YingChiLab_1702378116/MaishaZhang/PPIFlow-main/output/final_flowpacked_designs/antibody/IgG_FP_0205.pdb,True,0,-9.0,2.5e-07,73,1.0,5.0,10.0,13.0,21.0,23.0,"[+] Executing 1 task(s) in total
##########################################
[+] Processing structure IgG_FP_0205_model0
[+] No. of intermolecular contacts: 73
[+] No. of charged-charged contacts: 1.0
[+] No. of charged-polar contacts: 5.0
[+] No. of charged-apolar contacts: 10.0
[+] No. of polar-polar contacts: 13.0
[+] No. of apolar-polar contacts: 21.0
[+] No. of apolar-apolar contacts: 23.0
[+] Percentage of apolar NIS residues: 41.09
[+] Percentage of charged NIS residues: 18.60
[++] Predicted binding affinity (kcal.mol-1):     -9.0
[++] Predicted dissociation constant (M) at 25.0˚C:  2.5e-07
",
IgG_FP_0206.pdb,/teams/YingChiLab_1702378116/MaishaZhang/PPIFlow-main/output/final_flowpacked_designs/antibody/IgG_FP_0206.pdb,True,0,-8.5,5.7e-07,63,2.0,9.0,13.0,4.0,10.0,25.0,"[+] Executing 1 task(s) in total
##########################################
[+] Processing structure IgG_FP_0206_model0
[+] No. of intermolecular contacts: 63
[+] No. of charged-charged contacts: 2.0
[+] No. of charged-polar contacts: 9.0
[+] No. of charged-apolar contacts: 13.0
[+] No. of polar-polar contacts: 4.0
[+] No. of apolar-polar contacts: 10.0
[+] No. of apolar-apolar contacts: 25.0
[+] Percentage of apolar NIS residues: 41.39
[+] Percentage of charged NIS residues: 19.34
[++] Predicted binding affinity (kcal.mol-1):     -8.5
[++] Predicted dissociation constant (M) at 25.0˚C:  5.7e-07
",
IgG_FP_0207.pdb,/teams/YingChiLab_1702378116/MaishaZhang/PPIFlow-main/output/final_flowpacked_designs/antibody/IgG_FP_0207.pdb,True,0,-11.5,3.8e-09,85,4.0,16.0,14.0,6.0,23.0,22.0,"[+] Executing 1 task(s) in total
##########################################
[+] Processing structure IgG_FP_0207_model0
[+] No. of intermolecular contacts: 85
[+] No. of charged-charged contacts: 4.0
[+] No. of charged-polar contacts: 16.0
[+] No. of charged-apolar contacts: 14.0
[+] No. of polar-polar contacts: 6.0
[+] No. of apolar-polar contacts: 23.0
[+] No. of apolar-apolar contacts: 22.0
[+] Percentage of apolar NIS residues: 40.67
[+] Percentage of charged NIS residues: 19.44
[++] Predicted binding affinity (kcal.mol-1):    -11.5
[++] Predicted dissociation constant (M) at 25.0˚C:  3.8e-09
",
IgG_FP_0208.pdb,/teams/YingChiLab_1702378116/MaishaZhang/PPIFlow-main/output/final_flowpacked_designs/antibody/IgG_FP_0208.pdb,True,0,-9.1,2.1e-07,52,4.0,7.0,15.0,4.0,11.0,11.0,"[+] Executing 1 task(s) in total
##########################################
[+] Processing structure IgG_FP_0208_model0
[+] No. of intermolecular contacts: 52
[+] No. of charged-charged contacts: 4.0
[+] No. of charged-polar contacts: 7.0
[+] No. of charged-apolar contacts: 15.0
[+] No. of polar-polar contacts: 4.0
[+] No. of apolar-polar contacts: 11.0
[+] No. of apolar-apolar contacts: 11.0
[+] Percentage of apolar NIS residues: 41.85
[+] Percentage of charged NIS residues: 18.86
[++] Predicted binding affinity (kcal.mol-1):     -9.1
[++] Predicted dissociation constant (M) at 25.0˚C:  2.1e-07
",
IgG_FP_0209.pdb,/teams/YingChiLab_1702378116/MaishaZhang/PPIFlow-main/output/final_flowpacked_designs/antibody/IgG_FP_0209.pdb,True,0,-10.6,1.8e-08,74,0.0,6.0,7.0,10.0,28.0,23.0,"[+] Executing 1 task(s) in total
##########################################
[+] Processing structure IgG_FP_0209_model0
[+] No. of intermolecular contacts: 74
[+] No. of charged-charged contacts: 0.0
[+] No. of charged-polar contacts: 6.0
[+] No. of charged-apolar contacts: 7.0
[+] No. of polar-polar contacts: 10.0
[+] No. of apolar-polar contacts: 28.0
[+] No. of apolar-apolar contacts: 23.0
[+] Percentage of apolar NIS residues: 42.44
[+] Percentage of charged NIS residues: 18.47
[++] Predicted binding affinity (kcal.mol-1):    -10.6
[++] Predicted dissociation constant (M) at 25.0˚C:  1.8e-08
",
IgG_FP_0210.pdb,/teams/YingChiLab_1702378116/MaishaZhang/PPIFlow-main/output/final_flowpacked_designs/antibody/IgG_FP_0210.pdb,True,0,-8.4,6.3e-07,61,0.0,4.0,6.0,8.0,17.0,26.0,"[+] Executing 1 task(s) in total
##########################################
[+] Processing structure IgG_FP_0210_model0
[+] No. of intermolecular contacts: 61
[+] No. of charged-charged contacts: 0.0
[+] No. of charged-polar contacts: 4.0
[+] No. of charged-apolar contacts: 6.0
[+] No. of polar-polar contacts: 8.0
[+] No. of apolar-polar contacts: 17.0
[+] No. of apolar-apolar contacts: 26.0
[+] Percentage of apolar NIS residues: 41.12
[+] Percentage of charged NIS residues: 19.56
[++] Predicted binding affinity (kcal.mol-1):     -8.4
[++] Predicted dissociation constant (M) at 25.0˚C:  6.3e-07
",
IgG_FP_0211.pdb,/teams/YingChiLab_1702378116/MaishaZhang/PPIFlow-main/output/final_flowpacked_designs/antibody/IgG_FP_0211.pdb,True,0,-10.2,3.3e-08,60,0.0,7.0,9.0,3.0,18.0,23.0,"[+] Executing 1 task(s) in total
##########################################
[+] Processing structure IgG_FP_0211_model0
[+] No. of intermolecular contacts: 60
[+] No. of charged-charged contacts: 0.0
[+] No. of charged-polar contacts: 7.0
[+] No. of charged-apolar contacts: 9.0
[+] No. of polar-polar contacts: 3.0
[+] No. of apolar-polar contacts: 18.0
[+] No. of apolar-apolar contacts: 23.0
[+] Percentage of apolar NIS residues: 40.55
[+] Percentage of charged NIS residues: 18.50
[++] Predicted binding affinity (kcal.mol-1):    -10.2
[++] Predicted dissociation constant (M) at 25.0˚C:  3.3e-08
",
IgG_FP_0212.pdb,/teams/YingChiLab_1702378116/MaishaZhang/PPIFlow-main/output/final_flowpacked_designs/antibody/IgG_FP_0212.pdb,True,0,-11.0,8.7e-09,74,2.0,6.0,16.0,7.0,22.0,21.0,"[+] Executing 1 task(s) in total
##########################################
[+] Processing structure IgG_FP_0212_model0
[+] No. of intermolecular contacts: 74
[+] No. of charged-charged contacts: 2.0
[+] No. of charged-polar contacts: 6.0
[+] No. of charged-apolar contacts: 16.0
[+] No. of polar-polar contacts: 7.0
[+] No. of apolar-polar contacts: 22.0
[+] No. of apolar-apolar contacts: 21.0
[+] Percentage of apolar NIS residues: 41.41
[+] Percentage of charged NIS residues: 18.99
[++] Predicted binding affinity (kcal.mol-1):    -11.0
[++] Predicted dissociation constant (M) at 25.0˚C:  8.7e-09
",
IgG_FP_0213.pdb,/teams/YingChiLab_1702378116/MaishaZhang/PPIFlow-main/output/final_flowpacked_designs/antibody/IgG_FP_0213.pdb,True,0,-9.7,7.6e-08,98,2.0,17.0,12.0,17.0,27.0,23.0,"[+] Executing 1 task(s) in total
##########################################
[+] Processing structure IgG_FP_0213_model0
[+] No. of intermolecular contacts: 98
[+] No. of charged-charged contacts: 2.0
[+] No. of charged-polar contacts: 17.0
[+] No. of charged-apolar contacts: 12.0
[+] No. of polar-polar contacts: 17.0
[+] No. of apolar-polar contacts: 27.0
[+] No. of apolar-apolar contacts: 23.0
[+] Percentage of apolar NIS residues: 41.95
[+] Percentage of charged NIS residues: 18.69
[++] Predicted binding affinity (kcal.mol-1):     -9.7
[++] Predicted dissociation constant (M) at 25.0˚C:  7.6e-08
",
IgG_FP_0214.pdb,/teams/YingChiLab_1702378116/MaishaZhang/PPIFlow-main/output/final_flowpacked_designs/antibody/IgG_FP_0214.pdb,True,0,-10.0,4.6e-08,53,3.0,6.0,13.0,5.0,17.0,9.0,"[+] Executing 1 task(s) in total
##########################################
[+] Processing structure IgG_FP_0214_model0
[+] No. of intermolecular contacts: 53
[+] No. of charged-charged contacts: 3.0
[+] No. of charged-polar contacts: 6.0
[+] No. of charged-apolar contacts: 13.0
[+] No. of polar-polar contacts: 5.0
[+] No. of apolar-polar contacts: 17.0
[+] No. of apolar-apolar contacts: 9.0
[+] Percentage of apolar NIS residues: 42.11
[+] Percentage of charged NIS residues: 18.32
[++] Predicted binding affinity (kcal.mol-1):    -10.0
[++] Predicted dissociation constant (M) at 25.0˚C:  4.6e-08
",
IgG_FP_0215.pdb,/teams/YingChiLab_1702378116/MaishaZhang/PPIFlow-main/output/final_flowpacked_designs/antibody/IgG_FP_0215.pdb,True,0,-11.7,2.5e-09,83,2.0,8.0,20.0,6.0,22.0,25.0,"[+] Executing 1 task(s) in total
##########################################
[+] Processing structure IgG_FP_0215_model0
[+] No. of intermolecular contacts: 83
[+] No. of charged-charged contacts: 2.0
[+] No. of charged-polar contacts: 8.0
[+] No. of charged-apolar contacts: 20.0
[+] No. of polar-polar contacts: 6.0
[+] No. of apolar-polar contacts: 22.0
[+] No. of apolar-apolar contacts: 25.0
[+] Percentage of apolar NIS residues: 41.04
[+] Percentage of charged NIS residues: 18.53
[++] Predicted binding affinity (kcal.mol-1):    -11.7
[++] Predicted dissociation constant (M) at 25.0˚C:  2.5e-09
",
IgG_FP_0216.pdb,/teams/YingChiLab_1702378116/MaishaZhang/PPIFlow-main/output/final_flowpacked_designs/antibody/IgG_FP_0216.pdb,True,0,-12.2,1.1e-09,78,5.0,7.0,20.0,6.0,23.0,17.0,"[+] Executing 1 task(s) in total
##########################################
[+] Processing structure IgG_FP_0216_model0
[+] No. of intermolecular contacts: 78
[+] No. of charged-charged contacts: 5.0
[+] No. of charged-polar contacts: 7.0
[+] No. of charged-apolar contacts: 20.0
[+] No. of polar-polar contacts: 6.0
[+] No. of apolar-polar contacts: 23.0
[+] No. of apolar-apolar contacts: 17.0
[+] Percentage of apolar NIS residues: 40.72
[+] Percentage of charged NIS residues: 18.96
[++] Predicted binding affinity (kcal.mol-1):    -12.2
[++] Predicted dissociation constant (M) at 25.0˚C:  1.1e-09
",
IgG_FP_0217.pdb,/teams/YingChiLab_1702378116/MaishaZhang/PPIFlow-main/output/final_flowpacked_designs/antibody/IgG_FP_0217.pdb,True,0,-8.8,3.5e-07,64,1.0,13.0,10.0,8.0,16.0,16.0,"[+] Executing 1 task(s) in total
##########################################
[+] Processing structure IgG_FP_0217_model0
[+] No. of intermolecular contacts: 64
[+] No. of charged-charged contacts: 1.0
[+] No. of charged-polar contacts: 13.0
[+] No. of charged-apolar contacts: 10.0
[+] No. of polar-polar contacts: 8.0
[+] No. of apolar-polar contacts: 16.0
[+] No. of apolar-apolar contacts: 16.0
[+] Percentage of apolar NIS residues: 41.39
[+] Percentage of charged NIS residues: 18.57
[++] Predicted binding affinity (kcal.mol-1):     -8.8
[++] Predicted dissociation constant (M) at 25.0˚C:  3.5e-07
",
IgG_FP_0218.pdb,/teams/YingChiLab_1702378116/MaishaZhang/PPIFlow-main/output/final_flowpacked_designs/antibody/IgG_FP_0218.pdb,True,0,-9.4,1.2e-07,65,3.0,7.0,19.0,2.0,9.0,25.0,"[+] Executing 1 task(s) in total
##########################################
[+] Processing structure IgG_FP_0218_model0
[+] No. of intermolecular contacts: 65
[+] No. of charged-charged contacts: 3.0
[+] No. of charged-polar contacts: 7.0
[+] No. of charged-apolar contacts: 19.0
[+] No. of polar-polar contacts: 2.0
[+] No. of apolar-polar contacts: 9.0
[+] No. of apolar-apolar contacts: 25.0
[+] Percentage of apolar NIS residues: 41.08
[+] Percentage of charged NIS residues: 19.24
[++] Predicted binding affinity (kcal.mol-1):     -9.4
[++] Predicted dissociation constant (M) at 25.0˚C:  1.2e-07
",
IgG_FP_0219.pdb,/teams/YingChiLab_1702378116/MaishaZhang/PPIFlow-main/output/final_flowpacked_designs/antibody/IgG_FP_0219.pdb,True,0,-10.4,2.2e-08,52,5.0,5.0,13.0,2.0,16.0,11.0,"[+] Executing 1 task(s) in total
##########################################
[+] Processing structure IgG_FP_0219_model0
[+] No. of intermolecular contacts: 52
[+] No. of charged-charged contacts: 5.0
[+] No. of charged-polar contacts: 5.0
[+] No. of charged-apolar contacts: 13.0
[+] No. of polar-polar contacts: 2.0
[+] No. of apolar-polar contacts: 16.0
[+] No. of apolar-apolar contacts: 11.0
[+] Percentage of apolar NIS residues: 41.49
[+] Percentage of charged NIS residues: 19.96
[++] Predicted binding affinity (kcal.mol-1):    -10.4
[++] Predicted dissociation constant (M) at 25.0˚C:  2.2e-08
",
IgG_FP_0220.pdb,/teams/YingChiLab_1702378116/MaishaZhang/PPIFlow-main/output/final_flowpacked_designs/antibody/IgG_FP_0220.pdb,True,0,-10.2,3.1e-08,72,3.0,9.0,13.0,8.0,20.0,19.0,"[+] Executing 1 task(s) in total
##########################################
[+] Processing structure IgG_FP_0220_model0
[+] No. of intermolecular contacts: 72
[+] No. of charged-charged contacts: 3.0
[+] No. of charged-polar contacts: 9.0
[+] No. of charged-apolar contacts: 13.0
[+] No. of polar-polar contacts: 8.0
[+] No. of apolar-polar contacts: 20.0
[+] No. of apolar-apolar contacts: 19.0
[+] Percentage of apolar NIS residues: 41.34
[+] Percentage of charged NIS residues: 18.31
[++] Predicted binding affinity (kcal.mol-1):    -10.2
[++] Predicted dissociation constant (M) at 25.0˚C:  3.1e-08
",
IgG_FP_0221.pdb,/teams/YingChiLab_1702378116/MaishaZhang/PPIFlow-main/output/final_flowpacked_designs/antibody/IgG_FP_0221.pdb,True,0,-10.2,3.4e-08,67,4.0,13.0,20.0,0.0,10.0,20.0,"[+] Executing 1 task(s) in total
##########################################
[+] Processing structure IgG_FP_0221_model0
[+] No. of intermolecular contacts: 67
[+] No. of charged-charged contacts: 4.0
[+] No. of charged-polar contacts: 13.0
[+] No. of charged-apolar contacts: 20.0
[+] No. of polar-polar contacts: 0.0
[+] No. of apolar-polar contacts: 10.0
[+] No. of apolar-apolar contacts: 20.0
[+] Percentage of apolar NIS residues: 41.43
[+] Percentage of charged NIS residues: 19.27
[++] Predicted binding affinity (kcal.mol-1):    -10.2
[++] Predicted dissociation constant (M) at 25.0˚C:  3.4e-08
",
IgG_FP_0222.pdb,/teams/YingChiLab_1702378116/MaishaZhang/PPIFlow-main/output/final_flowpacked_designs/antibody/IgG_FP_0222.pdb,True,0,-11.5,3.5e-09,68,4.0,12.0,12.0,5.0,24.0,11.0,"[+] Executing 1 task(s) in total
##########################################
[+] Processing structure IgG_FP_0222_model0
[+] No. of intermolecular contacts: 68
[+] No. of charged-charged contacts: 4.0
[+] No. of charged-polar contacts: 12.0
[+] No. of charged-apolar contacts: 12.0
[+] No. of polar-polar contacts: 5.0
[+] No. of apolar-polar contacts: 24.0
[+] No. of apolar-apolar contacts: 11.0
[+] Percentage of apolar NIS residues: 41.63
[+] Percentage of charged NIS residues: 19.46
[++] Predicted binding affinity (kcal.mol-1):    -11.5
[++] Predicted dissociation constant (M) at 25.0˚C:  3.5e-09
",
IgG_FP_0223.pdb,/teams/YingChiLab_1702378116/MaishaZhang/PPIFlow-main/output/final_flowpacked_designs/antibody/IgG_FP_0223.pdb,True,0,-10.0,4.5e-08,65,3.0,8.0,10.0,4.0,17.0,23.0,"[+] Executing 1 task(s) in total
##########################################
[+] Processing structure IgG_FP_0223_model0
[+] No. of intermolecular contacts: 65
[+] No. of charged-charged contacts: 3.0
[+] No. of charged-polar contacts: 8.0
[+] No. of charged-apolar contacts: 10.0
[+] No. of polar-polar contacts: 4.0
[+] No. of apolar-polar contacts: 17.0
[+] No. of apolar-apolar contacts: 23.0
[+] Percentage of apolar NIS residues: 40.94
[+] Percentage of charged NIS residues: 19.09
[++] Predicted binding affinity (kcal.mol-1):    -10.0
[++] Predicted dissociation constant (M) at 25.0˚C:  4.5e-08
",
IgG_FP_0224.pdb,/teams/YingChiLab_1702378116/MaishaZhang/PPIFlow-main/output/final_flowpacked_designs/antibody/IgG_FP_0224.pdb,True,0,-10.3,2.7e-08,86,4.0,9.0,16.0,8.0,19.0,30.0,"[+] Executing 1 task(s) in total
##########################################
[+] Processing structure IgG_FP_0224_model0
[+] No. of intermolecular contacts: 86
[+] No. of charged-charged contacts: 4.0
[+] No. of charged-polar contacts: 9.0
[+] No. of charged-apolar contacts: 16.0
[+] No. of polar-polar contacts: 8.0
[+] No. of apolar-polar contacts: 19.0
[+] No. of apolar-apolar contacts: 30.0
[+] Percentage of apolar NIS residues: 41.85
[+] Percentage of charged NIS residues: 18.27
[++] Predicted binding affinity (kcal.mol-1):    -10.3
[++] Predicted dissociation constant (M) at 25.0˚C:  2.7e-08
",
IgG_FP_0225.pdb,/teams/YingChiLab_1702378116/MaishaZhang/PPIFlow-main/output/final_flowpacked_designs/antibody/IgG_FP_0225.pdb,True,0,-9.2,1.8e-07,65,0.0,9.0,9.0,2.0,14.0,31.0,"[+] Executing 1 task(s) in total
##########################################
[+] Processing structure IgG_FP_0225_model0
[+] No. of intermolecular contacts: 65
[+] No. of charged-charged contacts: 0.0
[+] No. of charged-polar contacts: 9.0
[+] No. of charged-apolar contacts: 9.0
[+] No. of polar-polar contacts: 2.0
[+] No. of apolar-polar contacts: 14.0
[+] No. of apolar-apolar contacts: 31.0
[+] Percentage of apolar NIS residues: 42.14
[+] Percentage of charged NIS residues: 18.45
[++] Predicted binding affinity (kcal.mol-1):     -9.2
[++] Predicted dissociation constant (M) at 25.0˚C:  1.8e-07
",
IgG_FP_0226.pdb,/teams/YingChiLab_1702378116/MaishaZhang/PPIFlow-main/output/final_flowpacked_designs/antibody/IgG_FP_0226.pdb,True,0,-11.5,3.7e-09,76,4.0,12.0,20.0,3.0,19.0,18.0,"[+] Executing 1 task(s) in total
##########################################
[+] Processing structure IgG_FP_0226_model0
[+] No. of intermolecular contacts: 76
[+] No. of charged-charged contacts: 4.0
[+] No. of charged-polar contacts: 12.0
[+] No. of charged-apolar contacts: 20.0
[+] No. of polar-polar contacts: 3.0
[+] No. of apolar-polar contacts: 19.0
[+] No. of apolar-apolar contacts: 18.0
[+] Percentage of apolar NIS residues: 42.37
[+] Percentage of charged NIS residues: 19.08
[++] Predicted binding affinity (kcal.mol-1):    -11.5
[++] Predicted dissociation constant (M) at 25.0˚C:  3.7e-09
",
IgG_FP_0227.pdb,/teams/YingChiLab_1702378116/MaishaZhang/PPIFlow-main/output/final_flowpacked_designs/antibody/IgG_FP_0227.pdb,True,0,-11.5,3.4e-09,77,0.0,4.0,14.0,4.0,24.0,31.0,"[+] Executing 1 task(s) in total
##########################################
[+] Processing structure IgG_FP_0227_model0
[+] No. of intermolecular contacts: 77
[+] No. of charged-charged contacts: 0.0
[+] No. of charged-polar contacts: 4.0
[+] No. of charged-apolar contacts: 14.0
[+] No. of polar-polar contacts: 4.0
[+] No. of apolar-polar contacts: 24.0
[+] No. of apolar-apolar contacts: 31.0
[+] Percentage of apolar NIS residues: 42.41
[+] Percentage of charged NIS residues: 18.34
[++] Predicted binding affinity (kcal.mol-1):    -11.5
[++] Predicted dissociation constant (M) at 25.0˚C:  3.4e-09
",
IgG_FP_0228.pdb,/teams/YingChiLab_1702378116/MaishaZhang/PPIFlow-main/output/final_flowpacked_designs/antibody/IgG_FP_0228.pdb,True,0,-10.3,2.9e-08,73,3.0,8.0,18.0,4.0,15.0,25.0,"[+] Executing 1 task(s) in total
##########################################
[+] Processing structure IgG_FP_0228_model0
[+] No. of intermolecular contacts: 73
[+] No. of charged-charged contacts: 3.0
[+] No. of charged-polar contacts: 8.0
[+] No. of charged-apolar contacts: 18.0
[+] No. of polar-polar contacts: 4.0
[+] No. of apolar-polar contacts: 15.0
[+] No. of apolar-apolar contacts: 25.0
[+] Percentage of apolar NIS residues: 41.54
[+] Percentage of charged NIS residues: 18.90
[++] Predicted binding affinity (kcal.mol-1):    -10.3
[++] Predicted dissociation constant (M) at 25.0˚C:  2.9e-08
",
IgG_FP_0229.pdb,/teams/YingChiLab_1702378116/MaishaZhang/PPIFlow-main/output/final_flowpacked_designs/antibody/IgG_FP_0229.pdb,True,0,-10.7,1.4e-08,94,2.0,14.0,11.0,14.0,29.0,24.0,"[+] Executing 1 task(s) in total
##########################################
[+] Processing structure IgG_FP_0229_model0
[+] No. of intermolecular contacts: 94
[+] No. of charged-charged contacts: 2.0
[+] No. of charged-polar contacts: 14.0
[+] No. of charged-apolar contacts: 11.0
[+] No. of polar-polar contacts: 14.0
[+] No. of apolar-polar contacts: 29.0
[+] No. of apolar-apolar contacts: 24.0
[+] Percentage of apolar NIS residues: 41.27
[+] Percentage of charged NIS residues: 19.25
[++] Predicted binding affinity (kcal.mol-1):    -10.7
[++] Predicted dissociation constant (M) at 25.0˚C:  1.4e-08
",
IgG_FP_0230.pdb,/teams/YingChiLab_1702378116/MaishaZhang/PPIFlow-main/output/final_flowpacked_designs/antibody/IgG_FP_0230.pdb,True,0,-10.9,9.8e-09,62,3.0,7.0,12.0,3.0,20.0,17.0,"[+] Executing 1 task(s) in total
##########################################
[+] Processing structure IgG_FP_0230_model0
[+] No. of intermolecular contacts: 62
[+] No. of charged-charged contacts: 3.0
[+] No. of charged-polar contacts: 7.0
[+] No. of charged-apolar contacts: 12.0
[+] No. of polar-polar contacts: 3.0
[+] No. of apolar-polar contacts: 20.0
[+] No. of apolar-apolar contacts: 17.0
[+] Percentage of apolar NIS residues: 41.70
[+] Percentage of charged NIS residues: 19.31
[++] Predicted binding affinity (kcal.mol-1):    -10.9
[++] Predicted dissociation constant (M) at 25.0˚C:  9.8e-09
",
IgG_FP_0231.pdb,/teams/YingChiLab_1702378116/MaishaZhang/PPIFlow-main/output/final_flowpacked_designs/antibody/IgG_FP_0231.pdb,True,0,-10.2,3.5e-08,69,3.0,8.0,12.0,9.0,21.0,16.0,"[+] Executing 1 task(s) in total
##########################################
[+] Processing structure IgG_FP_0231_model0
[+] No. of intermolecular contacts: 69
[+] No. of charged-charged contacts: 3.0
[+] No. of charged-polar contacts: 8.0
[+] No. of charged-apolar contacts: 12.0
[+] No. of polar-polar contacts: 9.0
[+] No. of apolar-polar contacts: 21.0
[+] No. of apolar-apolar contacts: 16.0
[+] Percentage of apolar NIS residues: 40.67
[+] Percentage of charged NIS residues: 19.25
[++] Predicted binding affinity (kcal.mol-1):    -10.2
[++] Predicted dissociation constant (M) at 25.0˚C:  3.5e-08
",
IgG_FP_0232.pdb,/teams/YingChiLab_1702378116/MaishaZhang/PPIFlow-main/output/final_flowpacked_designs/antibody/IgG_FP_0232.pdb,True,0,-11.4,4.6e-09,67,1.0,10.0,18.0,3.0,20.0,15.0,"[+] Executing 1 task(s) in total
##########################################
[+] Processing structure IgG_FP_0232_model0
[+] No. of intermolecular contacts: 67
[+] No. of charged-charged contacts: 1.0
[+] No. of charged-polar contacts: 10.0
[+] No. of charged-apolar contacts: 18.0
[+] No. of polar-polar contacts: 3.0
[+] No. of apolar-polar contacts: 20.0
[+] No. of apolar-apolar contacts: 15.0
[+] Percentage of apolar NIS residues: 41.54
[+] Percentage of charged NIS residues: 19.29
[++] Predicted binding affinity (kcal.mol-1):    -11.4
[++] Predicted dissociation constant (M) at 25.0˚C:  4.6e-09
",
IgG_FP_0233.pdb,/teams/YingChiLab_1702378116/MaishaZhang/PPIFlow-main/output/final_flowpacked_designs/antibody/IgG_FP_0233.pdb,True,0,-11.7,2.6e-09,88,2.0,8.0,13.0,9.0,28.0,28.0,"[+] Executing 1 task(s) in total
##########################################
[+] Processing structure IgG_FP_0233_model0
[+] No. of intermolecular contacts: 88
[+] No. of charged-charged contacts: 2.0
[+] No. of charged-polar contacts: 8.0
[+] No. of charged-apolar contacts: 13.0
[+] No. of polar-polar contacts: 9.0
[+] No. of apolar-polar contacts: 28.0
[+] No. of apolar-apolar contacts: 28.0
[+] Percentage of apolar NIS residues: 41.16
[+] Percentage of charged NIS residues: 19.08
[++] Predicted binding affinity (kcal.mol-1):    -11.7
[++] Predicted dissociation constant (M) at 25.0˚C:  2.6e-09
",
IgG_FP_0234.pdb,/teams/YingChiLab_1702378116/MaishaZhang/PPIFlow-main/output/final_flowpacked_designs/antibody/IgG_FP_0234.pdb,True,0,-11.3,4.9e-09,67,3.0,8.0,19.0,2.0,18.0,17.0,"[+] Executing 1 task(s) in total
##########################################
[+] Processing structure IgG_FP_0234_model0
[+] No. of intermolecular contacts: 67
[+] No. of charged-charged contacts: 3.0
[+] No. of charged-polar contacts: 8.0
[+] No. of charged-apolar contacts: 19.0
[+] No. of polar-polar contacts: 2.0
[+] No. of apolar-polar contacts: 18.0
[+] No. of apolar-apolar contacts: 17.0
[+] Percentage of apolar NIS residues: 41.75
[+] Percentage of charged NIS residues: 19.48
[++] Predicted binding affinity (kcal.mol-1):    -11.3
[++] Predicted dissociation constant (M) at 25.0˚C:  4.9e-09
",
IgG_FP_0235.pdb,/teams/YingChiLab_1702378116/MaishaZhang/PPIFlow-main/output/final_flowpacked_designs/antibody/IgG_FP_0235.pdb,True,0,-11.5,3.7e-09,82,7.0,11.0,16.0,10.0,25.0,13.0,"[+] Executing 1 task(s) in total
##########################################
[+] Processing structure IgG_FP_0235_model0
[+] No. of intermolecular contacts: 82
[+] No. of charged-charged contacts: 7.0
[+] No. of charged-polar contacts: 11.0
[+] No. of charged-apolar contacts: 16.0
[+] No. of polar-polar contacts: 10.0
[+] No. of apolar-polar contacts: 25.0
[+] No. of apolar-apolar contacts: 13.0
[+] Percentage of apolar NIS residues: 41.24
[+] Percentage of charged NIS residues: 19.72
[++] Predicted binding affinity (kcal.mol-1):    -11.5
[++] Predicted dissociation constant (M) at 25.0˚C:  3.7e-09
",
IgG_FP_0236.pdb,/teams/YingChiLab_1702378116/MaishaZhang/PPIFlow-main/output/final_flowpacked_designs/antibody/IgG_FP_0236.pdb,True,0,-8.9,3.1e-07,66,3.0,10.0,19.0,9.0,12.0,13.0,"[+] Executing 1 task(s) in total
##########################################
[+] Processing structure IgG_FP_0236_model0
[+] No. of intermolecular contacts: 66
[+] No. of charged-charged contacts: 3.0
[+] No. of charged-polar contacts: 10.0
[+] No. of charged-apolar contacts: 19.0
[+] No. of polar-polar contacts: 9.0
[+] No. of apolar-polar contacts: 12.0
[+] No. of apolar-apolar contacts: 13.0
[+] Percentage of apolar NIS residues: 40.55
[+] Percentage of charged NIS residues: 19.09
[++] Predicted binding affinity (kcal.mol-1):     -8.9
[++] Predicted dissociation constant (M) at 25.0˚C:  3.1e-07
",
IgG_FP_0237.pdb,/teams/YingChiLab_1702378116/MaishaZhang/PPIFlow-main/output/final_flowpacked_designs/antibody/IgG_FP_0237.pdb,True,0,-9.5,1.1e-07,60,3.0,7.0,14.0,1.0,11.0,24.0,"[+] Executing 1 task(s) in total
##########################################
[+] Processing structure IgG_FP_0237_model0
[+] No. of intermolecular contacts: 60
[+] No. of charged-charged contacts: 3.0
[+] No. of charged-polar contacts: 7.0
[+] No. of charged-apolar contacts: 14.0
[+] No. of polar-polar contacts: 1.0
[+] No. of apolar-polar contacts: 11.0
[+] No. of apolar-apolar contacts: 24.0
[+] Percentage of apolar NIS residues: 41.85
[+] Percentage of charged NIS residues: 19.06
[++] Predicted binding affinity (kcal.mol-1):     -9.5
[++] Predicted dissociation constant (M) at 25.0˚C:  1.1e-07
",
IgG_FP_0238.pdb,/teams/YingChiLab_1702378116/MaishaZhang/PPIFlow-main/output/final_flowpacked_designs/antibody/IgG_FP_0238.pdb,True,0,-12.6,5.4e-10,85,2.0,10.0,13.0,8.0,31.0,21.0,"[+] Executing 1 task(s) in total
##########################################
[+] Processing structure IgG_FP_0238_model0
[+] No. of intermolecular contacts: 85
[+] No. of charged-charged contacts: 2.0
[+] No. of charged-polar contacts: 10.0
[+] No. of charged-apolar contacts: 13.0
[+] No. of polar-polar contacts: 8.0
[+] No. of apolar-polar contacts: 31.0
[+] No. of apolar-apolar contacts: 21.0
[+] Percentage of apolar NIS residues: 41.21
[+] Percentage of charged NIS residues: 18.55
[++] Predicted binding affinity (kcal.mol-1):    -12.6
[++] Predicted dissociation constant (M) at 25.0˚C:  5.4e-10
",
IgG_FP_0239.pdb,/teams/YingChiLab_1702378116/MaishaZhang/PPIFlow-main/output/final_flowpacked_designs/antibody/IgG_FP_0239.pdb,True,0,-11.3,5.0e-09,84,5.0,14.0,12.0,7.0,24.0,22.0,"[+] Executing 1 task(s) in total
##########################################
[+] Processing structure IgG_FP_0239_model0
[+] No. of intermolecular contacts: 84
[+] No. of charged-charged contacts: 5.0
[+] No. of charged-polar contacts: 14.0
[+] No. of charged-apolar contacts: 12.0
[+] No. of polar-polar contacts: 7.0
[+] No. of apolar-polar contacts: 24.0
[+] No. of apolar-apolar contacts: 22.0
[+] Percentage of apolar NIS residues: 41.57
[+] Percentage of charged NIS residues: 18.82
[++] Predicted binding affinity (kcal.mol-1):    -11.3
[++] Predicted dissociation constant (M) at 25.0˚C:  5.0e-09
",
IgG_FP_0240.pdb,/teams/YingChiLab_1702378116/MaishaZhang/PPIFlow-main/output/final_flowpacked_designs/antibody/IgG_FP_0240.pdb,True,0,-10.0,5.0e-08,58,1.0,4.0,4.0,9.0,25.0,15.0,"[+] Executing 1 task(s) in total
##########################################
[+] Processing structure IgG_FP_0240_model0
[+] No. of intermolecular contacts: 58
[+] No. of charged-charged contacts: 1.0
[+] No. of charged-polar contacts: 4.0
[+] No. of charged-apolar contacts: 4.0
[+] No. of polar-polar contacts: 9.0
[+] No. of apolar-polar contacts: 25.0
[+] No. of apolar-apolar contacts: 15.0
[+] Percentage of apolar NIS residues: 41.89
[+] Percentage of charged NIS residues: 18.53
[++] Predicted binding affinity (kcal.mol-1):    -10.0
[++] Predicted dissociation constant (M) at 25.0˚C:  5.0e-08
",
IgG_FP_0241.pdb,/teams/YingChiLab_1702378116/MaishaZhang/PPIFlow-main/output/final_flowpacked_designs/antibody/IgG_FP_0241.pdb,True,0,-11.8,2.2e-09,82,7.0,10.0,17.0,8.0,24.0,16.0,"[+] Executing 1 task(s) in total
##########################################
[+] Processing structure IgG_FP_0241_model0
[+] No. of intermolecular contacts: 82
[+] No. of charged-charged contacts: 7.0
[+] No. of charged-polar contacts: 10.0
[+] No. of charged-apolar contacts: 17.0
[+] No. of polar-polar contacts: 8.0
[+] No. of apolar-polar contacts: 24.0
[+] No. of apolar-apolar contacts: 16.0
[+] Percentage of apolar NIS residues: 41.67
[+] Percentage of charged NIS residues: 18.85
[++] Predicted binding affinity (kcal.mol-1):    -11.8
[++] Predicted dissociation constant (M) at 25.0˚C:  2.2e-09
",
IgG_FP_0242.pdb,/teams/YingChiLab_1702378116/MaishaZhang/PPIFlow-main/output/final_flowpacked_designs/antibody/IgG_FP_0242.pdb,True,0,-13.1,2.4e-10,77,3.0,11.0,20.0,3.0,26.0,14.0,"[+] Executing 1 task(s) in total
##########################################
[+] Processing structure IgG_FP_0242_model0
[+] No. of intermolecular contacts: 77
[+] No. of charged-charged contacts: 3.0
[+] No. of charged-polar contacts: 11.0
[+] No. of charged-apolar contacts: 20.0
[+] No. of polar-polar contacts: 3.0
[+] No. of apolar-polar contacts: 26.0
[+] No. of apolar-apolar contacts: 14.0
[+] Percentage of apolar NIS residues: 41.22
[+] Percentage of charged NIS residues: 19.72
[++] Predicted binding affinity (kcal.mol-1):    -13.1
[++] Predicted dissociation constant (M) at 25.0˚C:  2.4e-10
",
IgG_FP_0243.pdb,/teams/YingChiLab_1702378116/MaishaZhang/PPIFlow-main/output/final_flowpacked_designs/antibody/IgG_FP_0243.pdb,True,0,-10.7,1.5e-08,82,6.0,15.0,23.0,8.0,16.0,14.0,"[+] Executing 1 task(s) in total
##########################################
[+] Processing structure IgG_FP_0243_model0
[+] No. of intermolecular contacts: 82
[+] No. of charged-charged contacts: 6.0
[+] No. of charged-polar contacts: 15.0
[+] No. of charged-apolar contacts: 23.0
[+] No. of polar-polar contacts: 8.0
[+] No. of apolar-polar contacts: 16.0
[+] No. of apolar-apolar contacts: 14.0
[+] Percentage of apolar NIS residues: 40.94
[+] Percentage of charged NIS residues: 18.50
[++] Predicted binding affinity (kcal.mol-1):    -10.7
[++] Predicted dissociation constant (M) at 25.0˚C:  1.5e-08
",
IgG_FP_0244.pdb,/teams/YingChiLab_1702378116/MaishaZhang/PPIFlow-main/output/final_flowpacked_designs/antibody/IgG_FP_0244.pdb,True,0,-11.1,6.7e-09,64,4.0,8.0,12.0,2.0,19.0,19.0,"[+] Executing 1 task(s) in total
##########################################
[+] Processing structure IgG_FP_0244_model0
[+] No. of intermolecular contacts: 64
[+] No. of charged-charged contacts: 4.0
[+] No. of charged-polar contacts: 8.0
[+] No. of charged-apolar contacts: 12.0
[+] No. of polar-polar contacts: 2.0
[+] No. of apolar-polar contacts: 19.0
[+] No. of apolar-apolar contacts: 19.0
[+] Percentage of apolar NIS residues: 40.82
[+] Percentage of charged NIS residues: 19.34
[++] Predicted binding affinity (kcal.mol-1):    -11.1
[++] Predicted dissociation constant (M) at 25.0˚C:  6.7e-09
",
IgG_FP_0245.pdb,/teams/YingChiLab_1702378116/MaishaZhang/PPIFlow-main/output/final_flowpacked_designs/antibody/IgG_FP_0245.pdb,True,0,-10.3,2.7e-08,81,5.0,13.0,22.0,4.0,13.0,24.0,"[+] Executing 1 task(s) in total
##########################################
[+] Processing structure IgG_FP_0245_model0
[+] No. of intermolecular contacts: 81
[+] No. of charged-charged contacts: 5.0
[+] No. of charged-polar contacts: 13.0
[+] No. of charged-apolar contacts: 22.0
[+] No. of polar-polar contacts: 4.0
[+] No. of apolar-polar contacts: 13.0
[+] No. of apolar-apolar contacts: 24.0
[+] Percentage of apolar NIS residues: 42.28
[+] Percentage of charged NIS residues: 18.53
[++] Predicted binding affinity (kcal.mol-1):    -10.3
[++] Predicted dissociation constant (M) at 25.0˚C:  2.7e-08
",
IgG_FP_0246.pdb,/teams/YingChiLab_1702378116/MaishaZhang/PPIFlow-main/output/final_flowpacked_designs/antibody/IgG_FP_0246.pdb,True,0,-11.3,5.1e-09,77,4.0,12.0,12.0,7.0,25.0,17.0,"[+] Executing 1 task(s) in total
##########################################
[+] Processing structure IgG_FP_0246_model0
[+] No. of intermolecular contacts: 77
[+] No. of charged-charged contacts: 4.0
[+] No. of charged-polar contacts: 12.0
[+] No. of charged-apolar contacts: 12.0
[+] No. of polar-polar contacts: 7.0
[+] No. of apolar-polar contacts: 25.0
[+] No. of apolar-apolar contacts: 17.0
[+] Percentage of apolar NIS residues: 41.88
[+] Percentage of charged NIS residues: 19.44
[++] Predicted binding affinity (kcal.mol-1):    -11.3
[++] Predicted dissociation constant (M) at 25.0˚C:  5.1e-09
",
IgG_FP_0247.pdb,/teams/YingChiLab_1702378116/MaishaZhang/PPIFlow-main/output/final_flowpacked_designs/antibody/IgG_FP_0247.pdb,True,0,-13.0,2.8e-10,84,5.0,9.0,21.0,4.0,25.0,20.0,"[+] Executing 1 task(s) in total
##########################################
[+] Processing structure IgG_FP_0247_model0
[+] No. of intermolecular contacts: 84
[+] No. of charged-charged contacts: 5.0
[+] No. of charged-polar contacts: 9.0
[+] No. of charged-apolar contacts: 21.0
[+] No. of polar-polar contacts: 4.0
[+] No. of apolar-polar contacts: 25.0
[+] No. of apolar-apolar contacts: 20.0
[+] Percentage of apolar NIS residues: 41.50
[+] Percentage of charged NIS residues: 19.03
[++] Predicted binding affinity (kcal.mol-1):    -13.0
[++] Predicted dissociation constant (M) at 25.0˚C:  2.8e-10
",
IgG_FP_0248.pdb,/teams/YingChiLab_1702378116/MaishaZhang/PPIFlow-main/output/final_flowpacked_designs/antibody/IgG_FP_0248.pdb,True,0,-10.9,9.9e-09,65,0.0,12.0,10.0,3.0,22.0,18.0,"[+] Executing 1 task(s) in total
##########################################
[+] Processing structure IgG_FP_0248_model0
[+] No. of intermolecular contacts: 65
[+] No. of charged-charged contacts: 0.0
[+] No. of charged-polar contacts: 12.0
[+] No. of charged-apolar contacts: 10.0
[+] No. of polar-polar contacts: 3.0
[+] No. of apolar-polar contacts: 22.0
[+] No. of apolar-apolar contacts: 18.0
[+] Percentage of apolar NIS residues: 41.80
[+] Percentage of charged NIS residues: 19.00
[++] Predicted binding affinity (kcal.mol-1):    -10.9
[++] Predicted dissociation constant (M) at 25.0˚C:  9.9e-09
",
IgG_FP_0249.pdb,/teams/YingChiLab_1702378116/MaishaZhang/PPIFlow-main/output/final_flowpacked_designs/antibody/IgG_FP_0249.pdb,True,0,-10.5,2.2e-08,65,4.0,8.0,23.0,6.0,15.0,9.0,"[+] Executing 1 task(s) in total
##########################################
[+] Processing structure IgG_FP_0249_model0
[+] No. of intermolecular contacts: 65
[+] No. of charged-charged contacts: 4.0
[+] No. of charged-polar contacts: 8.0
[+] No. of charged-apolar contacts: 23.0
[+] No. of polar-polar contacts: 6.0
[+] No. of apolar-polar contacts: 15.0
[+] No. of apolar-apolar contacts: 9.0
[+] Percentage of apolar NIS residues: 41.47
[+] Percentage of charged NIS residues: 19.19
[++] Predicted binding affinity (kcal.mol-1):    -10.5
[++] Predicted dissociation constant (M) at 25.0˚C:  2.2e-08
",
IgG_FP_0250.pdb,/teams/YingChiLab_1702378116/MaishaZhang/PPIFlow-main/output/final_flowpacked_designs/antibody/IgG_FP_0250.pdb,True,0,-11.5,3.7e-09,99,8.0,14.0,20.0,15.0,27.0,15.0,"[+] Executing 1 task(s) in total
##########################################
[+] Processing structure IgG_FP_0250_model0
[+] No. of intermolecular contacts: 99
[+] No. of charged-charged contacts: 8.0
[+] No. of charged-polar contacts: 14.0
[+] No. of charged-apolar contacts: 20.0
[+] No. of polar-polar contacts: 15.0
[+] No. of apolar-polar contacts: 27.0
[+] No. of apolar-apolar contacts: 15.0
[+] Percentage of apolar NIS residues: 41.85
[+] Percentage of charged NIS residues: 18.66
[++] Predicted binding affinity (kcal.mol-1):    -11.5
[++] Predicted dissociation constant (M) at 25.0˚C:  3.7e-09
",
IgG_FP_0251.pdb,/teams/YingChiLab_1702378116/MaishaZhang/PPIFlow-main/output/final_flowpacked_designs/antibody/IgG_FP_0251.pdb,True,0,-8.5,5.4e-07,65,4.0,10.0,10.0,6.0,13.0,22.0,"[+] Executing 1 task(s) in total
##########################################
[+] Processing structure IgG_FP_0251_model0
[+] No. of intermolecular contacts: 65
[+] No. of charged-charged contacts: 4.0
[+] No. of charged-polar contacts: 10.0
[+] No. of charged-apolar contacts: 10.0
[+] No. of polar-polar contacts: 6.0
[+] No. of apolar-polar contacts: 13.0
[+] No. of apolar-apolar contacts: 22.0
[+] Percentage of apolar NIS residues: 41.98
[+] Percentage of charged NIS residues: 19.60
[++] Predicted binding affinity (kcal.mol-1):     -8.5
[++] Predicted dissociation constant (M) at 25.0˚C:  5.4e-07
",
IgG_FP_0252.pdb,/teams/YingChiLab_1702378116/MaishaZhang/PPIFlow-main/output/final_flowpacked_designs/antibody/IgG_FP_0252.pdb,True,0,-9.8,6.0e-08,63,1.0,4.0,15.0,2.0,14.0,27.0,"[+] Executing 1 task(s) in total
##########################################
[+] Processing structure IgG_FP_0252_model0
[+] No. of intermolecular contacts: 63
[+] No. of charged-charged contacts: 1.0
[+] No. of charged-polar contacts: 4.0
[+] No. of charged-apolar contacts: 15.0
[+] No. of polar-polar contacts: 2.0
[+] No. of apolar-polar contacts: 14.0
[+] No. of apolar-apolar contacts: 27.0
[+] Percentage of apolar NIS residues: 41.90
[+] Percentage of charged NIS residues: 19.17
[++] Predicted binding affinity (kcal.mol-1):     -9.8
[++] Predicted dissociation constant (M) at 25.0˚C:  6.0e-08
",
IgG_FP_0253.pdb,/teams/YingChiLab_1702378116/MaishaZhang/PPIFlow-main/output/final_flowpacked_designs/antibody/IgG_FP_0253.pdb,True,0,-12.8,4.4e-10,89,2.0,10.0,12.0,5.0,30.0,30.0,"[+] Executing 1 task(s) in total
##########################################
[+] Processing structure IgG_FP_0253_model0
[+] No. of intermolecular contacts: 89
[+] No. of charged-charged contacts: 2.0
[+] No. of charged-polar contacts: 10.0
[+] No. of charged-apolar contacts: 12.0
[+] No. of polar-polar contacts: 5.0
[+] No. of apolar-polar contacts: 30.0
[+] No. of apolar-apolar contacts: 30.0
[+] Percentage of apolar NIS residues: 41.78
[+] Percentage of charged NIS residues: 18.81
[++] Predicted binding affinity (kcal.mol-1):    -12.8
[++] Predicted dissociation constant (M) at 25.0˚C:  4.4e-10
",
IgG_FP_0254.pdb,/teams/YingChiLab_1702378116/MaishaZhang/PPIFlow-main/output/final_flowpacked_designs/antibody/IgG_FP_0254.pdb,True,0,-11.2,6.4e-09,70,3.0,8.0,22.0,3.0,17.0,17.0,"[+] Executing 1 task(s) in total
##########################################
[+] Processing structure IgG_FP_0254_model0
[+] No. of intermolecular contacts: 70
[+] No. of charged-charged contacts: 3.0
[+] No. of charged-polar contacts: 8.0
[+] No. of charged-apolar contacts: 22.0
[+] No. of polar-polar contacts: 3.0
[+] No. of apolar-polar contacts: 17.0
[+] No. of apolar-apolar contacts: 17.0
[+] Percentage of apolar NIS residues: 42.55
[+] Percentage of charged NIS residues: 18.63
[++] Predicted binding affinity (kcal.mol-1):    -11.2
[++] Predicted dissociation constant (M) at 25.0˚C:  6.4e-09
",
IgG_FP_0255.pdb,/teams/YingChiLab_1702378116/MaishaZhang/PPIFlow-main/output/final_flowpacked_designs/antibody/IgG_FP_0255.pdb,True,0,-12.5,7.0e-10,66,2.0,11.0,10.0,2.0,27.0,14.0,"[+] Executing 1 task(s) in total
##########################################
[+] Processing structure IgG_FP_0255_model0
[+] No. of intermolecular contacts: 66
[+] No. of charged-charged contacts: 2.0
[+] No. of charged-polar contacts: 11.0
[+] No. of charged-apolar contacts: 10.0
[+] No. of polar-polar contacts: 2.0
[+] No. of apolar-polar contacts: 27.0
[+] No. of apolar-apolar contacts: 14.0
[+] Percentage of apolar NIS residues: 41.16
[+] Percentage of charged NIS residues: 19.48
[++] Predicted binding affinity (kcal.mol-1):    -12.5
[++] Predicted dissociation constant (M) at 25.0˚C:  7.0e-10
",
IgG_FP_0256.pdb,/teams/YingChiLab_1702378116/MaishaZhang/PPIFlow-main/output/final_flowpacked_designs/antibody/IgG_FP_0256.pdb,True,0,-11.2,6.6e-09,74,2.0,8.0,20.0,5.0,19.0,20.0,"[+] Executing 1 task(s) in total
##########################################
[+] Processing structure IgG_FP_0256_model0
[+] No. of intermolecular contacts: 74
[+] No. of charged-charged contacts: 2.0
[+] No. of charged-polar contacts: 8.0
[+] No. of charged-apolar contacts: 20.0
[+] No. of polar-polar contacts: 5.0
[+] No. of apolar-polar contacts: 19.0
[+] No. of apolar-apolar contacts: 20.0
[+] Percentage of apolar NIS residues: 41.35
[+] Percentage of charged NIS residues: 18.69
[++] Predicted binding affinity (kcal.mol-1):    -11.2
[++] Predicted dissociation constant (M) at 25.0˚C:  6.6e-09
",
IgG_FP_0257.pdb,/teams/YingChiLab_1702378116/MaishaZhang/PPIFlow-main/output/final_flowpacked_designs/antibody/IgG_FP_0257.pdb,True,0,-10.4,2.3e-08,67,3.0,5.0,10.0,7.0,21.0,21.0,"[+] Executing 1 task(s) in total
##########################################
[+] Processing structure IgG_FP_0257_model0
[+] No. of intermolecular contacts: 67
[+] No. of charged-charged contacts: 3.0
[+] No. of charged-polar contacts: 5.0
[+] No. of charged-apolar contacts: 10.0
[+] No. of polar-polar contacts: 7.0
[+] No. of apolar-polar contacts: 21.0
[+] No. of apolar-apolar contacts: 21.0
[+] Percentage of apolar NIS residues: 40.56
[+] Percentage of charged NIS residues: 19.09
[++] Predicted binding affinity (kcal.mol-1):    -10.4
[++] Predicted dissociation constant (M) at 25.0˚C:  2.3e-08
",
IgG_FP_0258.pdb,/teams/YingChiLab_1702378116/MaishaZhang/PPIFlow-main/output/final_flowpacked_designs/antibody/IgG_FP_0258.pdb,True,0,-11.3,5.4e-09,82,3.0,8.0,21.0,2.0,17.0,31.0,"[+] Executing 1 task(s) in total
##########################################
[+] Processing structure IgG_FP_0258_model0
[+] No. of intermolecular contacts: 82
[+] No. of charged-charged contacts: 3.0
[+] No. of charged-polar contacts: 8.0
[+] No. of charged-apolar contacts: 21.0
[+] No. of polar-polar contacts: 2.0
[+] No. of apolar-polar contacts: 17.0
[+] No. of apolar-apolar contacts: 31.0
[+] Percentage of apolar NIS residues: 42.01
[+] Percentage of charged NIS residues: 19.33
[++] Predicted binding affinity (kcal.mol-1):    -11.3
[++] Predicted dissociation constant (M) at 25.0˚C:  5.4e-09
",
IgG_FP_0259.pdb,/teams/YingChiLab_1702378116/MaishaZhang/PPIFlow-main/output/final_flowpacked_designs/antibody/IgG_FP_0259.pdb,True,0,-11.1,6.8e-09,58,3.0,11.0,11.0,3.0,21.0,9.0,"[+] Executing 1 task(s) in total
##########################################
[+] Processing structure IgG_FP_0259_model0
[+] No. of intermolecular contacts: 58
[+] No. of charged-charged contacts: 3.0
[+] No. of charged-polar contacts: 11.0
[+] No. of charged-apolar contacts: 11.0
[+] No. of polar-polar contacts: 3.0
[+] No. of apolar-polar contacts: 21.0
[+] No. of apolar-apolar contacts: 9.0
[+] Percentage of apolar NIS residues: 41.60
[+] Percentage of charged NIS residues: 18.80
[++] Predicted binding affinity (kcal.mol-1):    -11.1
[++] Predicted dissociation constant (M) at 25.0˚C:  6.8e-09
",
IgG_FP_0260.pdb,/teams/YingChiLab_1702378116/MaishaZhang/PPIFlow-main/output/final_flowpacked_designs/antibody/IgG_FP_0260.pdb,True,0,-8.1,1.1e-06,55,1.0,8.0,9.0,2.0,8.0,27.0,"[+] Executing 1 task(s) in total
##########################################
[+] Processing structure IgG_FP_0260_model0
[+] No. of intermolecular contacts: 55
[+] No. of charged-charged contacts: 1.0
[+] No. of charged-polar contacts: 8.0
[+] No. of charged-apolar contacts: 9.0
[+] No. of polar-polar contacts: 2.0
[+] No. of apolar-polar contacts: 8.0
[+] No. of apolar-apolar contacts: 27.0
[+] Percentage of apolar NIS residues: 41.31
[+] Percentage of charged NIS residues: 18.34
[++] Predicted binding affinity (kcal.mol-1):     -8.1
[++] Predicted dissociation constant (M) at 25.0˚C:  1.1e-06
",
IgG_FP_0261.pdb,/teams/YingChiLab_1702378116/MaishaZhang/PPIFlow-main/output/final_flowpacked_designs/antibody/IgG_FP_0261.pdb,True,0,-13.6,1.1e-10,89,2.0,13.0,17.0,4.0,30.0,23.0,"[+] Executing 1 task(s) in total
##########################################
[+] Processing structure IgG_FP_0261_model0
[+] No. of intermolecular contacts: 89
[+] No. of charged-charged contacts: 2.0
[+] No. of charged-polar contacts: 13.0
[+] No. of charged-apolar contacts: 17.0
[+] No. of polar-polar contacts: 4.0
[+] No. of apolar-polar contacts: 30.0
[+] No. of apolar-apolar contacts: 23.0
[+] Percentage of apolar NIS residues: 40.84
[+] Percentage of charged NIS residues: 19.12
[++] Predicted binding affinity (kcal.mol-1):    -13.6
[++] Predicted dissociation constant (M) at 25.0˚C:  1.1e-10
",
IgG_FP_0262.pdb,/teams/YingChiLab_1702378116/MaishaZhang/PPIFlow-main/output/final_flowpacked_designs/antibody/IgG_FP_0262.pdb,True,0,-9.9,5.7e-08,80,5.0,11.0,14.0,8.0,18.0,24.0,"[+] Executing 1 task(s) in total
##########################################
[+] Processing structure IgG_FP_0262_model0
[+] No. of intermolecular contacts: 80
[+] No. of charged-charged contacts: 5.0
[+] No. of charged-polar contacts: 11.0
[+] No. of charged-apolar contacts: 14.0
[+] No. of polar-polar contacts: 8.0
[+] No. of apolar-polar contacts: 18.0
[+] No. of apolar-apolar contacts: 24.0
[+] Percentage of apolar NIS residues: 41.53
[+] Percentage of charged NIS residues: 19.56
[++] Predicted binding affinity (kcal.mol-1):     -9.9
[++] Predicted dissociation constant (M) at 25.0˚C:  5.7e-08
",
IgG_FP_0263.pdb,/teams/YingChiLab_1702378116/MaishaZhang/PPIFlow-main/output/final_flowpacked_designs/antibody/IgG_FP_0263.pdb,True,0,-13.1,2.6e-10,104,2.0,11.0,15.0,5.0,30.0,41.0,"[+] Executing 1 task(s) in total
##########################################
[+] Processing structure IgG_FP_0263_model0
[+] No. of intermolecular contacts: 104
[+] No. of charged-charged contacts: 2.0
[+] No. of charged-polar contacts: 11.0
[+] No. of charged-apolar contacts: 15.0
[+] No. of polar-polar contacts: 5.0
[+] No. of apolar-polar contacts: 30.0
[+] No. of apolar-apolar contacts: 41.0
[+] Percentage of apolar NIS residues: 42.04
[+] Percentage of charged NIS residues: 18.27
[++] Predicted binding affinity (kcal.mol-1):    -13.1
[++] Predicted dissociation constant (M) at 25.0˚C:  2.6e-10
",
IgG_FP_0264.pdb,/teams/YingChiLab_1702378116/MaishaZhang/PPIFlow-main/output/final_flowpacked_designs/antibody/IgG_FP_0264.pdb,True,0,-11.1,6.9e-09,98,8.0,14.0,27.0,11.0,19.0,19.0,"[+] Executing 1 task(s) in total
##########################################
[+] Processing structure IgG_FP_0264_model0
[+] No. of intermolecular contacts: 98
[+] No. of charged-charged contacts: 8.0
[+] No. of charged-polar contacts: 14.0
[+] No. of charged-apolar contacts: 27.0
[+] No. of polar-polar contacts: 11.0
[+] No. of apolar-polar contacts: 19.0
[+] No. of apolar-apolar contacts: 19.0
[+] Percentage of apolar NIS residues: 40.97
[+] Percentage of charged NIS residues: 20.08
[++] Predicted binding affinity (kcal.mol-1):    -11.1
[++] Predicted dissociation constant (M) at 25.0˚C:  6.9e-09
",
IgG_FP_0265.pdb,/teams/YingChiLab_1702378116/MaishaZhang/PPIFlow-main/output/final_flowpacked_designs/antibody/IgG_FP_0265.pdb,True,0,-9.6,9.4e-08,52,0.0,9.0,5.0,6.0,21.0,11.0,"[+] Executing 1 task(s) in total
##########################################
[+] Processing structure IgG_FP_0265_model0
[+] No. of intermolecular contacts: 52
[+] No. of charged-charged contacts: 0.0
[+] No. of charged-polar contacts: 9.0
[+] No. of charged-apolar contacts: 5.0
[+] No. of polar-polar contacts: 6.0
[+] No. of apolar-polar contacts: 21.0
[+] No. of apolar-apolar contacts: 11.0
[+] Percentage of apolar NIS residues: 41.54
[+] Percentage of charged NIS residues: 19.49
[++] Predicted binding affinity (kcal.mol-1):     -9.6
[++] Predicted dissociation constant (M) at 25.0˚C:  9.4e-08
",
IgG_FP_0266.pdb,/teams/YingChiLab_1702378116/MaishaZhang/PPIFlow-main/output/final_flowpacked_designs/antibody/IgG_FP_0266.pdb,True,0,-11.1,7.0e-09,86,5.0,8.0,17.0,12.0,25.0,19.0,"[+] Executing 1 task(s) in total
##########################################
[+] Processing structure IgG_FP_0266_model0
[+] No. of intermolecular contacts: 86
[+] No. of charged-charged contacts: 5.0
[+] No. of charged-polar contacts: 8.0
[+] No. of charged-apolar contacts: 17.0
[+] No. of polar-polar contacts: 12.0
[+] No. of apolar-polar contacts: 25.0
[+] No. of apolar-apolar contacts: 19.0
[+] Percentage of apolar NIS residues: 41.75
[+] Percentage of charged NIS residues: 18.25
[++] Predicted binding affinity (kcal.mol-1):    -11.1
[++] Predicted dissociation constant (M) at 25.0˚C:  7.0e-09
",
IgG_FP_0267.pdb,/teams/YingChiLab_1702378116/MaishaZhang/PPIFlow-main/output/final_flowpacked_designs/antibody/IgG_FP_0267.pdb,True,0,-9.7,7.6e-08,61,2.0,8.0,12.0,6.0,17.0,16.0,"[+] Executing 1 task(s) in total
##########################################
[+] Processing structure IgG_FP_0267_model0
[+] No. of intermolecular contacts: 61
[+] No. of charged-charged contacts: 2.0
[+] No. of charged-polar contacts: 8.0
[+] No. of charged-apolar contacts: 12.0
[+] No. of polar-polar contacts: 6.0
[+] No. of apolar-polar contacts: 17.0
[+] No. of apolar-apolar contacts: 16.0
[+] Percentage of apolar NIS residues: 41.04
[+] Percentage of charged NIS residues: 19.12
[++] Predicted binding affinity (kcal.mol-1):     -9.7
[++] Predicted dissociation constant (M) at 25.0˚C:  7.6e-08
",
IgG_FP_0268.pdb,/teams/YingChiLab_1702378116/MaishaZhang/PPIFlow-main/output/final_flowpacked_designs/antibody/IgG_FP_0268.pdb,True,0,-10.2,3.4e-08,61,3.0,9.0,12.0,4.0,17.0,16.0,"[+] Executing 1 task(s) in total
##########################################
[+] Processing structure IgG_FP_0268_model0
[+] No. of intermolecular contacts: 61
[+] No. of charged-charged contacts: 3.0
[+] No. of charged-polar contacts: 9.0
[+] No. of charged-apolar contacts: 12.0
[+] No. of polar-polar contacts: 4.0
[+] No. of apolar-polar contacts: 17.0
[+] No. of apolar-apolar contacts: 16.0
[+] Percentage of apolar NIS residues: 41.15
[+] Percentage of charged NIS residues: 19.09
[++] Predicted binding affinity (kcal.mol-1):    -10.2
[++] Predicted dissociation constant (M) at 25.0˚C:  3.4e-08
",
IgG_FP_0269.pdb,/teams/YingChiLab_1702378116/MaishaZhang/PPIFlow-main/output/final_flowpacked_designs/antibody/IgG_FP_0269.pdb,True,0,-10.2,3.1e-08,80,1.0,12.0,8.0,11.0,26.0,22.0,"[+] Executing 1 task(s) in total
##########################################
[+] Processing structure IgG_FP_0269_model0
[+] No. of intermolecular contacts: 80
[+] No. of charged-charged contacts: 1.0
[+] No. of charged-polar contacts: 12.0
[+] No. of charged-apolar contacts: 8.0
[+] No. of polar-polar contacts: 11.0
[+] No. of apolar-polar contacts: 26.0
[+] No. of apolar-apolar contacts: 22.0
[+] Percentage of apolar NIS residues: 41.32
[+] Percentage of charged NIS residues: 18.96
[++] Predicted binding affinity (kcal.mol-1):    -10.2
[++] Predicted dissociation constant (M) at 25.0˚C:  3.1e-08
",
IgG_FP_0270.pdb,/teams/YingChiLab_1702378116/MaishaZhang/PPIFlow-main/output/final_flowpacked_designs/antibody/IgG_FP_0270.pdb,True,0,-11.6,3.3e-09,65,1.0,8.0,7.0,2.0,25.0,22.0,"[+] Executing 1 task(s) in total
##########################################
[+] Processing structure IgG_FP_0270_model0
[+] No. of intermolecular contacts: 65
[+] No. of charged-charged contacts: 1.0
[+] No. of charged-polar contacts: 8.0
[+] No. of charged-apolar contacts: 7.0
[+] No. of polar-polar contacts: 2.0
[+] No. of apolar-polar contacts: 25.0
[+] No. of apolar-apolar contacts: 22.0
[+] Percentage of apolar NIS residues: 41.93
[+] Percentage of charged NIS residues: 18.90
[++] Predicted binding affinity (kcal.mol-1):    -11.6
[++] Predicted dissociation constant (M) at 25.0˚C:  3.3e-09
",
IgG_FP_0271.pdb,/teams/YingChiLab_1702378116/MaishaZhang/PPIFlow-main/output/final_flowpacked_designs/antibody/IgG_FP_0271.pdb,True,0,-11.7,2.7e-09,72,5.0,13.0,10.0,5.0,25.0,14.0,"[+] Executing 1 task(s) in total
##########################################
[+] Processing structure IgG_FP_0271_model0
[+] No. of intermolecular contacts: 72
[+] No. of charged-charged contacts: 5.0
[+] No. of charged-polar contacts: 13.0
[+] No. of charged-apolar contacts: 10.0
[+] No. of polar-polar contacts: 5.0
[+] No. of apolar-polar contacts: 25.0
[+] No. of apolar-apolar contacts: 14.0
[+] Percentage of apolar NIS residues: 41.24
[+] Percentage of charged NIS residues: 19.72
[++] Predicted binding affinity (kcal.mol-1):    -11.7
[++] Predicted dissociation constant (M) at 25.0˚C:  2.7e-09
",
IgG_FP_0272.pdb,/teams/YingChiLab_1702378116/MaishaZhang/PPIFlow-main/output/final_flowpacked_designs/antibody/IgG_FP_0272.pdb,True,0,-10.4,2.4e-08,95,6.0,22.0,15.0,9.0,20.0,23.0,"[+] Executing 1 task(s) in total
##########################################
[+] Processing structure IgG_FP_0272_model0
[+] No. of intermolecular contacts: 95
[+] No. of charged-charged contacts: 6.0
[+] No. of charged-polar contacts: 22.0
[+] No. of charged-apolar contacts: 15.0
[+] No. of polar-polar contacts: 9.0
[+] No. of apolar-polar contacts: 20.0
[+] No. of apolar-apolar contacts: 23.0
[+] Percentage of apolar NIS residues: 41.03
[+] Percentage of charged NIS residues: 19.72
[++] Predicted binding affinity (kcal.mol-1):    -10.4
[++] Predicted dissociation constant (M) at 25.0˚C:  2.4e-08
",
IgG_FP_0273.pdb,/teams/YingChiLab_1702378116/MaishaZhang/PPIFlow-main/output/final_flowpacked_designs/antibody/IgG_FP_0273.pdb,True,0,-11.2,6.1e-09,68,3.0,2.0,13.0,5.0,23.0,22.0,"[+] Executing 1 task(s) in total
##########################################
[+] Processing structure IgG_FP_0273_model0
[+] No. of intermolecular contacts: 68
[+] No. of charged-charged contacts: 3.0
[+] No. of charged-polar contacts: 2.0
[+] No. of charged-apolar contacts: 13.0
[+] No. of polar-polar contacts: 5.0
[+] No. of apolar-polar contacts: 23.0
[+] No. of apolar-apolar contacts: 22.0
[+] Percentage of apolar NIS residues: 42.44
[+] Percentage of charged NIS residues: 19.06
[++] Predicted binding affinity (kcal.mol-1):    -11.2
[++] Predicted dissociation constant (M) at 25.0˚C:  6.1e-09
",
IgG_FP_0274.pdb,/teams/YingChiLab_1702378116/MaishaZhang/PPIFlow-main/output/final_flowpacked_designs/antibody/IgG_FP_0274.pdb,True,0,-12.2,1.1e-09,82,6.0,14.0,17.0,3.0,22.0,20.0,"[+] Executing 1 task(s) in total
##########################################
[+] Processing structure IgG_FP_0274_model0
[+] No. of intermolecular contacts: 82
[+] No. of charged-charged contacts: 6.0
[+] No. of charged-polar contacts: 14.0
[+] No. of charged-apolar contacts: 17.0
[+] No. of polar-polar contacts: 3.0
[+] No. of apolar-polar contacts: 22.0
[+] No. of apolar-apolar contacts: 20.0
[+] Percentage of apolar NIS residues: 41.21
[+] Percentage of charged NIS residues: 19.53
[++] Predicted binding affinity (kcal.mol-1):    -12.2
[++] Predicted dissociation constant (M) at 25.0˚C:  1.1e-09
",
IgG_FP_0275.pdb,/teams/YingChiLab_1702378116/MaishaZhang/PPIFlow-main/output/final_flowpacked_designs/antibody/IgG_FP_0275.pdb,True,0,-10.7,1.4e-08,55,1.0,5.0,12.0,7.0,22.0,8.0,"[+] Executing 1 task(s) in total
##########################################
[+] Processing structure IgG_FP_0275_model0
[+] No. of intermolecular contacts: 55
[+] No. of charged-charged contacts: 1.0
[+] No. of charged-polar contacts: 5.0
[+] No. of charged-apolar contacts: 12.0
[+] No. of polar-polar contacts: 7.0
[+] No. of apolar-polar contacts: 22.0
[+] No. of apolar-apolar contacts: 8.0
[+] Percentage of apolar NIS residues: 40.62
[+] Percentage of charged NIS residues: 18.57
[++] Predicted binding affinity (kcal.mol-1):    -10.7
[++] Predicted dissociation constant (M) at 25.0˚C:  1.4e-08
",
IgG_FP_0276.pdb,/teams/YingChiLab_1702378116/MaishaZhang/PPIFlow-main/output/final_flowpacked_designs/antibody/IgG_FP_0276.pdb,True,0,-10.4,2.4e-08,78,8.0,17.0,11.0,7.0,19.0,16.0,"[+] Executing 1 task(s) in total
##########################################
[+] Processing structure IgG_FP_0276_model0
[+] No. of intermolecular contacts: 78
[+] No. of charged-charged contacts: 8.0
[+] No. of charged-polar contacts: 17.0
[+] No. of charged-apolar contacts: 11.0
[+] No. of polar-polar contacts: 7.0
[+] No. of apolar-polar contacts: 19.0
[+] No. of apolar-apolar contacts: 16.0
[+] Percentage of apolar NIS residues: 41.54
[+] Percentage of charged NIS residues: 18.70
[++] Predicted binding affinity (kcal.mol-1):    -10.4
[++] Predicted dissociation constant (M) at 25.0˚C:  2.4e-08
",
IgG_FP_0277.pdb,/teams/YingChiLab_1702378116/MaishaZhang/PPIFlow-main/output/final_flowpacked_designs/antibody/IgG_FP_0277.pdb,True,0,-11.0,8.7e-09,71,2.0,7.0,11.0,2.0,20.0,29.0,"[+] Executing 1 task(s) in total
##########################################
[+] Processing structure IgG_FP_0277_model0
[+] No. of intermolecular contacts: 71
[+] No. of charged-charged contacts: 2.0
[+] No. of charged-polar contacts: 7.0
[+] No. of charged-apolar contacts: 11.0
[+] No. of polar-polar contacts: 2.0
[+] No. of apolar-polar contacts: 20.0
[+] No. of apolar-apolar contacts: 29.0
[+] Percentage of apolar NIS residues: 41.62
[+] Percentage of charged NIS residues: 18.93
[++] Predicted binding affinity (kcal.mol-1):    -11.0
[++] Predicted dissociation constant (M) at 25.0˚C:  8.7e-09
",
IgG_FP_0278.pdb,/teams/YingChiLab_1702378116/MaishaZhang/PPIFlow-main/output/final_flowpacked_designs/antibody/IgG_FP_0278.pdb,True,0,-10.4,2.4e-08,78,5.0,10.0,24.0,4.0,12.0,23.0,"[+] Executing 1 task(s) in total
##########################################
[+] Processing structure IgG_FP_0278_model0
[+] No. of intermolecular contacts: 78
[+] No. of charged-charged contacts: 5.0
[+] No. of charged-polar contacts: 10.0
[+] No. of charged-apolar contacts: 24.0
[+] No. of polar-polar contacts: 4.0
[+] No. of apolar-polar contacts: 12.0
[+] No. of apolar-apolar contacts: 23.0
[+] Percentage of apolar NIS residues: 40.98
[+] Percentage of charged NIS residues: 19.61
[++] Predicted binding affinity (kcal.mol-1):    -10.4
[++] Predicted dissociation constant (M) at 25.0˚C:  2.4e-08
",
IgG_FP_0279.pdb,/teams/YingChiLab_1702378116/MaishaZhang/PPIFlow-main/output/final_flowpacked_designs/antibody/IgG_FP_0279.pdb,True,0,-11.0,9.1e-09,78,3.0,8.0,12.0,12.0,27.0,16.0,"[+] Executing 1 task(s) in total
##########################################
[+] Processing structure IgG_FP_0279_model0
[+] No. of intermolecular contacts: 78
[+] No. of charged-charged contacts: 3.0
[+] No. of charged-polar contacts: 8.0
[+] No. of charged-apolar contacts: 12.0
[+] No. of polar-polar contacts: 12.0
[+] No. of apolar-polar contacts: 27.0
[+] No. of apolar-apolar contacts: 16.0
[+] Percentage of apolar NIS residues: 40.88
[+] Percentage of charged NIS residues: 18.84
[++] Predicted binding affinity (kcal.mol-1):    -11.0
[++] Predicted dissociation constant (M) at 25.0˚C:  9.1e-09
",
IgG_FP_0280.pdb,/teams/YingChiLab_1702378116/MaishaZhang/PPIFlow-main/output/final_flowpacked_designs/antibody/IgG_FP_0280.pdb,True,0,-11.0,8.9e-09,67,3.0,8.0,14.0,1.0,17.0,24.0,"[+] Executing 1 task(s) in total
##########################################
[+] Processing structure IgG_FP_0280_model0
[+] No. of intermolecular contacts: 67
[+] No. of charged-charged contacts: 3.0
[+] No. of charged-polar contacts: 8.0
[+] No. of charged-apolar contacts: 14.0
[+] No. of polar-polar contacts: 1.0
[+] No. of apolar-polar contacts: 17.0
[+] No. of apolar-apolar contacts: 24.0
[+] Percentage of apolar NIS residues: 40.94
[+] Percentage of charged NIS residues: 19.29
[++] Predicted binding affinity (kcal.mol-1):    -11.0
[++] Predicted dissociation constant (M) at 25.0˚C:  8.9e-09
",
IgG_FP_0281.pdb,/teams/YingChiLab_1702378116/MaishaZhang/PPIFlow-main/output/final_flowpacked_designs/antibody/IgG_FP_0281.pdb,True,0,-9.4,1.4e-07,61,1.0,8.0,14.0,3.0,13.0,22.0,"[+] Executing 1 task(s) in total
##########################################
[+] Processing structure IgG_FP_0281_model0
[+] No. of intermolecular contacts: 61
[+] No. of charged-charged contacts: 1.0
[+] No. of charged-polar contacts: 8.0
[+] No. of charged-apolar contacts: 14.0
[+] No. of polar-polar contacts: 3.0
[+] No. of apolar-polar contacts: 13.0
[+] No. of apolar-apolar contacts: 22.0
[+] Percentage of apolar NIS residues: 41.99
[+] Percentage of charged NIS residues: 18.75
[++] Predicted binding affinity (kcal.mol-1):     -9.4
[++] Predicted dissociation constant (M) at 25.0˚C:  1.4e-07
",
IgG_FP_0282.pdb,/teams/YingChiLab_1702378116/MaishaZhang/PPIFlow-main/output/final_flowpacked_designs/antibody/IgG_FP_0282.pdb,True,0,-9.8,6.9e-08,64,2.0,6.0,9.0,6.0,19.0,22.0,"[+] Executing 1 task(s) in total
##########################################
[+] Processing structure IgG_FP_0282_model0
[+] No. of intermolecular contacts: 64
[+] No. of charged-charged contacts: 2.0
[+] No. of charged-polar contacts: 6.0
[+] No. of charged-apolar contacts: 9.0
[+] No. of polar-polar contacts: 6.0
[+] No. of apolar-polar contacts: 19.0
[+] No. of apolar-apolar contacts: 22.0
[+] Percentage of apolar NIS residues: 41.45
[+] Percentage of charged NIS residues: 19.25
[++] Predicted binding affinity (kcal.mol-1):     -9.8
[++] Predicted dissociation constant (M) at 25.0˚C:  6.9e-08
",
IgG_FP_0283.pdb,/teams/YingChiLab_1702378116/MaishaZhang/PPIFlow-main/output/final_flowpacked_designs/antibody/IgG_FP_0283.pdb,True,0,-13.4,1.6e-10,73,4.0,6.0,16.0,3.0,29.0,15.0,"[+] Executing 1 task(s) in total
##########################################
[+] Processing structure IgG_FP_0283_model0
[+] No. of intermolecular contacts: 73
[+] No. of charged-charged contacts: 4.0
[+] No. of charged-polar contacts: 6.0
[+] No. of charged-apolar contacts: 16.0
[+] No. of polar-polar contacts: 3.0
[+] No. of apolar-polar contacts: 29.0
[+] No. of apolar-apolar contacts: 15.0
[+] Percentage of apolar NIS residues: 41.81
[+] Percentage of charged NIS residues: 19.85
[++] Predicted binding affinity (kcal.mol-1):    -13.4
[++] Predicted dissociation constant (M) at 25.0˚C:  1.6e-10
",
IgG_FP_0284.pdb,/teams/YingChiLab_1702378116/MaishaZhang/PPIFlow-main/output/final_flowpacked_designs/antibody/IgG_FP_0284.pdb,True,0,-10.7,1.3e-08,72,5.0,10.0,13.0,4.0,18.0,22.0,"[+] Executing 1 task(s) in total
##########################################
[+] Processing structure IgG_FP_0284_model0
[+] No. of intermolecular contacts: 72
[+] No. of charged-charged contacts: 5.0
[+] No. of charged-polar contacts: 10.0
[+] No. of charged-apolar contacts: 13.0
[+] No. of polar-polar contacts: 4.0
[+] No. of apolar-polar contacts: 18.0
[+] No. of apolar-apolar contacts: 22.0
[+] Percentage of apolar NIS residues: 40.51
[+] Percentage of charged NIS residues: 19.57
[++] Predicted binding affinity (kcal.mol-1):    -10.7
[++] Predicted dissociation constant (M) at 25.0˚C:  1.3e-08
",
IgG_FP_0285.pdb,/teams/YingChiLab_1702378116/MaishaZhang/PPIFlow-main/output/final_flowpacked_designs/antibody/IgG_FP_0285.pdb,True,0,-10.0,4.7e-08,64,3.0,13.0,12.0,4.0,17.0,15.0,"[+] Executing 1 task(s) in total
##########################################
[+] Processing structure IgG_FP_0285_model0
[+] No. of intermolecular contacts: 64
[+] No. of charged-charged contacts: 3.0
[+] No. of charged-polar contacts: 13.0
[+] No. of charged-apolar contacts: 12.0
[+] No. of polar-polar contacts: 4.0
[+] No. of apolar-polar contacts: 17.0
[+] No. of apolar-apolar contacts: 15.0
[+] Percentage of apolar NIS residues: 41.55
[+] Percentage of charged NIS residues: 19.88
[++] Predicted binding affinity (kcal.mol-1):    -10.0
[++] Predicted dissociation constant (M) at 25.0˚C:  4.7e-08
",
IgG_FP_0286.pdb,/teams/YingChiLab_1702378116/MaishaZhang/PPIFlow-main/output/final_flowpacked_designs/antibody/IgG_FP_0286.pdb,True,0,-10.6,1.7e-08,77,0.0,9.0,4.0,12.0,30.0,22.0,"[+] Executing 1 task(s) in total
##########################################
[+] Processing structure IgG_FP_0286_model0
[+] No. of intermolecular contacts: 77
[+] No. of charged-charged contacts: 0.0
[+] No. of charged-polar contacts: 9.0
[+] No. of charged-apolar contacts: 4.0
[+] No. of polar-polar contacts: 12.0
[+] No. of apolar-polar contacts: 30.0
[+] No. of apolar-apolar contacts: 22.0
[+] Percentage of apolar NIS residues: 41.28
[+] Percentage of charged NIS residues: 18.02
[++] Predicted binding affinity (kcal.mol-1):    -10.6
[++] Predicted dissociation constant (M) at 25.0˚C:  1.7e-08
",
IgG_FP_0287.pdb,/teams/YingChiLab_1702378116/MaishaZhang/PPIFlow-main/output/final_flowpacked_designs/antibody/IgG_FP_0287.pdb,True,0,-11.3,5.1e-09,73,2.0,4.0,8.0,8.0,28.0,23.0,"[+] Executing 1 task(s) in total
##########################################
[+] Processing structure IgG_FP_0287_model0
[+] No. of intermolecular contacts: 73
[+] No. of charged-charged contacts: 2.0
[+] No. of charged-polar contacts: 4.0
[+] No. of charged-apolar contacts: 8.0
[+] No. of polar-polar contacts: 8.0
[+] No. of apolar-polar contacts: 28.0
[+] No. of apolar-apolar contacts: 23.0
[+] Percentage of apolar NIS residues: 41.70
[+] Percentage of charged NIS residues: 18.97
[++] Predicted binding affinity (kcal.mol-1):    -11.3
[++] Predicted dissociation constant (M) at 25.0˚C:  5.1e-09
",
IgG_FP_0288.pdb,/teams/YingChiLab_1702378116/MaishaZhang/PPIFlow-main/output/final_flowpacked_designs/antibody/IgG_FP_0288.pdb,True,0,-10.4,2.2e-08,68,2.0,7.0,15.0,6.0,19.0,19.0,"[+] Executing 1 task(s) in total
##########################################
[+] Processing structure IgG_FP_0288_model0
[+] No. of intermolecular contacts: 68
[+] No. of charged-charged contacts: 2.0
[+] No. of charged-polar contacts: 7.0
[+] No. of charged-apolar contacts: 15.0
[+] No. of polar-polar contacts: 6.0
[+] No. of apolar-polar contacts: 19.0
[+] No. of apolar-apolar contacts: 19.0
[+] Percentage of apolar NIS residues: 41.60
[+] Percentage of charged NIS residues: 18.55
[++] Predicted binding affinity (kcal.mol-1):    -10.4
[++] Predicted dissociation constant (M) at 25.0˚C:  2.2e-08
",
IgG_FP_0289.pdb,/teams/YingChiLab_1702378116/MaishaZhang/PPIFlow-main/output/final_flowpacked_designs/antibody/IgG_FP_0289.pdb,True,0,-13.2,2.2e-10,98,8.0,14.0,24.0,5.0,24.0,23.0,"[+] Executing 1 task(s) in total
##########################################
[+] Processing structure IgG_FP_0289_model0
[+] No. of intermolecular contacts: 98
[+] No. of charged-charged contacts: 8.0
[+] No. of charged-polar contacts: 14.0
[+] No. of charged-apolar contacts: 24.0
[+] No. of polar-polar contacts: 5.0
[+] No. of apolar-polar contacts: 24.0
[+] No. of apolar-apolar contacts: 23.0
[+] Percentage of apolar NIS residues: 40.71
[+] Percentage of charged NIS residues: 20.16
[++] Predicted binding affinity (kcal.mol-1):    -13.2
[++] Predicted dissociation constant (M) at 25.0˚C:  2.2e-10
",
IgG_FP_0290.pdb,/teams/YingChiLab_1702378116/MaishaZhang/PPIFlow-main/output/final_flowpacked_designs/antibody/IgG_FP_0290.pdb,True,0,-12.9,3.7e-10,106,7.0,12.0,15.0,8.0,30.0,34.0,"[+] Executing 1 task(s) in total
##########################################
[+] Processing structure IgG_FP_0290_model0
[+] No. of intermolecular contacts: 106
[+] No. of charged-charged contacts: 7.0
[+] No. of charged-polar contacts: 12.0
[+] No. of charged-apolar contacts: 15.0
[+] No. of polar-polar contacts: 8.0
[+] No. of apolar-polar contacts: 30.0
[+] No. of apolar-apolar contacts: 34.0
[+] Percentage of apolar NIS residues: 41.60
[+] Percentage of charged NIS residues: 19.60
[++] Predicted binding affinity (kcal.mol-1):    -12.9
[++] Predicted dissociation constant (M) at 25.0˚C:  3.7e-10
",
IgG_FP_0291.pdb,/teams/YingChiLab_1702378116/MaishaZhang/PPIFlow-main/output/final_flowpacked_designs/antibody/IgG_FP_0291.pdb,True,0,-10.1,3.8e-08,71,4.0,12.0,25.0,4.0,11.0,15.0,"[+] Executing 1 task(s) in total
##########################################
[+] Processing structure IgG_FP_0291_model0
[+] No. of intermolecular contacts: 71
[+] No. of charged-charged contacts: 4.0
[+] No. of charged-polar contacts: 12.0
[+] No. of charged-apolar contacts: 25.0
[+] No. of polar-polar contacts: 4.0
[+] No. of apolar-polar contacts: 11.0
[+] No. of apolar-apolar contacts: 15.0
[+] Percentage of apolar NIS residues: 41.92
[+] Percentage of charged NIS residues: 18.76
[++] Predicted binding affinity (kcal.mol-1):    -10.1
[++] Predicted dissociation constant (M) at 25.0˚C:  3.8e-08
",
IgG_FP_0292.pdb,/teams/YingChiLab_1702378116/MaishaZhang/PPIFlow-main/output/final_flowpacked_designs/antibody/IgG_FP_0292.pdb,True,0,-11.7,2.5e-09,65,0.0,5.0,10.0,6.0,28.0,16.0,"[+] Executing 1 task(s) in total
##########################################
[+] Processing structure IgG_FP_0292_model0
[+] No. of intermolecular contacts: 65
[+] No. of charged-charged contacts: 0.0
[+] No. of charged-polar contacts: 5.0
[+] No. of charged-apolar contacts: 10.0
[+] No. of polar-polar contacts: 6.0
[+] No. of apolar-polar contacts: 28.0
[+] No. of apolar-apolar contacts: 16.0
[+] Percentage of apolar NIS residues: 41.60
[+] Percentage of charged NIS residues: 18.95
[++] Predicted binding affinity (kcal.mol-1):    -11.7
[++] Predicted dissociation constant (M) at 25.0˚C:  2.5e-09
",
IgG_FP_0293.pdb,/teams/YingChiLab_1702378116/MaishaZhang/PPIFlow-main/output/final_flowpacked_designs/antibody/IgG_FP_0293.pdb,True,0,-11.2,6.5e-09,69,4.0,10.0,11.0,3.0,21.0,20.0,"[+] Executing 1 task(s) in total
##########################################
[+] Processing structure IgG_FP_0293_model0
[+] No. of intermolecular contacts: 69
[+] No. of charged-charged contacts: 4.0
[+] No. of charged-polar contacts: 10.0
[+] No. of charged-apolar contacts: 11.0
[+] No. of polar-polar contacts: 3.0
[+] No. of apolar-polar contacts: 21.0
[+] No. of apolar-apolar contacts: 20.0
[+] Percentage of apolar NIS residues: 41.67
[+] Percentage of charged NIS residues: 19.19
[++] Predicted binding affinity (kcal.mol-1):    -11.2
[++] Predicted dissociation constant (M) at 25.0˚C:  6.5e-09
",
IgG_FP_0294.pdb,/teams/YingChiLab_1702378116/MaishaZhang/PPIFlow-main/output/final_flowpacked_designs/antibody/IgG_FP_0294.pdb,True,0,-11.8,2.4e-09,72,4.0,6.0,11.0,9.0,29.0,13.0,"[+] Executing 1 task(s) in total
##########################################
[+] Processing structure IgG_FP_0294_model0
[+] No. of intermolecular contacts: 72
[+] No. of charged-charged contacts: 4.0
[+] No. of charged-polar contacts: 6.0
[+] No. of charged-apolar contacts: 11.0
[+] No. of polar-polar contacts: 9.0
[+] No. of apolar-polar contacts: 29.0
[+] No. of apolar-apolar contacts: 13.0
[+] Percentage of apolar NIS residues: 41.81
[+] Percentage of charged NIS residues: 19.33
[++] Predicted binding affinity (kcal.mol-1):    -11.8
[++] Predicted dissociation constant (M) at 25.0˚C:  2.4e-09
",
IgG_FP_0295.pdb,/teams/YingChiLab_1702378116/MaishaZhang/PPIFlow-main/output/final_flowpacked_designs/antibody/IgG_FP_0295.pdb,True,0,-12.2,1.1e-09,74,1.0,5.0,19.0,3.0,23.0,23.0,"[+] Executing 1 task(s) in total
##########################################
[+] Processing structure IgG_FP_0295_model0
[+] No. of intermolecular contacts: 74
[+] No. of charged-charged contacts: 1.0
[+] No. of charged-polar contacts: 5.0
[+] No. of charged-apolar contacts: 19.0
[+] No. of polar-polar contacts: 3.0
[+] No. of apolar-polar contacts: 23.0
[+] No. of apolar-apolar contacts: 23.0
[+] Percentage of apolar NIS residues: 41.47
[+] Percentage of charged NIS residues: 18.99
[++] Predicted binding affinity (kcal.mol-1):    -12.2
[++] Predicted dissociation constant (M) at 25.0˚C:  1.1e-09
",
IgG_FP_0296.pdb,/teams/YingChiLab_1702378116/MaishaZhang/PPIFlow-main/output/final_flowpacked_designs/antibody/IgG_FP_0296.pdb,True,0,-9.3,1.6e-07,75,3.0,7.0,14.0,8.0,16.0,27.0,"[+] Executing 1 task(s) in total
##########################################
[+] Processing structure IgG_FP_0296_model0
[+] No. of intermolecular contacts: 75
[+] No. of charged-charged contacts: 3.0
[+] No. of charged-polar contacts: 7.0
[+] No. of charged-apolar contacts: 14.0
[+] No. of polar-polar contacts: 8.0
[+] No. of apolar-polar contacts: 16.0
[+] No. of apolar-apolar contacts: 27.0
[+] Percentage of apolar NIS residues: 41.80
[+] Percentage of charged NIS residues: 18.95
[++] Predicted binding affinity (kcal.mol-1):     -9.3
[++] Predicted dissociation constant (M) at 25.0˚C:  1.6e-07
",
IgG_FP_0297.pdb,/teams/YingChiLab_1702378116/MaishaZhang/PPIFlow-main/output/final_flowpacked_designs/antibody/IgG_FP_0297.pdb,True,0,-9.2,1.9e-07,82,2.0,13.0,9.0,14.0,24.0,20.0,"[+] Executing 1 task(s) in total
##########################################
[+] Processing structure IgG_FP_0297_model0
[+] No. of intermolecular contacts: 82
[+] No. of charged-charged contacts: 2.0
[+] No. of charged-polar contacts: 13.0
[+] No. of charged-apolar contacts: 9.0
[+] No. of polar-polar contacts: 14.0
[+] No. of apolar-polar contacts: 24.0
[+] No. of apolar-apolar contacts: 20.0
[+] Percentage of apolar NIS residues: 42.77
[+] Percentage of charged NIS residues: 18.67
[++] Predicted binding affinity (kcal.mol-1):     -9.2
[++] Predicted dissociation constant (M) at 25.0˚C:  1.9e-07
",
IgG_FP_0298.pdb,/teams/YingChiLab_1702378116/MaishaZhang/PPIFlow-main/output/final_flowpacked_designs/antibody/IgG_FP_0298.pdb,True,0,-11.5,3.4e-09,86,4.0,17.0,24.0,5.0,18.0,18.0,"[+] Executing 1 task(s) in total
##########################################
[+] Processing structure IgG_FP_0298_model0
[+] No. of intermolecular contacts: 86
[+] No. of charged-charged contacts: 4.0
[+] No. of charged-polar contacts: 17.0
[+] No. of charged-apolar contacts: 24.0
[+] No. of polar-polar contacts: 5.0
[+] No. of apolar-polar contacts: 18.0
[+] No. of apolar-apolar contacts: 18.0
[+] Percentage of apolar NIS residues: 40.95
[+] Percentage of charged NIS residues: 19.09
[++] Predicted binding affinity (kcal.mol-1):    -11.5
[++] Predicted dissociation constant (M) at 25.0˚C:  3.4e-09
",
IgG_FP_0299.pdb,/teams/YingChiLab_1702378116/MaishaZhang/PPIFlow-main/output/final_flowpacked_designs/antibody/IgG_FP_0299.pdb,True,0,-11.1,7.1e-09,69,4.0,5.0,14.0,10.0,25.0,11.0,"[+] Executing 1 task(s) in total
##########################################
[+] Processing structure IgG_FP_0299_model0
[+] No. of intermolecular contacts: 69
[+] No. of charged-charged contacts: 4.0
[+] No. of charged-polar contacts: 5.0
[+] No. of charged-apolar contacts: 14.0
[+] No. of polar-polar contacts: 10.0
[+] No. of apolar-polar contacts: 25.0
[+] No. of apolar-apolar contacts: 11.0
[+] Percentage of apolar NIS residues: 41.76
[+] Percentage of charged NIS residues: 18.24
[++] Predicted binding affinity (kcal.mol-1):    -11.1
[++] Predicted dissociation constant (M) at 25.0˚C:  7.1e-09
",
IgG_FP_0300.pdb,/teams/YingChiLab_1702378116/MaishaZhang/PPIFlow-main/output/final_flowpacked_designs/antibody/IgG_FP_0300.pdb,True,0,-10.0,4.9e-08,71,2.0,10.0,14.0,8.0,19.0,18.0,"[+] Executing 1 task(s) in total
##########################################
[+] Processing structure IgG_FP_0300_model0
[+] No. of intermolecular contacts: 71
[+] No. of charged-charged contacts: 2.0
[+] No. of charged-polar contacts: 10.0
[+] No. of charged-apolar contacts: 14.0
[+] No. of polar-polar contacts: 8.0
[+] No. of apolar-polar contacts: 19.0
[+] No. of apolar-apolar contacts: 18.0
[+] Percentage of apolar NIS residues: 41.21
[+] Percentage of charged NIS residues: 18.95
[++] Predicted binding affinity (kcal.mol-1):    -10.0
[++] Predicted dissociation constant (M) at 25.0˚C:  4.9e-08
",
