rank,file,path,ok,returncode,dg_kcal_mol,kd_M,intermolecular_contacts,charged_charged_contacts,charged_polar_contacts,charged_apolar_contacts,polar_polar_contacts,apolar_polar_contacts,apolar_apolar_contacts,stdout,stderr
1,NB_FP_0068.pdb,/teams/YingChiLab_1702378116/MaishaZhang/PPIFlow-main/output/final_flowpacked_designs/nanobody/NB_FP_0068.pdb,True,0,-12.5,6.4e-10,70,1.0,11.0,6.0,6.0,34.0,12.0,"[+] Executing 1 task(s) in total
##########################################
[+] Processing structure NB_FP_0068_model0
[+] No. of intermolecular contacts: 70
[+] No. of charged-charged contacts: 1.0
[+] No. of charged-polar contacts: 11.0
[+] No. of charged-apolar contacts: 6.0
[+] No. of polar-polar contacts: 6.0
[+] No. of apolar-polar contacts: 34.0
[+] No. of apolar-apolar contacts: 12.0
[+] Percentage of apolar NIS residues: 43.09
[+] Percentage of charged NIS residues: 18.74
[++] Predicted binding affinity (kcal.mol-1):    -12.5
[++] Predicted dissociation constant (M) at 25.0˚C:  6.4e-10
",
2,NB_FP_0027.pdb,/teams/YingChiLab_1702378116/MaishaZhang/PPIFlow-main/output/final_flowpacked_designs/nanobody/NB_FP_0027.pdb,True,0,-12.3,9.1e-10,81,5.0,7.0,13.0,6.0,29.0,21.0,"[+] Executing 1 task(s) in total
##########################################
[+] Processing structure NB_FP_0027_model0
[+] No. of intermolecular contacts: 81
[+] No. of charged-charged contacts: 5.0
[+] No. of charged-polar contacts: 7.0
[+] No. of charged-apolar contacts: 13.0
[+] No. of polar-polar contacts: 6.0
[+] No. of apolar-polar contacts: 29.0
[+] No. of apolar-apolar contacts: 21.0
[+] Percentage of apolar NIS residues: 43.63
[+] Percentage of charged NIS residues: 19.10
[++] Predicted binding affinity (kcal.mol-1):    -12.3
[++] Predicted dissociation constant (M) at 25.0˚C:  9.1e-10
",
3,NB_FP_0079.pdb,/teams/YingChiLab_1702378116/MaishaZhang/PPIFlow-main/output/final_flowpacked_designs/nanobody/NB_FP_0079.pdb,True,0,-12.0,1.6e-09,67,4.0,5.0,12.0,1.0,24.0,21.0,"[+] Executing 1 task(s) in total
##########################################
[+] Processing structure NB_FP_0079_model0
[+] No. of intermolecular contacts: 67
[+] No. of charged-charged contacts: 4.0
[+] No. of charged-polar contacts: 5.0
[+] No. of charged-apolar contacts: 12.0
[+] No. of polar-polar contacts: 1.0
[+] No. of apolar-polar contacts: 24.0
[+] No. of apolar-apolar contacts: 21.0
[+] Percentage of apolar NIS residues: 43.59
[+] Percentage of charged NIS residues: 19.11
[++] Predicted binding affinity (kcal.mol-1):    -12.0
[++] Predicted dissociation constant (M) at 25.0˚C:  1.6e-09
",
4,NB_FP_0253.pdb,/teams/YingChiLab_1702378116/MaishaZhang/PPIFlow-main/output/final_flowpacked_designs/nanobody/NB_FP_0253.pdb,True,0,-11.9,1.7e-09,72,0.0,8.0,15.0,4.0,27.0,18.0,"[+] Executing 1 task(s) in total
##########################################
[+] Processing structure NB_FP_0253_model0
[+] No. of intermolecular contacts: 72
[+] No. of charged-charged contacts: 0.0
[+] No. of charged-polar contacts: 8.0
[+] No. of charged-apolar contacts: 15.0
[+] No. of polar-polar contacts: 4.0
[+] No. of apolar-polar contacts: 27.0
[+] No. of apolar-apolar contacts: 18.0
[+] Percentage of apolar NIS residues: 44.13
[+] Percentage of charged NIS residues: 18.78
[++] Predicted binding affinity (kcal.mol-1):    -11.9
[++] Predicted dissociation constant (M) at 25.0˚C:  1.7e-09
",
5,NB_FP_0213.pdb,/teams/YingChiLab_1702378116/MaishaZhang/PPIFlow-main/output/final_flowpacked_designs/nanobody/NB_FP_0213.pdb,True,0,-11.8,2.3e-09,71,3.0,9.0,10.0,6.0,29.0,14.0,"[+] Executing 1 task(s) in total
##########################################
[+] Processing structure NB_FP_0213_model0
[+] No. of intermolecular contacts: 71
[+] No. of charged-charged contacts: 3.0
[+] No. of charged-polar contacts: 9.0
[+] No. of charged-apolar contacts: 10.0
[+] No. of polar-polar contacts: 6.0
[+] No. of apolar-polar contacts: 29.0
[+] No. of apolar-apolar contacts: 14.0
[+] Percentage of apolar NIS residues: 43.90
[+] Percentage of charged NIS residues: 19.25
[++] Predicted binding affinity (kcal.mol-1):    -11.8
[++] Predicted dissociation constant (M) at 25.0˚C:  2.3e-09
",
6,NB_FP_0174.pdb,/teams/YingChiLab_1702378116/MaishaZhang/PPIFlow-main/output/final_flowpacked_designs/nanobody/NB_FP_0174.pdb,True,0,-11.6,3.3e-09,62,2.0,5.0,13.0,3.0,24.0,15.0,"[+] Executing 1 task(s) in total
##########################################
[+] Processing structure NB_FP_0174_model0
[+] No. of intermolecular contacts: 62
[+] No. of charged-charged contacts: 2.0
[+] No. of charged-polar contacts: 5.0
[+] No. of charged-apolar contacts: 13.0
[+] No. of polar-polar contacts: 3.0
[+] No. of apolar-polar contacts: 24.0
[+] No. of apolar-apolar contacts: 15.0
[+] Percentage of apolar NIS residues: 43.39
[+] Percentage of charged NIS residues: 19.03
[++] Predicted binding affinity (kcal.mol-1):    -11.6
[++] Predicted dissociation constant (M) at 25.0˚C:  3.3e-09
",
7,NB_FP_0087.pdb,/teams/YingChiLab_1702378116/MaishaZhang/PPIFlow-main/output/final_flowpacked_designs/nanobody/NB_FP_0087.pdb,True,0,-11.3,4.8e-09,58,4.0,7.0,6.0,3.0,25.0,13.0,"[+] Executing 1 task(s) in total
##########################################
[+] Processing structure NB_FP_0087_model0
[+] No. of intermolecular contacts: 58
[+] No. of charged-charged contacts: 4.0
[+] No. of charged-polar contacts: 7.0
[+] No. of charged-apolar contacts: 6.0
[+] No. of polar-polar contacts: 3.0
[+] No. of apolar-polar contacts: 25.0
[+] No. of apolar-apolar contacts: 13.0
[+] Percentage of apolar NIS residues: 43.38
[+] Percentage of charged NIS residues: 18.49
[++] Predicted binding affinity (kcal.mol-1):    -11.3
[++] Predicted dissociation constant (M) at 25.0˚C:  4.8e-09
",
8,NB_FP_0089.pdb,/teams/YingChiLab_1702378116/MaishaZhang/PPIFlow-main/output/final_flowpacked_designs/nanobody/NB_FP_0089.pdb,True,0,-11.2,5.8e-09,66,4.0,9.0,15.0,2.0,20.0,16.0,"[+] Executing 1 task(s) in total
##########################################
[+] Processing structure NB_FP_0089_model0
[+] No. of intermolecular contacts: 66
[+] No. of charged-charged contacts: 4.0
[+] No. of charged-polar contacts: 9.0
[+] No. of charged-apolar contacts: 15.0
[+] No. of polar-polar contacts: 2.0
[+] No. of apolar-polar contacts: 20.0
[+] No. of apolar-apolar contacts: 16.0
[+] Percentage of apolar NIS residues: 42.63
[+] Percentage of charged NIS residues: 20.05
[++] Predicted binding affinity (kcal.mol-1):    -11.2
[++] Predicted dissociation constant (M) at 25.0˚C:  5.8e-09
",
9,NB_FP_0160.pdb,/teams/YingChiLab_1702378116/MaishaZhang/PPIFlow-main/output/final_flowpacked_designs/nanobody/NB_FP_0160.pdb,True,0,-11.2,5.6e-09,66,1.0,2.0,13.0,1.0,21.0,28.0,"[+] Executing 1 task(s) in total
##########################################
[+] Processing structure NB_FP_0160_model0
[+] No. of intermolecular contacts: 66
[+] No. of charged-charged contacts: 1.0
[+] No. of charged-polar contacts: 2.0
[+] No. of charged-apolar contacts: 13.0
[+] No. of polar-polar contacts: 1.0
[+] No. of apolar-polar contacts: 21.0
[+] No. of apolar-apolar contacts: 28.0
[+] Percentage of apolar NIS residues: 43.09
[+] Percentage of charged NIS residues: 18.89
[++] Predicted binding affinity (kcal.mol-1):    -11.2
[++] Predicted dissociation constant (M) at 25.0˚C:  5.6e-09
",
10,NB_FP_0014.pdb,/teams/YingChiLab_1702378116/MaishaZhang/PPIFlow-main/output/final_flowpacked_designs/nanobody/NB_FP_0014.pdb,True,0,-11.1,6.8e-09,64,1.0,4.0,6.0,11.0,32.0,10.0,"[+] Executing 1 task(s) in total
##########################################
[+] Processing structure NB_FP_0014_model0
[+] No. of intermolecular contacts: 64
[+] No. of charged-charged contacts: 1.0
[+] No. of charged-polar contacts: 4.0
[+] No. of charged-apolar contacts: 6.0
[+] No. of polar-polar contacts: 11.0
[+] No. of apolar-polar contacts: 32.0
[+] No. of apolar-apolar contacts: 10.0
[+] Percentage of apolar NIS residues: 42.76
[+] Percentage of charged NIS residues: 18.93
[++] Predicted binding affinity (kcal.mol-1):    -11.1
[++] Predicted dissociation constant (M) at 25.0˚C:  6.8e-09
",
11,NB_FP_0141.pdb,/teams/YingChiLab_1702378116/MaishaZhang/PPIFlow-main/output/final_flowpacked_designs/nanobody/NB_FP_0141.pdb,True,0,-11.0,7.9e-09,41,0.0,5.0,5.0,2.0,25.0,4.0,"[+] Executing 1 task(s) in total
##########################################
[+] Processing structure NB_FP_0141_model0
[+] No. of intermolecular contacts: 41
[+] No. of charged-charged contacts: 0.0
[+] No. of charged-polar contacts: 5.0
[+] No. of charged-apolar contacts: 5.0
[+] No. of polar-polar contacts: 2.0
[+] No. of apolar-polar contacts: 25.0
[+] No. of apolar-apolar contacts: 4.0
[+] Percentage of apolar NIS residues: 43.36
[+] Percentage of charged NIS residues: 18.65
[++] Predicted binding affinity (kcal.mol-1):    -11.0
[++] Predicted dissociation constant (M) at 25.0˚C:  7.9e-09
",
12,NB_FP_0210.pdb,/teams/YingChiLab_1702378116/MaishaZhang/PPIFlow-main/output/final_flowpacked_designs/nanobody/NB_FP_0210.pdb,True,0,-10.9,1.0e-08,50,1.0,5.0,6.0,1.0,22.0,15.0,"[+] Executing 1 task(s) in total
##########################################
[+] Processing structure NB_FP_0210_model0
[+] No. of intermolecular contacts: 50
[+] No. of charged-charged contacts: 1.0
[+] No. of charged-polar contacts: 5.0
[+] No. of charged-apolar contacts: 6.0
[+] No. of polar-polar contacts: 1.0
[+] No. of apolar-polar contacts: 22.0
[+] No. of apolar-apolar contacts: 15.0
[+] Percentage of apolar NIS residues: 42.33
[+] Percentage of charged NIS residues: 19.07
[++] Predicted binding affinity (kcal.mol-1):    -10.9
[++] Predicted dissociation constant (M) at 25.0˚C:  1.0e-08
",
13,NB_FP_0256.pdb,/teams/YingChiLab_1702378116/MaishaZhang/PPIFlow-main/output/final_flowpacked_designs/nanobody/NB_FP_0256.pdb,True,0,-10.8,1.1e-08,67,4.0,8.0,8.0,4.0,23.0,20.0,"[+] Executing 1 task(s) in total
##########################################
[+] Processing structure NB_FP_0256_model0
[+] No. of intermolecular contacts: 67
[+] No. of charged-charged contacts: 4.0
[+] No. of charged-polar contacts: 8.0
[+] No. of charged-apolar contacts: 8.0
[+] No. of polar-polar contacts: 4.0
[+] No. of apolar-polar contacts: 23.0
[+] No. of apolar-apolar contacts: 20.0
[+] Percentage of apolar NIS residues: 42.99
[+] Percentage of charged NIS residues: 19.48
[++] Predicted binding affinity (kcal.mol-1):    -10.8
[++] Predicted dissociation constant (M) at 25.0˚C:  1.1e-08
",
14,NB_FP_0090.pdb,/teams/YingChiLab_1702378116/MaishaZhang/PPIFlow-main/output/final_flowpacked_designs/nanobody/NB_FP_0090.pdb,True,0,-10.7,1.5e-08,80,2.0,7.0,6.0,6.0,25.0,34.0,"[+] Executing 1 task(s) in total
##########################################
[+] Processing structure NB_FP_0090_model0
[+] No. of intermolecular contacts: 80
[+] No. of charged-charged contacts: 2.0
[+] No. of charged-polar contacts: 7.0
[+] No. of charged-apolar contacts: 6.0
[+] No. of polar-polar contacts: 6.0
[+] No. of apolar-polar contacts: 25.0
[+] No. of apolar-apolar contacts: 34.0
[+] Percentage of apolar NIS residues: 42.86
[+] Percentage of charged NIS residues: 18.37
[++] Predicted binding affinity (kcal.mol-1):    -10.7
[++] Predicted dissociation constant (M) at 25.0˚C:  1.5e-08
",
15,NB_FP_0238.pdb,/teams/YingChiLab_1702378116/MaishaZhang/PPIFlow-main/output/final_flowpacked_designs/nanobody/NB_FP_0238.pdb,True,0,-10.7,1.4e-08,64,2.0,6.0,10.0,4.0,22.0,20.0,"[+] Executing 1 task(s) in total
##########################################
[+] Processing structure NB_FP_0238_model0
[+] No. of intermolecular contacts: 64
[+] No. of charged-charged contacts: 2.0
[+] No. of charged-polar contacts: 6.0
[+] No. of charged-apolar contacts: 10.0
[+] No. of polar-polar contacts: 4.0
[+] No. of apolar-polar contacts: 22.0
[+] No. of apolar-apolar contacts: 20.0
[+] Percentage of apolar NIS residues: 43.29
[+] Percentage of charged NIS residues: 18.29
[++] Predicted binding affinity (kcal.mol-1):    -10.7
[++] Predicted dissociation constant (M) at 25.0˚C:  1.4e-08
",
16,NB_FP_0044.pdb,/teams/YingChiLab_1702378116/MaishaZhang/PPIFlow-main/output/final_flowpacked_designs/nanobody/NB_FP_0044.pdb,True,0,-10.7,1.3e-08,68,5.0,13.0,15.0,3.0,18.0,14.0,"[+] Executing 1 task(s) in total
##########################################
[+] Processing structure NB_FP_0044_model0
[+] No. of intermolecular contacts: 68
[+] No. of charged-charged contacts: 5.0
[+] No. of charged-polar contacts: 13.0
[+] No. of charged-apolar contacts: 15.0
[+] No. of polar-polar contacts: 3.0
[+] No. of apolar-polar contacts: 18.0
[+] No. of apolar-apolar contacts: 14.0
[+] Percentage of apolar NIS residues: 42.42
[+] Percentage of charged NIS residues: 19.81
[++] Predicted binding affinity (kcal.mol-1):    -10.7
[++] Predicted dissociation constant (M) at 25.0˚C:  1.3e-08
",
17,NB_FP_0029.pdb,/teams/YingChiLab_1702378116/MaishaZhang/PPIFlow-main/output/final_flowpacked_designs/nanobody/NB_FP_0029.pdb,True,0,-10.7,1.4e-08,77,3.0,8.0,12.0,6.0,22.0,26.0,"[+] Executing 1 task(s) in total
##########################################
[+] Processing structure NB_FP_0029_model0
[+] No. of intermolecular contacts: 77
[+] No. of charged-charged contacts: 3.0
[+] No. of charged-polar contacts: 8.0
[+] No. of charged-apolar contacts: 12.0
[+] No. of polar-polar contacts: 6.0
[+] No. of apolar-polar contacts: 22.0
[+] No. of apolar-apolar contacts: 26.0
[+] Percentage of apolar NIS residues: 42.17
[+] Percentage of charged NIS residues: 19.12
[++] Predicted binding affinity (kcal.mol-1):    -10.7
[++] Predicted dissociation constant (M) at 25.0˚C:  1.4e-08
",
18,NB_FP_0163.pdb,/teams/YingChiLab_1702378116/MaishaZhang/PPIFlow-main/output/final_flowpacked_designs/nanobody/NB_FP_0163.pdb,True,0,-10.6,1.7e-08,55,5.0,8.0,11.0,3.0,19.0,9.0,"[+] Executing 1 task(s) in total
##########################################
[+] Processing structure NB_FP_0163_model0
[+] No. of intermolecular contacts: 55
[+] No. of charged-charged contacts: 5.0
[+] No. of charged-polar contacts: 8.0
[+] No. of charged-apolar contacts: 11.0
[+] No. of polar-polar contacts: 3.0
[+] No. of apolar-polar contacts: 19.0
[+] No. of apolar-apolar contacts: 9.0
[+] Percentage of apolar NIS residues: 42.76
[+] Percentage of charged NIS residues: 19.16
[++] Predicted binding affinity (kcal.mol-1):    -10.6
[++] Predicted dissociation constant (M) at 25.0˚C:  1.7e-08
",
19,NB_FP_0018.pdb,/teams/YingChiLab_1702378116/MaishaZhang/PPIFlow-main/output/final_flowpacked_designs/nanobody/NB_FP_0018.pdb,True,0,-10.6,1.5e-08,57,5.0,9.0,19.0,3.0,15.0,6.0,"[+] Executing 1 task(s) in total
##########################################
[+] Processing structure NB_FP_0018_model0
[+] No. of intermolecular contacts: 57
[+] No. of charged-charged contacts: 5.0
[+] No. of charged-polar contacts: 9.0
[+] No. of charged-apolar contacts: 19.0
[+] No. of polar-polar contacts: 3.0
[+] No. of apolar-polar contacts: 15.0
[+] No. of apolar-apolar contacts: 6.0
[+] Percentage of apolar NIS residues: 41.84
[+] Percentage of charged NIS residues: 19.31
[++] Predicted binding affinity (kcal.mol-1):    -10.6
[++] Predicted dissociation constant (M) at 25.0˚C:  1.5e-08
",
20,NB_FP_0128.pdb,/teams/YingChiLab_1702378116/MaishaZhang/PPIFlow-main/output/final_flowpacked_designs/nanobody/NB_FP_0128.pdb,True,0,-10.6,1.8e-08,66,0.0,4.0,6.0,6.0,26.0,24.0,"[+] Executing 1 task(s) in total
##########################################
[+] Processing structure NB_FP_0128_model0
[+] No. of intermolecular contacts: 66
[+] No. of charged-charged contacts: 0.0
[+] No. of charged-polar contacts: 4.0
[+] No. of charged-apolar contacts: 6.0
[+] No. of polar-polar contacts: 6.0
[+] No. of apolar-polar contacts: 26.0
[+] No. of apolar-apolar contacts: 24.0
[+] Percentage of apolar NIS residues: 43.86
[+] Percentage of charged NIS residues: 18.18
[++] Predicted binding affinity (kcal.mol-1):    -10.6
[++] Predicted dissociation constant (M) at 25.0˚C:  1.8e-08
",
21,NB_FP_0057.pdb,/teams/YingChiLab_1702378116/MaishaZhang/PPIFlow-main/output/final_flowpacked_designs/nanobody/NB_FP_0057.pdb,True,0,-10.6,1.8e-08,51,1.0,7.0,5.0,5.0,25.0,8.0,"[+] Executing 1 task(s) in total
##########################################
[+] Processing structure NB_FP_0057_model0
[+] No. of intermolecular contacts: 51
[+] No. of charged-charged contacts: 1.0
[+] No. of charged-polar contacts: 7.0
[+] No. of charged-apolar contacts: 5.0
[+] No. of polar-polar contacts: 5.0
[+] No. of apolar-polar contacts: 25.0
[+] No. of apolar-apolar contacts: 8.0
[+] Percentage of apolar NIS residues: 43.38
[+] Percentage of charged NIS residues: 18.49
[++] Predicted binding affinity (kcal.mol-1):    -10.6
[++] Predicted dissociation constant (M) at 25.0˚C:  1.8e-08
",
22,NB_FP_0009.pdb,/teams/YingChiLab_1702378116/MaishaZhang/PPIFlow-main/output/final_flowpacked_designs/nanobody/NB_FP_0009.pdb,True,0,-10.5,2.0e-08,49,3.0,2.0,11.0,5.0,21.0,7.0,"[+] Executing 1 task(s) in total
##########################################
[+] Processing structure NB_FP_0009_model0
[+] No. of intermolecular contacts: 49
[+] No. of charged-charged contacts: 3.0
[+] No. of charged-polar contacts: 2.0
[+] No. of charged-apolar contacts: 11.0
[+] No. of polar-polar contacts: 5.0
[+] No. of apolar-polar contacts: 21.0
[+] No. of apolar-apolar contacts: 7.0
[+] Percentage of apolar NIS residues: 43.12
[+] Percentage of charged NIS residues: 18.51
[++] Predicted binding affinity (kcal.mol-1):    -10.5
[++] Predicted dissociation constant (M) at 25.0˚C:  2.0e-08
",
23,NB_FP_0015.pdb,/teams/YingChiLab_1702378116/MaishaZhang/PPIFlow-main/output/final_flowpacked_designs/nanobody/NB_FP_0015.pdb,True,0,-10.5,1.9e-08,63,4.0,6.0,8.0,6.0,23.0,16.0,"[+] Executing 1 task(s) in total
##########################################
[+] Processing structure NB_FP_0015_model0
[+] No. of intermolecular contacts: 63
[+] No. of charged-charged contacts: 4.0
[+] No. of charged-polar contacts: 6.0
[+] No. of charged-apolar contacts: 8.0
[+] No. of polar-polar contacts: 6.0
[+] No. of apolar-polar contacts: 23.0
[+] No. of apolar-apolar contacts: 16.0
[+] Percentage of apolar NIS residues: 43.09
[+] Percentage of charged NIS residues: 18.66
[++] Predicted binding affinity (kcal.mol-1):    -10.5
[++] Predicted dissociation constant (M) at 25.0˚C:  1.9e-08
",
24,NB_FP_0104.pdb,/teams/YingChiLab_1702378116/MaishaZhang/PPIFlow-main/output/final_flowpacked_designs/nanobody/NB_FP_0104.pdb,True,0,-10.5,2.0e-08,40,0.0,6.0,3.0,2.0,23.0,6.0,"[+] Executing 1 task(s) in total
##########################################
[+] Processing structure NB_FP_0104_model0
[+] No. of intermolecular contacts: 40
[+] No. of charged-charged contacts: 0.0
[+] No. of charged-polar contacts: 6.0
[+] No. of charged-apolar contacts: 3.0
[+] No. of polar-polar contacts: 2.0
[+] No. of apolar-polar contacts: 23.0
[+] No. of apolar-apolar contacts: 6.0
[+] Percentage of apolar NIS residues: 43.09
[+] Percentage of charged NIS residues: 18.20
[++] Predicted binding affinity (kcal.mol-1):    -10.5
[++] Predicted dissociation constant (M) at 25.0˚C:  2.0e-08
",
25,NB_FP_0088.pdb,/teams/YingChiLab_1702378116/MaishaZhang/PPIFlow-main/output/final_flowpacked_designs/nanobody/NB_FP_0088.pdb,True,0,-10.5,1.9e-08,46,3.0,6.0,10.0,3.0,20.0,4.0,"[+] Executing 1 task(s) in total
##########################################
[+] Processing structure NB_FP_0088_model0
[+] No. of intermolecular contacts: 46
[+] No. of charged-charged contacts: 3.0
[+] No. of charged-polar contacts: 6.0
[+] No. of charged-apolar contacts: 10.0
[+] No. of polar-polar contacts: 3.0
[+] No. of apolar-polar contacts: 20.0
[+] No. of apolar-apolar contacts: 4.0
[+] Percentage of apolar NIS residues: 43.22
[+] Percentage of charged NIS residues: 18.62
[++] Predicted binding affinity (kcal.mol-1):    -10.5
[++] Predicted dissociation constant (M) at 25.0˚C:  1.9e-08
",
26,NB_FP_0218.pdb,/teams/YingChiLab_1702378116/MaishaZhang/PPIFlow-main/output/final_flowpacked_designs/nanobody/NB_FP_0218.pdb,True,0,-10.5,2.0e-08,52,0.0,7.0,8.0,3.0,22.0,12.0,"[+] Executing 1 task(s) in total
##########################################
[+] Processing structure NB_FP_0218_model0
[+] No. of intermolecular contacts: 52
[+] No. of charged-charged contacts: 0.0
[+] No. of charged-polar contacts: 7.0
[+] No. of charged-apolar contacts: 8.0
[+] No. of polar-polar contacts: 3.0
[+] No. of apolar-polar contacts: 22.0
[+] No. of apolar-apolar contacts: 12.0
[+] Percentage of apolar NIS residues: 43.26
[+] Percentage of charged NIS residues: 18.60
[++] Predicted binding affinity (kcal.mol-1):    -10.5
[++] Predicted dissociation constant (M) at 25.0˚C:  2.0e-08
",
27,NB_FP_0047.pdb,/teams/YingChiLab_1702378116/MaishaZhang/PPIFlow-main/output/final_flowpacked_designs/nanobody/NB_FP_0047.pdb,True,0,-10.5,2.1e-08,63,1.0,6.0,9.0,6.0,24.0,17.0,"[+] Executing 1 task(s) in total
##########################################
[+] Processing structure NB_FP_0047_model0
[+] No. of intermolecular contacts: 63
[+] No. of charged-charged contacts: 1.0
[+] No. of charged-polar contacts: 6.0
[+] No. of charged-apolar contacts: 9.0
[+] No. of polar-polar contacts: 6.0
[+] No. of apolar-polar contacts: 24.0
[+] No. of apolar-apolar contacts: 17.0
[+] Percentage of apolar NIS residues: 43.06
[+] Percentage of charged NIS residues: 19.44
[++] Predicted binding affinity (kcal.mol-1):    -10.5
[++] Predicted dissociation constant (M) at 25.0˚C:  2.1e-08
",
28,NB_FP_0060.pdb,/teams/YingChiLab_1702378116/MaishaZhang/PPIFlow-main/output/final_flowpacked_designs/nanobody/NB_FP_0060.pdb,True,0,-10.5,1.9e-08,63,2.0,7.0,9.0,4.0,22.0,19.0,"[+] Executing 1 task(s) in total
##########################################
[+] Processing structure NB_FP_0060_model0
[+] No. of intermolecular contacts: 63
[+] No. of charged-charged contacts: 2.0
[+] No. of charged-polar contacts: 7.0
[+] No. of charged-apolar contacts: 9.0
[+] No. of polar-polar contacts: 4.0
[+] No. of apolar-polar contacts: 22.0
[+] No. of apolar-apolar contacts: 19.0
[+] Percentage of apolar NIS residues: 43.46
[+] Percentage of charged NIS residues: 18.69
[++] Predicted binding affinity (kcal.mol-1):    -10.5
[++] Predicted dissociation constant (M) at 25.0˚C:  1.9e-08
",
29,NB_FP_0152.pdb,/teams/YingChiLab_1702378116/MaishaZhang/PPIFlow-main/output/final_flowpacked_designs/nanobody/NB_FP_0152.pdb,True,0,-10.4,2.4e-08,69,1.0,10.0,13.0,4.0,20.0,21.0,"[+] Executing 1 task(s) in total
##########################################
[+] Processing structure NB_FP_0152_model0
[+] No. of intermolecular contacts: 69
[+] No. of charged-charged contacts: 1.0
[+] No. of charged-polar contacts: 10.0
[+] No. of charged-apolar contacts: 13.0
[+] No. of polar-polar contacts: 4.0
[+] No. of apolar-polar contacts: 20.0
[+] No. of apolar-apolar contacts: 21.0
[+] Percentage of apolar NIS residues: 43.75
[+] Percentage of charged NIS residues: 18.29
[++] Predicted binding affinity (kcal.mol-1):    -10.4
[++] Predicted dissociation constant (M) at 25.0˚C:  2.4e-08
",
30,NB_FP_0077.pdb,/teams/YingChiLab_1702378116/MaishaZhang/PPIFlow-main/output/final_flowpacked_designs/nanobody/NB_FP_0077.pdb,True,0,-10.4,2.2e-08,74,5.0,5.0,22.0,3.0,15.0,24.0,"[+] Executing 1 task(s) in total
##########################################
[+] Processing structure NB_FP_0077_model0
[+] No. of intermolecular contacts: 74
[+] No. of charged-charged contacts: 5.0
[+] No. of charged-polar contacts: 5.0
[+] No. of charged-apolar contacts: 22.0
[+] No. of polar-polar contacts: 3.0
[+] No. of apolar-polar contacts: 15.0
[+] No. of apolar-apolar contacts: 24.0
[+] Percentage of apolar NIS residues: 43.79
[+] Percentage of charged NIS residues: 20.32
[++] Predicted binding affinity (kcal.mol-1):    -10.4
[++] Predicted dissociation constant (M) at 25.0˚C:  2.2e-08
",
31,NB_FP_0113.pdb,/teams/YingChiLab_1702378116/MaishaZhang/PPIFlow-main/output/final_flowpacked_designs/nanobody/NB_FP_0113.pdb,True,0,-10.4,2.2e-08,59,1.0,3.0,8.0,6.0,25.0,16.0,"[+] Executing 1 task(s) in total
##########################################
[+] Processing structure NB_FP_0113_model0
[+] No. of intermolecular contacts: 59
[+] No. of charged-charged contacts: 1.0
[+] No. of charged-polar contacts: 3.0
[+] No. of charged-apolar contacts: 8.0
[+] No. of polar-polar contacts: 6.0
[+] No. of apolar-polar contacts: 25.0
[+] No. of apolar-apolar contacts: 16.0
[+] Percentage of apolar NIS residues: 44.60
[+] Percentage of charged NIS residues: 18.62
[++] Predicted binding affinity (kcal.mol-1):    -10.4
[++] Predicted dissociation constant (M) at 25.0˚C:  2.2e-08
",
32,NB_FP_0201.pdb,/teams/YingChiLab_1702378116/MaishaZhang/PPIFlow-main/output/final_flowpacked_designs/nanobody/NB_FP_0201.pdb,True,0,-10.3,2.6e-08,50,0.0,5.0,10.0,2.0,20.0,13.0,"[+] Executing 1 task(s) in total
##########################################
[+] Processing structure NB_FP_0201_model0
[+] No. of intermolecular contacts: 50
[+] No. of charged-charged contacts: 0.0
[+] No. of charged-polar contacts: 5.0
[+] No. of charged-apolar contacts: 10.0
[+] No. of polar-polar contacts: 2.0
[+] No. of apolar-polar contacts: 20.0
[+] No. of apolar-apolar contacts: 13.0
[+] Percentage of apolar NIS residues: 43.98
[+] Percentage of charged NIS residues: 18.29
[++] Predicted binding affinity (kcal.mol-1):    -10.3
[++] Predicted dissociation constant (M) at 25.0˚C:  2.6e-08
",
33,NB_FP_0186.pdb,/teams/YingChiLab_1702378116/MaishaZhang/PPIFlow-main/output/final_flowpacked_designs/nanobody/NB_FP_0186.pdb,True,0,-10.3,2.6e-08,45,0.0,6.0,5.0,5.0,24.0,5.0,"[+] Executing 1 task(s) in total
##########################################
[+] Processing structure NB_FP_0186_model0
[+] No. of intermolecular contacts: 45
[+] No. of charged-charged contacts: 0.0
[+] No. of charged-polar contacts: 6.0
[+] No. of charged-apolar contacts: 5.0
[+] No. of polar-polar contacts: 5.0
[+] No. of apolar-polar contacts: 24.0
[+] No. of apolar-apolar contacts: 5.0
[+] Percentage of apolar NIS residues: 42.96
[+] Percentage of charged NIS residues: 18.48
[++] Predicted binding affinity (kcal.mol-1):    -10.3
[++] Predicted dissociation constant (M) at 25.0˚C:  2.6e-08
",
34,NB_FP_0171.pdb,/teams/YingChiLab_1702378116/MaishaZhang/PPIFlow-main/output/final_flowpacked_designs/nanobody/NB_FP_0171.pdb,True,0,-10.3,2.9e-08,47,0.0,6.0,7.0,3.0,22.0,9.0,"[+] Executing 1 task(s) in total
##########################################
[+] Processing structure NB_FP_0171_model0
[+] No. of intermolecular contacts: 47
[+] No. of charged-charged contacts: 0.0
[+] No. of charged-polar contacts: 6.0
[+] No. of charged-apolar contacts: 7.0
[+] No. of polar-polar contacts: 3.0
[+] No. of apolar-polar contacts: 22.0
[+] No. of apolar-apolar contacts: 9.0
[+] Percentage of apolar NIS residues: 43.62
[+] Percentage of charged NIS residues: 19.03
[++] Predicted binding affinity (kcal.mol-1):    -10.3
[++] Predicted dissociation constant (M) at 25.0˚C:  2.9e-08
",
35,NB_FP_0100.pdb,/teams/YingChiLab_1702378116/MaishaZhang/PPIFlow-main/output/final_flowpacked_designs/nanobody/NB_FP_0100.pdb,True,0,-10.2,3.2e-08,54,0.0,4.0,5.0,1.0,20.0,24.0,"[+] Executing 1 task(s) in total
##########################################
[+] Processing structure NB_FP_0100_model0
[+] No. of intermolecular contacts: 54
[+] No. of charged-charged contacts: 0.0
[+] No. of charged-polar contacts: 4.0
[+] No. of charged-apolar contacts: 5.0
[+] No. of polar-polar contacts: 1.0
[+] No. of apolar-polar contacts: 20.0
[+] No. of apolar-apolar contacts: 24.0
[+] Percentage of apolar NIS residues: 42.99
[+] Percentage of charged NIS residues: 18.39
[++] Predicted binding affinity (kcal.mol-1):    -10.2
[++] Predicted dissociation constant (M) at 25.0˚C:  3.2e-08
",
36,NB_FP_0164.pdb,/teams/YingChiLab_1702378116/MaishaZhang/PPIFlow-main/output/final_flowpacked_designs/nanobody/NB_FP_0164.pdb,True,0,-10.2,3.3e-08,67,4.0,8.0,13.0,3.0,18.0,21.0,"[+] Executing 1 task(s) in total
##########################################
[+] Processing structure NB_FP_0164_model0
[+] No. of intermolecular contacts: 67
[+] No. of charged-charged contacts: 4.0
[+] No. of charged-polar contacts: 8.0
[+] No. of charged-apolar contacts: 13.0
[+] No. of polar-polar contacts: 3.0
[+] No. of apolar-polar contacts: 18.0
[+] No. of apolar-apolar contacts: 21.0
[+] Percentage of apolar NIS residues: 44.29
[+] Percentage of charged NIS residues: 19.11
[++] Predicted binding affinity (kcal.mol-1):    -10.2
[++] Predicted dissociation constant (M) at 25.0˚C:  3.3e-08
",
37,NB_FP_0259.pdb,/teams/YingChiLab_1702378116/MaishaZhang/PPIFlow-main/output/final_flowpacked_designs/nanobody/NB_FP_0259.pdb,True,0,-10.2,3.3e-08,60,1.0,3.0,6.0,6.0,24.0,20.0,"[+] Executing 1 task(s) in total
##########################################
[+] Processing structure NB_FP_0259_model0
[+] No. of intermolecular contacts: 60
[+] No. of charged-charged contacts: 1.0
[+] No. of charged-polar contacts: 3.0
[+] No. of charged-apolar contacts: 6.0
[+] No. of polar-polar contacts: 6.0
[+] No. of apolar-polar contacts: 24.0
[+] No. of apolar-apolar contacts: 20.0
[+] Percentage of apolar NIS residues: 43.48
[+] Percentage of charged NIS residues: 18.76
[++] Predicted binding affinity (kcal.mol-1):    -10.2
[++] Predicted dissociation constant (M) at 25.0˚C:  3.3e-08
",
38,NB_FP_0040.pdb,/teams/YingChiLab_1702378116/MaishaZhang/PPIFlow-main/output/final_flowpacked_designs/nanobody/NB_FP_0040.pdb,True,0,-10.2,3.1e-08,66,0.0,9.0,12.0,4.0,21.0,20.0,"[+] Executing 1 task(s) in total
##########################################
[+] Processing structure NB_FP_0040_model0
[+] No. of intermolecular contacts: 66
[+] No. of charged-charged contacts: 0.0
[+] No. of charged-polar contacts: 9.0
[+] No. of charged-apolar contacts: 12.0
[+] No. of polar-polar contacts: 4.0
[+] No. of apolar-polar contacts: 21.0
[+] No. of apolar-apolar contacts: 20.0
[+] Percentage of apolar NIS residues: 44.55
[+] Percentage of charged NIS residues: 18.56
[++] Predicted binding affinity (kcal.mol-1):    -10.2
[++] Predicted dissociation constant (M) at 25.0˚C:  3.1e-08
",
39,NB_FP_0102.pdb,/teams/YingChiLab_1702378116/MaishaZhang/PPIFlow-main/output/final_flowpacked_designs/nanobody/NB_FP_0102.pdb,True,0,-10.1,4.2e-08,61,0.0,6.0,6.0,6.0,24.0,19.0,"[+] Executing 1 task(s) in total
##########################################
[+] Processing structure NB_FP_0102_model0
[+] No. of intermolecular contacts: 61
[+] No. of charged-charged contacts: 0.0
[+] No. of charged-polar contacts: 6.0
[+] No. of charged-apolar contacts: 6.0
[+] No. of polar-polar contacts: 6.0
[+] No. of apolar-polar contacts: 24.0
[+] No. of apolar-apolar contacts: 19.0
[+] Percentage of apolar NIS residues: 43.56
[+] Percentage of charged NIS residues: 18.97
[++] Predicted binding affinity (kcal.mol-1):    -10.1
[++] Predicted dissociation constant (M) at 25.0˚C:  4.2e-08
",
40,NB_FP_0095.pdb,/teams/YingChiLab_1702378116/MaishaZhang/PPIFlow-main/output/final_flowpacked_designs/nanobody/NB_FP_0095.pdb,True,0,-10.1,4.2e-08,52,2.0,6.0,11.0,2.0,17.0,14.0,"[+] Executing 1 task(s) in total
##########################################
[+] Processing structure NB_FP_0095_model0
[+] No. of intermolecular contacts: 52
[+] No. of charged-charged contacts: 2.0
[+] No. of charged-polar contacts: 6.0
[+] No. of charged-apolar contacts: 11.0
[+] No. of polar-polar contacts: 2.0
[+] No. of apolar-polar contacts: 17.0
[+] No. of apolar-apolar contacts: 14.0
[+] Percentage of apolar NIS residues: 43.02
[+] Percentage of charged NIS residues: 18.84
[++] Predicted binding affinity (kcal.mol-1):    -10.1
[++] Predicted dissociation constant (M) at 25.0˚C:  4.2e-08
",
41,NB_FP_0046.pdb,/teams/YingChiLab_1702378116/MaishaZhang/PPIFlow-main/output/final_flowpacked_designs/nanobody/NB_FP_0046.pdb,True,0,-10.1,3.6e-08,59,2.0,10.0,11.0,1.0,17.0,18.0,"[+] Executing 1 task(s) in total
##########################################
[+] Processing structure NB_FP_0046_model0
[+] No. of intermolecular contacts: 59
[+] No. of charged-charged contacts: 2.0
[+] No. of charged-polar contacts: 10.0
[+] No. of charged-apolar contacts: 11.0
[+] No. of polar-polar contacts: 1.0
[+] No. of apolar-polar contacts: 17.0
[+] No. of apolar-apolar contacts: 18.0
[+] Percentage of apolar NIS residues: 43.55
[+] Percentage of charged NIS residues: 18.89
[++] Predicted binding affinity (kcal.mol-1):    -10.1
[++] Predicted dissociation constant (M) at 25.0˚C:  3.6e-08
",
42,NB_FP_0129.pdb,/teams/YingChiLab_1702378116/MaishaZhang/PPIFlow-main/output/final_flowpacked_designs/nanobody/NB_FP_0129.pdb,True,0,-10.1,4.1e-08,60,2.0,12.0,8.0,5.0,21.0,12.0,"[+] Executing 1 task(s) in total
##########################################
[+] Processing structure NB_FP_0129_model0
[+] No. of intermolecular contacts: 60
[+] No. of charged-charged contacts: 2.0
[+] No. of charged-polar contacts: 12.0
[+] No. of charged-apolar contacts: 8.0
[+] No. of polar-polar contacts: 5.0
[+] No. of apolar-polar contacts: 21.0
[+] No. of apolar-apolar contacts: 12.0
[+] Percentage of apolar NIS residues: 43.22
[+] Percentage of charged NIS residues: 18.62
[++] Predicted binding affinity (kcal.mol-1):    -10.1
[++] Predicted dissociation constant (M) at 25.0˚C:  4.1e-08
",
43,NB_FP_0145.pdb,/teams/YingChiLab_1702378116/MaishaZhang/PPIFlow-main/output/final_flowpacked_designs/nanobody/NB_FP_0145.pdb,True,0,-10.1,4.1e-08,60,3.0,3.0,9.0,7.0,22.0,16.0,"[+] Executing 1 task(s) in total
##########################################
[+] Processing structure NB_FP_0145_model0
[+] No. of intermolecular contacts: 60
[+] No. of charged-charged contacts: 3.0
[+] No. of charged-polar contacts: 3.0
[+] No. of charged-apolar contacts: 9.0
[+] No. of polar-polar contacts: 7.0
[+] No. of apolar-polar contacts: 22.0
[+] No. of apolar-apolar contacts: 16.0
[+] Percentage of apolar NIS residues: 43.51
[+] Percentage of charged NIS residues: 18.45
[++] Predicted binding affinity (kcal.mol-1):    -10.1
[++] Predicted dissociation constant (M) at 25.0˚C:  4.1e-08
",
44,NB_FP_0017.pdb,/teams/YingChiLab_1702378116/MaishaZhang/PPIFlow-main/output/final_flowpacked_designs/nanobody/NB_FP_0017.pdb,True,0,-10.1,4.1e-08,60,0.0,5.0,3.0,9.0,28.0,15.0,"[+] Executing 1 task(s) in total
##########################################
[+] Processing structure NB_FP_0017_model0
[+] No. of intermolecular contacts: 60
[+] No. of charged-charged contacts: 0.0
[+] No. of charged-polar contacts: 5.0
[+] No. of charged-apolar contacts: 3.0
[+] No. of polar-polar contacts: 9.0
[+] No. of apolar-polar contacts: 28.0
[+] No. of apolar-apolar contacts: 15.0
[+] Percentage of apolar NIS residues: 43.93
[+] Percentage of charged NIS residues: 18.46
[++] Predicted binding affinity (kcal.mol-1):    -10.1
[++] Predicted dissociation constant (M) at 25.0˚C:  4.1e-08
",
45,NB_FP_0281.pdb,/teams/YingChiLab_1702378116/MaishaZhang/PPIFlow-main/output/final_flowpacked_designs/nanobody/NB_FP_0281.pdb,True,0,-10.1,3.9e-08,53,0.0,5.0,5.0,2.0,21.0,20.0,"[+] Executing 1 task(s) in total
##########################################
[+] Processing structure NB_FP_0281_model0
[+] No. of intermolecular contacts: 53
[+] No. of charged-charged contacts: 0.0
[+] No. of charged-polar contacts: 5.0
[+] No. of charged-apolar contacts: 5.0
[+] No. of polar-polar contacts: 2.0
[+] No. of apolar-polar contacts: 21.0
[+] No. of apolar-apolar contacts: 20.0
[+] Percentage of apolar NIS residues: 43.72
[+] Percentage of charged NIS residues: 18.37
[++] Predicted binding affinity (kcal.mol-1):    -10.1
[++] Predicted dissociation constant (M) at 25.0˚C:  3.9e-08
",
46,NB_FP_0037.pdb,/teams/YingChiLab_1702378116/MaishaZhang/PPIFlow-main/output/final_flowpacked_designs/nanobody/NB_FP_0037.pdb,True,0,-10.0,4.8e-08,38,0.0,1.0,3.0,5.0,23.0,6.0,"[+] Executing 1 task(s) in total
##########################################
[+] Processing structure NB_FP_0037_model0
[+] No. of intermolecular contacts: 38
[+] No. of charged-charged contacts: 0.0
[+] No. of charged-polar contacts: 1.0
[+] No. of charged-apolar contacts: 3.0
[+] No. of polar-polar contacts: 5.0
[+] No. of apolar-polar contacts: 23.0
[+] No. of apolar-apolar contacts: 6.0
[+] Percentage of apolar NIS residues: 42.76
[+] Percentage of charged NIS residues: 18.16
[++] Predicted binding affinity (kcal.mol-1):    -10.0
[++] Predicted dissociation constant (M) at 25.0˚C:  4.8e-08
",
47,NB_FP_0264.pdb,/teams/YingChiLab_1702378116/MaishaZhang/PPIFlow-main/output/final_flowpacked_designs/nanobody/NB_FP_0264.pdb,True,0,-10.0,5.0e-08,71,1.0,7.0,7.0,9.0,25.0,22.0,"[+] Executing 1 task(s) in total
##########################################
[+] Processing structure NB_FP_0264_model0
[+] No. of intermolecular contacts: 71
[+] No. of charged-charged contacts: 1.0
[+] No. of charged-polar contacts: 7.0
[+] No. of charged-apolar contacts: 7.0
[+] No. of polar-polar contacts: 9.0
[+] No. of apolar-polar contacts: 25.0
[+] No. of apolar-apolar contacts: 22.0
[+] Percentage of apolar NIS residues: 43.56
[+] Percentage of charged NIS residues: 18.50
[++] Predicted binding affinity (kcal.mol-1):    -10.0
[++] Predicted dissociation constant (M) at 25.0˚C:  5.0e-08
",
48,NB_FP_0022.pdb,/teams/YingChiLab_1702378116/MaishaZhang/PPIFlow-main/output/final_flowpacked_designs/nanobody/NB_FP_0022.pdb,True,0,-10.0,4.5e-08,63,0.0,11.0,10.0,3.0,19.0,20.0,"[+] Executing 1 task(s) in total
##########################################
[+] Processing structure NB_FP_0022_model0
[+] No. of intermolecular contacts: 63
[+] No. of charged-charged contacts: 0.0
[+] No. of charged-polar contacts: 11.0
[+] No. of charged-apolar contacts: 10.0
[+] No. of polar-polar contacts: 3.0
[+] No. of apolar-polar contacts: 19.0
[+] No. of apolar-apolar contacts: 20.0
[+] Percentage of apolar NIS residues: 42.79
[+] Percentage of charged NIS residues: 19.22
[++] Predicted binding affinity (kcal.mol-1):    -10.0
[++] Predicted dissociation constant (M) at 25.0˚C:  4.5e-08
",
49,NB_FP_0287.pdb,/teams/YingChiLab_1702378116/MaishaZhang/PPIFlow-main/output/final_flowpacked_designs/nanobody/NB_FP_0287.pdb,True,0,-10.0,4.3e-08,55,1.0,3.0,5.0,4.0,22.0,20.0,"[+] Executing 1 task(s) in total
##########################################
[+] Processing structure NB_FP_0287_model0
[+] No. of intermolecular contacts: 55
[+] No. of charged-charged contacts: 1.0
[+] No. of charged-polar contacts: 3.0
[+] No. of charged-apolar contacts: 5.0
[+] No. of polar-polar contacts: 4.0
[+] No. of apolar-polar contacts: 22.0
[+] No. of apolar-apolar contacts: 20.0
[+] Percentage of apolar NIS residues: 43.65
[+] Percentage of charged NIS residues: 18.48
[++] Predicted binding affinity (kcal.mol-1):    -10.0
[++] Predicted dissociation constant (M) at 25.0˚C:  4.3e-08
",
50,NB_FP_0081.pdb,/teams/YingChiLab_1702378116/MaishaZhang/PPIFlow-main/output/final_flowpacked_designs/nanobody/NB_FP_0081.pdb,True,0,-10.0,4.8e-08,59,2.0,4.0,6.0,8.0,25.0,14.0,"[+] Executing 1 task(s) in total
##########################################
[+] Processing structure NB_FP_0081_model0
[+] No. of intermolecular contacts: 59
[+] No. of charged-charged contacts: 2.0
[+] No. of charged-polar contacts: 4.0
[+] No. of charged-apolar contacts: 6.0
[+] No. of polar-polar contacts: 8.0
[+] No. of apolar-polar contacts: 25.0
[+] No. of apolar-apolar contacts: 14.0
[+] Percentage of apolar NIS residues: 43.75
[+] Percentage of charged NIS residues: 19.44
[++] Predicted binding affinity (kcal.mol-1):    -10.0
[++] Predicted dissociation constant (M) at 25.0˚C:  4.8e-08
",
51,NB_FP_0203.pdb,/teams/YingChiLab_1702378116/MaishaZhang/PPIFlow-main/output/final_flowpacked_designs/nanobody/NB_FP_0203.pdb,True,0,-10.0,4.4e-08,57,7.0,1.0,15.0,3.0,14.0,17.0,"[+] Executing 1 task(s) in total
##########################################
[+] Processing structure NB_FP_0203_model0
[+] No. of intermolecular contacts: 57
[+] No. of charged-charged contacts: 7.0
[+] No. of charged-polar contacts: 1.0
[+] No. of charged-apolar contacts: 15.0
[+] No. of polar-polar contacts: 3.0
[+] No. of apolar-polar contacts: 14.0
[+] No. of apolar-apolar contacts: 17.0
[+] Percentage of apolar NIS residues: 43.49
[+] Percentage of charged NIS residues: 18.37
[++] Predicted binding affinity (kcal.mol-1):    -10.0
[++] Predicted dissociation constant (M) at 25.0˚C:  4.4e-08
",
52,NB_FP_0158.pdb,/teams/YingChiLab_1702378116/MaishaZhang/PPIFlow-main/output/final_flowpacked_designs/nanobody/NB_FP_0158.pdb,True,0,-10.0,4.8e-08,40,0.0,5.0,5.0,3.0,21.0,6.0,"[+] Executing 1 task(s) in total
##########################################
[+] Processing structure NB_FP_0158_model0
[+] No. of intermolecular contacts: 40
[+] No. of charged-charged contacts: 0.0
[+] No. of charged-polar contacts: 5.0
[+] No. of charged-apolar contacts: 5.0
[+] No. of polar-polar contacts: 3.0
[+] No. of apolar-polar contacts: 21.0
[+] No. of apolar-apolar contacts: 6.0
[+] Percentage of apolar NIS residues: 43.36
[+] Percentage of charged NIS residues: 18.41
[++] Predicted binding affinity (kcal.mol-1):    -10.0
[++] Predicted dissociation constant (M) at 25.0˚C:  4.8e-08
",
53,NB_FP_0144.pdb,/teams/YingChiLab_1702378116/MaishaZhang/PPIFlow-main/output/final_flowpacked_designs/nanobody/NB_FP_0144.pdb,True,0,-10.0,4.3e-08,59,2.0,4.0,12.0,6.0,20.0,15.0,"[+] Executing 1 task(s) in total
##########################################
[+] Processing structure NB_FP_0144_model0
[+] No. of intermolecular contacts: 59
[+] No. of charged-charged contacts: 2.0
[+] No. of charged-polar contacts: 4.0
[+] No. of charged-apolar contacts: 12.0
[+] No. of polar-polar contacts: 6.0
[+] No. of apolar-polar contacts: 20.0
[+] No. of apolar-apolar contacts: 15.0
[+] Percentage of apolar NIS residues: 43.22
[+] Percentage of charged NIS residues: 18.62
[++] Predicted binding affinity (kcal.mol-1):    -10.0
[++] Predicted dissociation constant (M) at 25.0˚C:  4.3e-08
",
54,NB_FP_0159.pdb,/teams/YingChiLab_1702378116/MaishaZhang/PPIFlow-main/output/final_flowpacked_designs/nanobody/NB_FP_0159.pdb,True,0,-10.0,4.5e-08,60,0.0,9.0,7.0,6.0,23.0,15.0,"[+] Executing 1 task(s) in total
##########################################
[+] Processing structure NB_FP_0159_model0
[+] No. of intermolecular contacts: 60
[+] No. of charged-charged contacts: 0.0
[+] No. of charged-polar contacts: 9.0
[+] No. of charged-apolar contacts: 7.0
[+] No. of polar-polar contacts: 6.0
[+] No. of apolar-polar contacts: 23.0
[+] No. of apolar-apolar contacts: 15.0
[+] Percentage of apolar NIS residues: 42.99
[+] Percentage of charged NIS residues: 19.08
[++] Predicted binding affinity (kcal.mol-1):    -10.0
[++] Predicted dissociation constant (M) at 25.0˚C:  4.5e-08
",
55,NB_FP_0125.pdb,/teams/YingChiLab_1702378116/MaishaZhang/PPIFlow-main/output/final_flowpacked_designs/nanobody/NB_FP_0125.pdb,True,0,-10.0,4.8e-08,64,0.0,7.0,9.0,5.0,21.0,22.0,"[+] Executing 1 task(s) in total
##########################################
[+] Processing structure NB_FP_0125_model0
[+] No. of intermolecular contacts: 64
[+] No. of charged-charged contacts: 0.0
[+] No. of charged-polar contacts: 7.0
[+] No. of charged-apolar contacts: 9.0
[+] No. of polar-polar contacts: 5.0
[+] No. of apolar-polar contacts: 21.0
[+] No. of apolar-apolar contacts: 22.0
[+] Percentage of apolar NIS residues: 43.19
[+] Percentage of charged NIS residues: 18.71
[++] Predicted binding affinity (kcal.mol-1):    -10.0
[++] Predicted dissociation constant (M) at 25.0˚C:  4.8e-08
",
56,NB_FP_0134.pdb,/teams/YingChiLab_1702378116/MaishaZhang/PPIFlow-main/output/final_flowpacked_designs/nanobody/NB_FP_0134.pdb,True,0,-10.0,4.4e-08,61,1.0,7.0,8.0,3.0,20.0,22.0,"[+] Executing 1 task(s) in total
##########################################
[+] Processing structure NB_FP_0134_model0
[+] No. of intermolecular contacts: 61
[+] No. of charged-charged contacts: 1.0
[+] No. of charged-polar contacts: 7.0
[+] No. of charged-apolar contacts: 8.0
[+] No. of polar-polar contacts: 3.0
[+] No. of apolar-polar contacts: 20.0
[+] No. of apolar-apolar contacts: 22.0
[+] Percentage of apolar NIS residues: 43.75
[+] Percentage of charged NIS residues: 18.75
[++] Predicted binding affinity (kcal.mol-1):    -10.0
[++] Predicted dissociation constant (M) at 25.0˚C:  4.4e-08
",
57,NB_FP_0051.pdb,/teams/YingChiLab_1702378116/MaishaZhang/PPIFlow-main/output/final_flowpacked_designs/nanobody/NB_FP_0051.pdb,True,0,-10.0,4.7e-08,46,3.0,7.0,7.0,1.0,18.0,10.0,"[+] Executing 1 task(s) in total
##########################################
[+] Processing structure NB_FP_0051_model0
[+] No. of intermolecular contacts: 46
[+] No. of charged-charged contacts: 3.0
[+] No. of charged-polar contacts: 7.0
[+] No. of charged-apolar contacts: 7.0
[+] No. of polar-polar contacts: 1.0
[+] No. of apolar-polar contacts: 18.0
[+] No. of apolar-apolar contacts: 10.0
[+] Percentage of apolar NIS residues: 43.78
[+] Percentage of charged NIS residues: 19.12
[++] Predicted binding affinity (kcal.mol-1):    -10.0
[++] Predicted dissociation constant (M) at 25.0˚C:  4.7e-08
",
58,NB_FP_0003.pdb,/teams/YingChiLab_1702378116/MaishaZhang/PPIFlow-main/output/final_flowpacked_designs/nanobody/NB_FP_0003.pdb,True,0,-10.0,4.6e-08,63,1.0,5.0,12.0,1.0,17.0,27.0,"[+] Executing 1 task(s) in total
##########################################
[+] Processing structure NB_FP_0003_model0
[+] No. of intermolecular contacts: 63
[+] No. of charged-charged contacts: 1.0
[+] No. of charged-polar contacts: 5.0
[+] No. of charged-apolar contacts: 12.0
[+] No. of polar-polar contacts: 1.0
[+] No. of apolar-polar contacts: 17.0
[+] No. of apolar-apolar contacts: 27.0
[+] Percentage of apolar NIS residues: 44.26
[+] Percentage of charged NIS residues: 18.97
[++] Predicted binding affinity (kcal.mol-1):    -10.0
[++] Predicted dissociation constant (M) at 25.0˚C:  4.6e-08
",
59,NB_FP_0170.pdb,/teams/YingChiLab_1702378116/MaishaZhang/PPIFlow-main/output/final_flowpacked_designs/nanobody/NB_FP_0170.pdb,True,0,-10.0,4.7e-08,49,0.0,4.0,10.0,4.0,20.0,11.0,"[+] Executing 1 task(s) in total
##########################################
[+] Processing structure NB_FP_0170_model0
[+] No. of intermolecular contacts: 49
[+] No. of charged-charged contacts: 0.0
[+] No. of charged-polar contacts: 4.0
[+] No. of charged-apolar contacts: 10.0
[+] No. of polar-polar contacts: 4.0
[+] No. of apolar-polar contacts: 20.0
[+] No. of apolar-apolar contacts: 11.0
[+] Percentage of apolar NIS residues: 43.29
[+] Percentage of charged NIS residues: 18.98
[++] Predicted binding affinity (kcal.mol-1):    -10.0
[++] Predicted dissociation constant (M) at 25.0˚C:  4.7e-08
",
60,NB_FP_0184.pdb,/teams/YingChiLab_1702378116/MaishaZhang/PPIFlow-main/output/final_flowpacked_designs/nanobody/NB_FP_0184.pdb,True,0,-9.9,5.5e-08,48,4.0,4.0,5.0,4.0,19.0,12.0,"[+] Executing 1 task(s) in total
##########################################
[+] Processing structure NB_FP_0184_model0
[+] No. of intermolecular contacts: 48
[+] No. of charged-charged contacts: 4.0
[+] No. of charged-polar contacts: 4.0
[+] No. of charged-apolar contacts: 5.0
[+] No. of polar-polar contacts: 4.0
[+] No. of apolar-polar contacts: 19.0
[+] No. of apolar-apolar contacts: 12.0
[+] Percentage of apolar NIS residues: 42.24
[+] Percentage of charged NIS residues: 18.49
[++] Predicted binding affinity (kcal.mol-1):     -9.9
[++] Predicted dissociation constant (M) at 25.0˚C:  5.5e-08
",
61,NB_FP_0222.pdb,/teams/YingChiLab_1702378116/MaishaZhang/PPIFlow-main/output/final_flowpacked_designs/nanobody/NB_FP_0222.pdb,True,0,-9.9,5.4e-08,55,0.0,6.0,6.0,3.0,21.0,19.0,"[+] Executing 1 task(s) in total
##########################################
[+] Processing structure NB_FP_0222_model0
[+] No. of intermolecular contacts: 55
[+] No. of charged-charged contacts: 0.0
[+] No. of charged-polar contacts: 6.0
[+] No. of charged-apolar contacts: 6.0
[+] No. of polar-polar contacts: 3.0
[+] No. of apolar-polar contacts: 21.0
[+] No. of apolar-apolar contacts: 19.0
[+] Percentage of apolar NIS residues: 44.24
[+] Percentage of charged NIS residues: 18.43
[++] Predicted binding affinity (kcal.mol-1):     -9.9
[++] Predicted dissociation constant (M) at 25.0˚C:  5.4e-08
",
62,NB_FP_0143.pdb,/teams/YingChiLab_1702378116/MaishaZhang/PPIFlow-main/output/final_flowpacked_designs/nanobody/NB_FP_0143.pdb,True,0,-9.9,5.5e-08,55,1.0,6.0,7.0,5.0,21.0,15.0,"[+] Executing 1 task(s) in total
##########################################
[+] Processing structure NB_FP_0143_model0
[+] No. of intermolecular contacts: 55
[+] No. of charged-charged contacts: 1.0
[+] No. of charged-polar contacts: 6.0
[+] No. of charged-apolar contacts: 7.0
[+] No. of polar-polar contacts: 5.0
[+] No. of apolar-polar contacts: 21.0
[+] No. of apolar-apolar contacts: 15.0
[+] Percentage of apolar NIS residues: 43.16
[+] Percentage of charged NIS residues: 18.56
[++] Predicted binding affinity (kcal.mol-1):     -9.9
[++] Predicted dissociation constant (M) at 25.0˚C:  5.5e-08
",
63,NB_FP_0002.pdb,/teams/YingChiLab_1702378116/MaishaZhang/PPIFlow-main/output/final_flowpacked_designs/nanobody/NB_FP_0002.pdb,True,0,-9.9,5.6e-08,44,5.0,5.0,13.0,2.0,13.0,6.0,"[+] Executing 1 task(s) in total
##########################################
[+] Processing structure NB_FP_0002_model0
[+] No. of intermolecular contacts: 44
[+] No. of charged-charged contacts: 5.0
[+] No. of charged-polar contacts: 5.0
[+] No. of charged-apolar contacts: 13.0
[+] No. of polar-polar contacts: 2.0
[+] No. of apolar-polar contacts: 13.0
[+] No. of apolar-apolar contacts: 6.0
[+] Percentage of apolar NIS residues: 41.82
[+] Percentage of charged NIS residues: 18.64
[++] Predicted binding affinity (kcal.mol-1):     -9.9
[++] Predicted dissociation constant (M) at 25.0˚C:  5.6e-08
",
64,NB_FP_0064.pdb,/teams/YingChiLab_1702378116/MaishaZhang/PPIFlow-main/output/final_flowpacked_designs/nanobody/NB_FP_0064.pdb,True,0,-9.9,5.1e-08,60,1.0,5.0,4.0,8.0,26.0,16.0,"[+] Executing 1 task(s) in total
##########################################
[+] Processing structure NB_FP_0064_model0
[+] No. of intermolecular contacts: 60
[+] No. of charged-charged contacts: 1.0
[+] No. of charged-polar contacts: 5.0
[+] No. of charged-apolar contacts: 4.0
[+] No. of polar-polar contacts: 8.0
[+] No. of apolar-polar contacts: 26.0
[+] No. of apolar-apolar contacts: 16.0
[+] Percentage of apolar NIS residues: 43.90
[+] Percentage of charged NIS residues: 19.01
[++] Predicted binding affinity (kcal.mol-1):     -9.9
[++] Predicted dissociation constant (M) at 25.0˚C:  5.1e-08
",
65,NB_FP_0115.pdb,/teams/YingChiLab_1702378116/MaishaZhang/PPIFlow-main/output/final_flowpacked_designs/nanobody/NB_FP_0115.pdb,True,0,-9.9,5.1e-08,49,1.0,4.0,7.0,8.0,24.0,5.0,"[+] Executing 1 task(s) in total
##########################################
[+] Processing structure NB_FP_0115_model0
[+] No. of intermolecular contacts: 49
[+] No. of charged-charged contacts: 1.0
[+] No. of charged-polar contacts: 4.0
[+] No. of charged-apolar contacts: 7.0
[+] No. of polar-polar contacts: 8.0
[+] No. of apolar-polar contacts: 24.0
[+] No. of apolar-apolar contacts: 5.0
[+] Percentage of apolar NIS residues: 43.44
[+] Percentage of charged NIS residues: 18.55
[++] Predicted binding affinity (kcal.mol-1):     -9.9
[++] Predicted dissociation constant (M) at 25.0˚C:  5.1e-08
",
66,NB_FP_0024.pdb,/teams/YingChiLab_1702378116/MaishaZhang/PPIFlow-main/output/final_flowpacked_designs/nanobody/NB_FP_0024.pdb,True,0,-9.9,5.4e-08,51,1.0,7.0,4.0,6.0,23.0,10.0,"[+] Executing 1 task(s) in total
##########################################
[+] Processing structure NB_FP_0024_model0
[+] No. of intermolecular contacts: 51
[+] No. of charged-charged contacts: 1.0
[+] No. of charged-polar contacts: 7.0
[+] No. of charged-apolar contacts: 4.0
[+] No. of polar-polar contacts: 6.0
[+] No. of apolar-polar contacts: 23.0
[+] No. of apolar-apolar contacts: 10.0
[+] Percentage of apolar NIS residues: 42.72
[+] Percentage of charged NIS residues: 18.78
[++] Predicted binding affinity (kcal.mol-1):     -9.9
[++] Predicted dissociation constant (M) at 25.0˚C:  5.4e-08
",
67,NB_FP_0194.pdb,/teams/YingChiLab_1702378116/MaishaZhang/PPIFlow-main/output/final_flowpacked_designs/nanobody/NB_FP_0194.pdb,True,0,-9.9,5.4e-08,57,0.0,5.0,11.0,3.0,18.0,20.0,"[+] Executing 1 task(s) in total
##########################################
[+] Processing structure NB_FP_0194_model0
[+] No. of intermolecular contacts: 57
[+] No. of charged-charged contacts: 0.0
[+] No. of charged-polar contacts: 5.0
[+] No. of charged-apolar contacts: 11.0
[+] No. of polar-polar contacts: 3.0
[+] No. of apolar-polar contacts: 18.0
[+] No. of apolar-apolar contacts: 20.0
[+] Percentage of apolar NIS residues: 43.09
[+] Percentage of charged NIS residues: 18.66
[++] Predicted binding affinity (kcal.mol-1):     -9.9
[++] Predicted dissociation constant (M) at 25.0˚C:  5.4e-08
",
68,NB_FP_0188.pdb,/teams/YingChiLab_1702378116/MaishaZhang/PPIFlow-main/output/final_flowpacked_designs/nanobody/NB_FP_0188.pdb,True,0,-9.8,6.5e-08,61,4.0,8.0,14.0,5.0,17.0,13.0,"[+] Executing 1 task(s) in total
##########################################
[+] Processing structure NB_FP_0188_model0
[+] No. of intermolecular contacts: 61
[+] No. of charged-charged contacts: 4.0
[+] No. of charged-polar contacts: 8.0
[+] No. of charged-apolar contacts: 14.0
[+] No. of polar-polar contacts: 5.0
[+] No. of apolar-polar contacts: 17.0
[+] No. of apolar-apolar contacts: 13.0
[+] Percentage of apolar NIS residues: 44.27
[+] Percentage of charged NIS residues: 18.35
[++] Predicted binding affinity (kcal.mol-1):     -9.8
[++] Predicted dissociation constant (M) at 25.0˚C:  6.5e-08
",
69,NB_FP_0121.pdb,/teams/YingChiLab_1702378116/MaishaZhang/PPIFlow-main/output/final_flowpacked_designs/nanobody/NB_FP_0121.pdb,True,0,-9.8,6.5e-08,62,0.0,4.0,8.0,7.0,23.0,20.0,"[+] Executing 1 task(s) in total
##########################################
[+] Processing structure NB_FP_0121_model0
[+] No. of intermolecular contacts: 62
[+] No. of charged-charged contacts: 0.0
[+] No. of charged-polar contacts: 4.0
[+] No. of charged-apolar contacts: 8.0
[+] No. of polar-polar contacts: 7.0
[+] No. of apolar-polar contacts: 23.0
[+] No. of apolar-apolar contacts: 20.0
[+] Percentage of apolar NIS residues: 44.19
[+] Percentage of charged NIS residues: 18.37
[++] Predicted binding affinity (kcal.mol-1):     -9.8
[++] Predicted dissociation constant (M) at 25.0˚C:  6.5e-08
",
70,NB_FP_0116.pdb,/teams/YingChiLab_1702378116/MaishaZhang/PPIFlow-main/output/final_flowpacked_designs/nanobody/NB_FP_0116.pdb,True,0,-9.8,6.6e-08,54,0.0,11.0,8.0,0.0,17.0,18.0,"[+] Executing 1 task(s) in total
##########################################
[+] Processing structure NB_FP_0116_model0
[+] No. of intermolecular contacts: 54
[+] No. of charged-charged contacts: 0.0
[+] No. of charged-polar contacts: 11.0
[+] No. of charged-apolar contacts: 8.0
[+] No. of polar-polar contacts: 0.0
[+] No. of apolar-polar contacts: 17.0
[+] No. of apolar-apolar contacts: 18.0
[+] Percentage of apolar NIS residues: 44.70
[+] Percentage of charged NIS residues: 17.83
[++] Predicted binding affinity (kcal.mol-1):     -9.8
[++] Predicted dissociation constant (M) at 25.0˚C:  6.6e-08
",
71,NB_FP_0263.pdb,/teams/YingChiLab_1702378116/MaishaZhang/PPIFlow-main/output/final_flowpacked_designs/nanobody/NB_FP_0263.pdb,True,0,-9.8,6.3e-08,52,5.0,8.0,9.0,2.0,16.0,12.0,"[+] Executing 1 task(s) in total
##########################################
[+] Processing structure NB_FP_0263_model0
[+] No. of intermolecular contacts: 52
[+] No. of charged-charged contacts: 5.0
[+] No. of charged-polar contacts: 8.0
[+] No. of charged-apolar contacts: 9.0
[+] No. of polar-polar contacts: 2.0
[+] No. of apolar-polar contacts: 16.0
[+] No. of apolar-apolar contacts: 12.0
[+] Percentage of apolar NIS residues: 43.29
[+] Percentage of charged NIS residues: 19.21
[++] Predicted binding affinity (kcal.mol-1):     -9.8
[++] Predicted dissociation constant (M) at 25.0˚C:  6.3e-08
",
72,NB_FP_0109.pdb,/teams/YingChiLab_1702378116/MaishaZhang/PPIFlow-main/output/final_flowpacked_designs/nanobody/NB_FP_0109.pdb,True,0,-9.8,6.4e-08,51,0.0,7.0,5.0,3.0,21.0,15.0,"[+] Executing 1 task(s) in total
##########################################
[+] Processing structure NB_FP_0109_model0
[+] No. of intermolecular contacts: 51
[+] No. of charged-charged contacts: 0.0
[+] No. of charged-polar contacts: 7.0
[+] No. of charged-apolar contacts: 5.0
[+] No. of polar-polar contacts: 3.0
[+] No. of apolar-polar contacts: 21.0
[+] No. of apolar-apolar contacts: 15.0
[+] Percentage of apolar NIS residues: 43.88
[+] Percentage of charged NIS residues: 18.94
[++] Predicted binding affinity (kcal.mol-1):     -9.8
[++] Predicted dissociation constant (M) at 25.0˚C:  6.4e-08
",
73,NB_FP_0039.pdb,/teams/YingChiLab_1702378116/MaishaZhang/PPIFlow-main/output/final_flowpacked_designs/nanobody/NB_FP_0039.pdb,True,0,-9.8,6.6e-08,53,0.0,5.0,3.0,8.0,25.0,12.0,"[+] Executing 1 task(s) in total
##########################################
[+] Processing structure NB_FP_0039_model0
[+] No. of intermolecular contacts: 53
[+] No. of charged-charged contacts: 0.0
[+] No. of charged-polar contacts: 5.0
[+] No. of charged-apolar contacts: 3.0
[+] No. of polar-polar contacts: 8.0
[+] No. of apolar-polar contacts: 25.0
[+] No. of apolar-apolar contacts: 12.0
[+] Percentage of apolar NIS residues: 43.08
[+] Percentage of charged NIS residues: 18.14
[++] Predicted binding affinity (kcal.mol-1):     -9.8
[++] Predicted dissociation constant (M) at 25.0˚C:  6.6e-08
",
74,NB_FP_0049.pdb,/teams/YingChiLab_1702378116/MaishaZhang/PPIFlow-main/output/final_flowpacked_designs/nanobody/NB_FP_0049.pdb,True,0,-9.8,6.1e-08,53,2.0,8.0,12.0,3.0,17.0,11.0,"[+] Executing 1 task(s) in total
##########################################
[+] Processing structure NB_FP_0049_model0
[+] No. of intermolecular contacts: 53
[+] No. of charged-charged contacts: 2.0
[+] No. of charged-polar contacts: 8.0
[+] No. of charged-apolar contacts: 12.0
[+] No. of polar-polar contacts: 3.0
[+] No. of apolar-polar contacts: 17.0
[+] No. of apolar-apolar contacts: 11.0
[+] Percentage of apolar NIS residues: 43.02
[+] Percentage of charged NIS residues: 19.77
[++] Predicted binding affinity (kcal.mol-1):     -9.8
[++] Predicted dissociation constant (M) at 25.0˚C:  6.1e-08
",
75,NB_FP_0297.pdb,/teams/YingChiLab_1702378116/MaishaZhang/PPIFlow-main/output/final_flowpacked_designs/nanobody/NB_FP_0297.pdb,True,0,-9.8,6.1e-08,57,1.0,6.0,4.0,11.0,27.0,8.0,"[+] Executing 1 task(s) in total
##########################################
[+] Processing structure NB_FP_0297_model0
[+] No. of intermolecular contacts: 57
[+] No. of charged-charged contacts: 1.0
[+] No. of charged-polar contacts: 6.0
[+] No. of charged-apolar contacts: 4.0
[+] No. of polar-polar contacts: 11.0
[+] No. of apolar-polar contacts: 27.0
[+] No. of apolar-apolar contacts: 8.0
[+] Percentage of apolar NIS residues: 42.69
[+] Percentage of charged NIS residues: 18.79
[++] Predicted binding affinity (kcal.mol-1):     -9.8
[++] Predicted dissociation constant (M) at 25.0˚C:  6.1e-08
",
76,NB_FP_0250.pdb,/teams/YingChiLab_1702378116/MaishaZhang/PPIFlow-main/output/final_flowpacked_designs/nanobody/NB_FP_0250.pdb,True,0,-9.8,6.8e-08,61,2.0,7.0,9.0,1.0,16.0,26.0,"[+] Executing 1 task(s) in total
##########################################
[+] Processing structure NB_FP_0250_model0
[+] No. of intermolecular contacts: 61
[+] No. of charged-charged contacts: 2.0
[+] No. of charged-polar contacts: 7.0
[+] No. of charged-apolar contacts: 9.0
[+] No. of polar-polar contacts: 1.0
[+] No. of apolar-polar contacts: 16.0
[+] No. of apolar-apolar contacts: 26.0
[+] Percentage of apolar NIS residues: 43.16
[+] Percentage of charged NIS residues: 19.03
[++] Predicted binding affinity (kcal.mol-1):     -9.8
[++] Predicted dissociation constant (M) at 25.0˚C:  6.8e-08
",
77,NB_FP_0227.pdb,/teams/YingChiLab_1702378116/MaishaZhang/PPIFlow-main/output/final_flowpacked_designs/nanobody/NB_FP_0227.pdb,True,0,-9.8,6.0e-08,46,0.0,4.0,3.0,5.0,23.0,11.0,"[+] Executing 1 task(s) in total
##########################################
[+] Processing structure NB_FP_0227_model0
[+] No. of intermolecular contacts: 46
[+] No. of charged-charged contacts: 0.0
[+] No. of charged-polar contacts: 4.0
[+] No. of charged-apolar contacts: 3.0
[+] No. of polar-polar contacts: 5.0
[+] No. of apolar-polar contacts: 23.0
[+] No. of apolar-apolar contacts: 11.0
[+] Percentage of apolar NIS residues: 43.35
[+] Percentage of charged NIS residues: 18.35
[++] Predicted binding affinity (kcal.mol-1):     -9.8
[++] Predicted dissociation constant (M) at 25.0˚C:  6.0e-08
",
78,NB_FP_0277.pdb,/teams/YingChiLab_1702378116/MaishaZhang/PPIFlow-main/output/final_flowpacked_designs/nanobody/NB_FP_0277.pdb,True,0,-9.8,7.0e-08,60,1.0,6.0,3.0,12.0,28.0,10.0,"[+] Executing 1 task(s) in total
##########################################
[+] Processing structure NB_FP_0277_model0
[+] No. of intermolecular contacts: 60
[+] No. of charged-charged contacts: 1.0
[+] No. of charged-polar contacts: 6.0
[+] No. of charged-apolar contacts: 3.0
[+] No. of polar-polar contacts: 12.0
[+] No. of apolar-polar contacts: 28.0
[+] No. of apolar-apolar contacts: 10.0
[+] Percentage of apolar NIS residues: 42.79
[+] Percentage of charged NIS residues: 18.76
[++] Predicted binding affinity (kcal.mol-1):     -9.8
[++] Predicted dissociation constant (M) at 25.0˚C:  7.0e-08
",
79,NB_FP_0291.pdb,/teams/YingChiLab_1702378116/MaishaZhang/PPIFlow-main/output/final_flowpacked_designs/nanobody/NB_FP_0291.pdb,True,0,-9.7,8.3e-08,42,2.0,9.0,8.0,3.0,18.0,2.0,"[+] Executing 1 task(s) in total
##########################################
[+] Processing structure NB_FP_0291_model0
[+] No. of intermolecular contacts: 42
[+] No. of charged-charged contacts: 2.0
[+] No. of charged-polar contacts: 9.0
[+] No. of charged-apolar contacts: 8.0
[+] No. of polar-polar contacts: 3.0
[+] No. of apolar-polar contacts: 18.0
[+] No. of apolar-apolar contacts: 2.0
[+] Percentage of apolar NIS residues: 43.98
[+] Percentage of charged NIS residues: 18.52
[++] Predicted binding affinity (kcal.mol-1):     -9.7
[++] Predicted dissociation constant (M) at 25.0˚C:  8.3e-08
",
80,NB_FP_0207.pdb,/teams/YingChiLab_1702378116/MaishaZhang/PPIFlow-main/output/final_flowpacked_designs/nanobody/NB_FP_0207.pdb,True,0,-9.7,7.5e-08,59,0.0,5.0,11.0,4.0,18.0,21.0,"[+] Executing 1 task(s) in total
##########################################
[+] Processing structure NB_FP_0207_model0
[+] No. of intermolecular contacts: 59
[+] No. of charged-charged contacts: 0.0
[+] No. of charged-polar contacts: 5.0
[+] No. of charged-apolar contacts: 11.0
[+] No. of polar-polar contacts: 4.0
[+] No. of apolar-polar contacts: 18.0
[+] No. of apolar-apolar contacts: 21.0
[+] Percentage of apolar NIS residues: 43.42
[+] Percentage of charged NIS residues: 18.24
[++] Predicted binding affinity (kcal.mol-1):     -9.7
[++] Predicted dissociation constant (M) at 25.0˚C:  7.5e-08
",
81,NB_FP_0175.pdb,/teams/YingChiLab_1702378116/MaishaZhang/PPIFlow-main/output/final_flowpacked_designs/nanobody/NB_FP_0175.pdb,True,0,-9.7,8.0e-08,63,0.0,6.0,3.0,7.0,24.0,23.0,"[+] Executing 1 task(s) in total
##########################################
[+] Processing structure NB_FP_0175_model0
[+] No. of intermolecular contacts: 63
[+] No. of charged-charged contacts: 0.0
[+] No. of charged-polar contacts: 6.0
[+] No. of charged-apolar contacts: 3.0
[+] No. of polar-polar contacts: 7.0
[+] No. of apolar-polar contacts: 24.0
[+] No. of apolar-apolar contacts: 23.0
[+] Percentage of apolar NIS residues: 43.61
[+] Percentage of charged NIS residues: 18.04
[++] Predicted binding affinity (kcal.mol-1):     -9.7
[++] Predicted dissociation constant (M) at 25.0˚C:  8.0e-08
",
82,NB_FP_0199.pdb,/teams/YingChiLab_1702378116/MaishaZhang/PPIFlow-main/output/final_flowpacked_designs/nanobody/NB_FP_0199.pdb,True,0,-9.7,7.9e-08,51,0.0,4.0,9.0,1.0,17.0,20.0,"[+] Executing 1 task(s) in total
##########################################
[+] Processing structure NB_FP_0199_model0
[+] No. of intermolecular contacts: 51
[+] No. of charged-charged contacts: 0.0
[+] No. of charged-polar contacts: 4.0
[+] No. of charged-apolar contacts: 9.0
[+] No. of polar-polar contacts: 1.0
[+] No. of apolar-polar contacts: 17.0
[+] No. of apolar-apolar contacts: 20.0
[+] Percentage of apolar NIS residues: 44.21
[+] Percentage of charged NIS residues: 18.52
[++] Predicted binding affinity (kcal.mol-1):     -9.7
[++] Predicted dissociation constant (M) at 25.0˚C:  7.9e-08
",
83,NB_FP_0071.pdb,/teams/YingChiLab_1702378116/MaishaZhang/PPIFlow-main/output/final_flowpacked_designs/nanobody/NB_FP_0071.pdb,True,0,-9.7,7.6e-08,62,1.0,8.0,10.0,2.0,17.0,24.0,"[+] Executing 1 task(s) in total
##########################################
[+] Processing structure NB_FP_0071_model0
[+] No. of intermolecular contacts: 62
[+] No. of charged-charged contacts: 1.0
[+] No. of charged-polar contacts: 8.0
[+] No. of charged-apolar contacts: 10.0
[+] No. of polar-polar contacts: 2.0
[+] No. of apolar-polar contacts: 17.0
[+] No. of apolar-apolar contacts: 24.0
[+] Percentage of apolar NIS residues: 44.01
[+] Percentage of charged NIS residues: 18.66
[++] Predicted binding affinity (kcal.mol-1):     -9.7
[++] Predicted dissociation constant (M) at 25.0˚C:  7.6e-08
",
84,NB_FP_0226.pdb,/teams/YingChiLab_1702378116/MaishaZhang/PPIFlow-main/output/final_flowpacked_designs/nanobody/NB_FP_0226.pdb,True,0,-9.7,7.7e-08,44,1.0,10.0,11.0,3.0,17.0,2.0,"[+] Executing 1 task(s) in total
##########################################
[+] Processing structure NB_FP_0226_model0
[+] No. of intermolecular contacts: 44
[+] No. of charged-charged contacts: 1.0
[+] No. of charged-polar contacts: 10.0
[+] No. of charged-apolar contacts: 11.0
[+] No. of polar-polar contacts: 3.0
[+] No. of apolar-polar contacts: 17.0
[+] No. of apolar-apolar contacts: 2.0
[+] Percentage of apolar NIS residues: 43.29
[+] Percentage of charged NIS residues: 18.98
[++] Predicted binding affinity (kcal.mol-1):     -9.7
[++] Predicted dissociation constant (M) at 25.0˚C:  7.7e-08
",
85,NB_FP_0247.pdb,/teams/YingChiLab_1702378116/MaishaZhang/PPIFlow-main/output/final_flowpacked_designs/nanobody/NB_FP_0247.pdb,True,0,-9.7,7.5e-08,52,4.0,4.0,12.0,3.0,15.0,14.0,"[+] Executing 1 task(s) in total
##########################################
[+] Processing structure NB_FP_0247_model0
[+] No. of intermolecular contacts: 52
[+] No. of charged-charged contacts: 4.0
[+] No. of charged-polar contacts: 4.0
[+] No. of charged-apolar contacts: 12.0
[+] No. of polar-polar contacts: 3.0
[+] No. of apolar-polar contacts: 15.0
[+] No. of apolar-apolar contacts: 14.0
[+] Percentage of apolar NIS residues: 42.69
[+] Percentage of charged NIS residues: 19.18
[++] Predicted binding affinity (kcal.mol-1):     -9.7
[++] Predicted dissociation constant (M) at 25.0˚C:  7.5e-08
",
86,NB_FP_0294.pdb,/teams/YingChiLab_1702378116/MaishaZhang/PPIFlow-main/output/final_flowpacked_designs/nanobody/NB_FP_0294.pdb,True,0,-9.7,8.1e-08,48,1.0,3.0,3.0,3.0,20.0,18.0,"[+] Executing 1 task(s) in total
##########################################
[+] Processing structure NB_FP_0294_model0
[+] No. of intermolecular contacts: 48
[+] No. of charged-charged contacts: 1.0
[+] No. of charged-polar contacts: 3.0
[+] No. of charged-apolar contacts: 3.0
[+] No. of polar-polar contacts: 3.0
[+] No. of apolar-polar contacts: 20.0
[+] No. of apolar-apolar contacts: 18.0
[+] Percentage of apolar NIS residues: 43.19
[+] Percentage of charged NIS residues: 18.48
[++] Predicted binding affinity (kcal.mol-1):     -9.7
[++] Predicted dissociation constant (M) at 25.0˚C:  8.1e-08
",
87,NB_FP_0041.pdb,/teams/YingChiLab_1702378116/MaishaZhang/PPIFlow-main/output/final_flowpacked_designs/nanobody/NB_FP_0041.pdb,True,0,-9.7,7.3e-08,48,0.0,2.0,7.0,4.0,21.0,14.0,"[+] Executing 1 task(s) in total
##########################################
[+] Processing structure NB_FP_0041_model0
[+] No. of intermolecular contacts: 48
[+] No. of charged-charged contacts: 0.0
[+] No. of charged-polar contacts: 2.0
[+] No. of charged-apolar contacts: 7.0
[+] No. of polar-polar contacts: 4.0
[+] No. of apolar-polar contacts: 21.0
[+] No. of apolar-apolar contacts: 14.0
[+] Percentage of apolar NIS residues: 43.86
[+] Percentage of charged NIS residues: 19.55
[++] Predicted binding affinity (kcal.mol-1):     -9.7
[++] Predicted dissociation constant (M) at 25.0˚C:  7.3e-08
",
88,NB_FP_0299.pdb,/teams/YingChiLab_1702378116/MaishaZhang/PPIFlow-main/output/final_flowpacked_designs/nanobody/NB_FP_0299.pdb,True,0,-9.6,9.7e-08,60,1.0,6.0,7.0,10.0,24.0,12.0,"[+] Executing 1 task(s) in total
##########################################
[+] Processing structure NB_FP_0299_model0
[+] No. of intermolecular contacts: 60
[+] No. of charged-charged contacts: 1.0
[+] No. of charged-polar contacts: 6.0
[+] No. of charged-apolar contacts: 7.0
[+] No. of polar-polar contacts: 10.0
[+] No. of apolar-polar contacts: 24.0
[+] No. of apolar-apolar contacts: 12.0
[+] Percentage of apolar NIS residues: 42.86
[+] Percentage of charged NIS residues: 19.20
[++] Predicted binding affinity (kcal.mol-1):     -9.6
[++] Predicted dissociation constant (M) at 25.0˚C:  9.7e-08
",
89,NB_FP_0055.pdb,/teams/YingChiLab_1702378116/MaishaZhang/PPIFlow-main/output/final_flowpacked_designs/nanobody/NB_FP_0055.pdb,True,0,-9.6,9.1e-08,51,1.0,4.0,10.0,3.0,18.0,15.0,"[+] Executing 1 task(s) in total
##########################################
[+] Processing structure NB_FP_0055_model0
[+] No. of intermolecular contacts: 51
[+] No. of charged-charged contacts: 1.0
[+] No. of charged-polar contacts: 4.0
[+] No. of charged-apolar contacts: 10.0
[+] No. of polar-polar contacts: 3.0
[+] No. of apolar-polar contacts: 18.0
[+] No. of apolar-apolar contacts: 15.0
[+] Percentage of apolar NIS residues: 44.95
[+] Percentage of charged NIS residues: 18.35
[++] Predicted binding affinity (kcal.mol-1):     -9.6
[++] Predicted dissociation constant (M) at 25.0˚C:  9.1e-08
",
90,NB_FP_0149.pdb,/teams/YingChiLab_1702378116/MaishaZhang/PPIFlow-main/output/final_flowpacked_designs/nanobody/NB_FP_0149.pdb,True,0,-9.6,9.3e-08,64,3.0,5.0,14.0,3.0,14.0,25.0,"[+] Executing 1 task(s) in total
##########################################
[+] Processing structure NB_FP_0149_model0
[+] No. of intermolecular contacts: 64
[+] No. of charged-charged contacts: 3.0
[+] No. of charged-polar contacts: 5.0
[+] No. of charged-apolar contacts: 14.0
[+] No. of polar-polar contacts: 3.0
[+] No. of apolar-polar contacts: 14.0
[+] No. of apolar-apolar contacts: 25.0
[+] Percentage of apolar NIS residues: 42.79
[+] Percentage of charged NIS residues: 19.07
[++] Predicted binding affinity (kcal.mol-1):     -9.6
[++] Predicted dissociation constant (M) at 25.0˚C:  9.3e-08
",
91,NB_FP_0151.pdb,/teams/YingChiLab_1702378116/MaishaZhang/PPIFlow-main/output/final_flowpacked_designs/nanobody/NB_FP_0151.pdb,True,0,-9.6,8.7e-08,47,5.0,6.0,11.0,1.0,13.0,11.0,"[+] Executing 1 task(s) in total
##########################################
[+] Processing structure NB_FP_0151_model0
[+] No. of intermolecular contacts: 47
[+] No. of charged-charged contacts: 5.0
[+] No. of charged-polar contacts: 6.0
[+] No. of charged-apolar contacts: 11.0
[+] No. of polar-polar contacts: 1.0
[+] No. of apolar-polar contacts: 13.0
[+] No. of apolar-apolar contacts: 11.0
[+] Percentage of apolar NIS residues: 43.12
[+] Percentage of charged NIS residues: 18.74
[++] Predicted binding affinity (kcal.mol-1):     -9.6
[++] Predicted dissociation constant (M) at 25.0˚C:  8.7e-08
",
92,NB_FP_0063.pdb,/teams/YingChiLab_1702378116/MaishaZhang/PPIFlow-main/output/final_flowpacked_designs/nanobody/NB_FP_0063.pdb,True,0,-9.6,9.4e-08,47,1.0,3.0,6.0,4.0,20.0,13.0,"[+] Executing 1 task(s) in total
##########################################
[+] Processing structure NB_FP_0063_model0
[+] No. of intermolecular contacts: 47
[+] No. of charged-charged contacts: 1.0
[+] No. of charged-polar contacts: 3.0
[+] No. of charged-apolar contacts: 6.0
[+] No. of polar-polar contacts: 4.0
[+] No. of apolar-polar contacts: 20.0
[+] No. of apolar-apolar contacts: 13.0
[+] Percentage of apolar NIS residues: 44.24
[+] Percentage of charged NIS residues: 18.43
[++] Predicted binding affinity (kcal.mol-1):     -9.6
[++] Predicted dissociation constant (M) at 25.0˚C:  9.4e-08
",
93,NB_FP_0202.pdb,/teams/YingChiLab_1702378116/MaishaZhang/PPIFlow-main/output/final_flowpacked_designs/nanobody/NB_FP_0202.pdb,True,0,-9.6,9.0e-08,57,0.0,7.0,5.0,4.0,21.0,20.0,"[+] Executing 1 task(s) in total
##########################################
[+] Processing structure NB_FP_0202_model0
[+] No. of intermolecular contacts: 57
[+] No. of charged-charged contacts: 0.0
[+] No. of charged-polar contacts: 7.0
[+] No. of charged-apolar contacts: 5.0
[+] No. of polar-polar contacts: 4.0
[+] No. of apolar-polar contacts: 21.0
[+] No. of apolar-apolar contacts: 20.0
[+] Percentage of apolar NIS residues: 44.06
[+] Percentage of charged NIS residues: 18.72
[++] Predicted binding affinity (kcal.mol-1):     -9.6
[++] Predicted dissociation constant (M) at 25.0˚C:  9.0e-08
",
94,NB_FP_0096.pdb,/teams/YingChiLab_1702378116/MaishaZhang/PPIFlow-main/output/final_flowpacked_designs/nanobody/NB_FP_0096.pdb,True,0,-9.6,9.1e-08,55,7.0,3.0,15.0,1.0,11.0,18.0,"[+] Executing 1 task(s) in total
##########################################
[+] Processing structure NB_FP_0096_model0
[+] No. of intermolecular contacts: 55
[+] No. of charged-charged contacts: 7.0
[+] No. of charged-polar contacts: 3.0
[+] No. of charged-apolar contacts: 15.0
[+] No. of polar-polar contacts: 1.0
[+] No. of apolar-polar contacts: 11.0
[+] No. of apolar-apolar contacts: 18.0
[+] Percentage of apolar NIS residues: 43.62
[+] Percentage of charged NIS residues: 19.26
[++] Predicted binding affinity (kcal.mol-1):     -9.6
[++] Predicted dissociation constant (M) at 25.0˚C:  9.1e-08
",
95,NB_FP_0254.pdb,/teams/YingChiLab_1702378116/MaishaZhang/PPIFlow-main/output/final_flowpacked_designs/nanobody/NB_FP_0254.pdb,True,0,-9.6,9.8e-08,45,4.0,2.0,12.0,1.0,13.0,13.0,"[+] Executing 1 task(s) in total
##########################################
[+] Processing structure NB_FP_0254_model0
[+] No. of intermolecular contacts: 45
[+] No. of charged-charged contacts: 4.0
[+] No. of charged-polar contacts: 2.0
[+] No. of charged-apolar contacts: 12.0
[+] No. of polar-polar contacts: 1.0
[+] No. of apolar-polar contacts: 13.0
[+] No. of apolar-apolar contacts: 13.0
[+] Percentage of apolar NIS residues: 43.81
[+] Percentage of charged NIS residues: 18.35
[++] Predicted binding affinity (kcal.mol-1):     -9.6
[++] Predicted dissociation constant (M) at 25.0˚C:  9.8e-08
",
96,NB_FP_0178.pdb,/teams/YingChiLab_1702378116/MaishaZhang/PPIFlow-main/output/final_flowpacked_designs/nanobody/NB_FP_0178.pdb,True,0,-9.6,9.0e-08,52,1.0,7.0,10.0,5.0,19.0,10.0,"[+] Executing 1 task(s) in total
##########################################
[+] Processing structure NB_FP_0178_model0
[+] No. of intermolecular contacts: 52
[+] No. of charged-charged contacts: 1.0
[+] No. of charged-polar contacts: 7.0
[+] No. of charged-apolar contacts: 10.0
[+] No. of polar-polar contacts: 5.0
[+] No. of apolar-polar contacts: 19.0
[+] No. of apolar-apolar contacts: 10.0
[+] Percentage of apolar NIS residues: 43.46
[+] Percentage of charged NIS residues: 19.16
[++] Predicted binding affinity (kcal.mol-1):     -9.6
[++] Predicted dissociation constant (M) at 25.0˚C:  9.0e-08
",
97,NB_FP_0147.pdb,/teams/YingChiLab_1702378116/MaishaZhang/PPIFlow-main/output/final_flowpacked_designs/nanobody/NB_FP_0147.pdb,True,0,-9.6,8.6e-08,60,0.0,7.0,16.0,2.0,14.0,21.0,"[+] Executing 1 task(s) in total
##########################################
[+] Processing structure NB_FP_0147_model0
[+] No. of intermolecular contacts: 60
[+] No. of charged-charged contacts: 0.0
[+] No. of charged-polar contacts: 7.0
[+] No. of charged-apolar contacts: 16.0
[+] No. of polar-polar contacts: 2.0
[+] No. of apolar-polar contacts: 14.0
[+] No. of apolar-apolar contacts: 21.0
[+] Percentage of apolar NIS residues: 43.78
[+] Percentage of charged NIS residues: 18.20
[++] Predicted binding affinity (kcal.mol-1):     -9.6
[++] Predicted dissociation constant (M) at 25.0˚C:  8.6e-08
",
98,NB_FP_0148.pdb,/teams/YingChiLab_1702378116/MaishaZhang/PPIFlow-main/output/final_flowpacked_designs/nanobody/NB_FP_0148.pdb,True,0,-9.6,9.1e-08,44,2.0,6.0,15.0,2.0,14.0,5.0,"[+] Executing 1 task(s) in total
##########################################
[+] Processing structure NB_FP_0148_model0
[+] No. of intermolecular contacts: 44
[+] No. of charged-charged contacts: 2.0
[+] No. of charged-polar contacts: 6.0
[+] No. of charged-apolar contacts: 15.0
[+] No. of polar-polar contacts: 2.0
[+] No. of apolar-polar contacts: 14.0
[+] No. of apolar-apolar contacts: 5.0
[+] Percentage of apolar NIS residues: 43.78
[+] Percentage of charged NIS residues: 19.12
[++] Predicted binding affinity (kcal.mol-1):     -9.6
[++] Predicted dissociation constant (M) at 25.0˚C:  9.1e-08
",
99,NB_FP_0249.pdb,/teams/YingChiLab_1702378116/MaishaZhang/PPIFlow-main/output/final_flowpacked_designs/nanobody/NB_FP_0249.pdb,True,0,-9.5,1.1e-07,60,0.0,3.0,10.0,3.0,17.0,27.0,"[+] Executing 1 task(s) in total
##########################################
[+] Processing structure NB_FP_0249_model0
[+] No. of intermolecular contacts: 60
[+] No. of charged-charged contacts: 0.0
[+] No. of charged-polar contacts: 3.0
[+] No. of charged-apolar contacts: 10.0
[+] No. of polar-polar contacts: 3.0
[+] No. of apolar-polar contacts: 17.0
[+] No. of apolar-apolar contacts: 27.0
[+] Percentage of apolar NIS residues: 43.52
[+] Percentage of charged NIS residues: 18.75
[++] Predicted binding affinity (kcal.mol-1):     -9.5
[++] Predicted dissociation constant (M) at 25.0˚C:  1.1e-07
",
100,NB_FP_0245.pdb,/teams/YingChiLab_1702378116/MaishaZhang/PPIFlow-main/output/final_flowpacked_designs/nanobody/NB_FP_0245.pdb,True,0,-9.5,1.0e-07,49,0.0,6.0,7.0,4.0,19.0,13.0,"[+] Executing 1 task(s) in total
##########################################
[+] Processing structure NB_FP_0245_model0
[+] No. of intermolecular contacts: 49
[+] No. of charged-charged contacts: 0.0
[+] No. of charged-polar contacts: 6.0
[+] No. of charged-apolar contacts: 7.0
[+] No. of polar-polar contacts: 4.0
[+] No. of apolar-polar contacts: 19.0
[+] No. of apolar-apolar contacts: 13.0
[+] Percentage of apolar NIS residues: 43.29
[+] Percentage of charged NIS residues: 18.52
[++] Predicted binding affinity (kcal.mol-1):     -9.5
[++] Predicted dissociation constant (M) at 25.0˚C:  1.0e-07
",
101,NB_FP_0242.pdb,/teams/YingChiLab_1702378116/MaishaZhang/PPIFlow-main/output/final_flowpacked_designs/nanobody/NB_FP_0242.pdb,True,0,-9.5,9.9e-08,60,9.0,6.0,18.0,1.0,8.0,18.0,"[+] Executing 1 task(s) in total
##########################################
[+] Processing structure NB_FP_0242_model0
[+] No. of intermolecular contacts: 60
[+] No. of charged-charged contacts: 9.0
[+] No. of charged-polar contacts: 6.0
[+] No. of charged-apolar contacts: 18.0
[+] No. of polar-polar contacts: 1.0
[+] No. of apolar-polar contacts: 8.0
[+] No. of apolar-apolar contacts: 18.0
[+] Percentage of apolar NIS residues: 42.24
[+] Percentage of charged NIS residues: 20.09
[++] Predicted binding affinity (kcal.mol-1):     -9.5
[++] Predicted dissociation constant (M) at 25.0˚C:  9.9e-08
",
102,NB_FP_0290.pdb,/teams/YingChiLab_1702378116/MaishaZhang/PPIFlow-main/output/final_flowpacked_designs/nanobody/NB_FP_0290.pdb,True,0,-9.5,1.1e-07,45,3.0,2.0,7.0,3.0,17.0,13.0,"[+] Executing 1 task(s) in total
##########################################
[+] Processing structure NB_FP_0290_model0
[+] No. of intermolecular contacts: 45
[+] No. of charged-charged contacts: 3.0
[+] No. of charged-polar contacts: 2.0
[+] No. of charged-apolar contacts: 7.0
[+] No. of polar-polar contacts: 3.0
[+] No. of apolar-polar contacts: 17.0
[+] No. of apolar-apolar contacts: 13.0
[+] Percentage of apolar NIS residues: 43.64
[+] Percentage of charged NIS residues: 18.41
[++] Predicted binding affinity (kcal.mol-1):     -9.5
[++] Predicted dissociation constant (M) at 25.0˚C:  1.1e-07
",
103,NB_FP_0108.pdb,/teams/YingChiLab_1702378116/MaishaZhang/PPIFlow-main/output/final_flowpacked_designs/nanobody/NB_FP_0108.pdb,True,0,-9.5,1.2e-07,42,0.0,5.0,9.0,6.0,20.0,2.0,"[+] Executing 1 task(s) in total
##########################################
[+] Processing structure NB_FP_0108_model0
[+] No. of intermolecular contacts: 42
[+] No. of charged-charged contacts: 0.0
[+] No. of charged-polar contacts: 5.0
[+] No. of charged-apolar contacts: 9.0
[+] No. of polar-polar contacts: 6.0
[+] No. of apolar-polar contacts: 20.0
[+] No. of apolar-apolar contacts: 2.0
[+] Percentage of apolar NIS residues: 43.62
[+] Percentage of charged NIS residues: 18.79
[++] Predicted binding affinity (kcal.mol-1):     -9.5
[++] Predicted dissociation constant (M) at 25.0˚C:  1.2e-07
",
104,NB_FP_0062.pdb,/teams/YingChiLab_1702378116/MaishaZhang/PPIFlow-main/output/final_flowpacked_designs/nanobody/NB_FP_0062.pdb,True,0,-9.4,1.2e-07,64,2.0,7.0,14.0,1.0,12.0,28.0,"[+] Executing 1 task(s) in total
##########################################
[+] Processing structure NB_FP_0062_model0
[+] No. of intermolecular contacts: 64
[+] No. of charged-charged contacts: 2.0
[+] No. of charged-polar contacts: 7.0
[+] No. of charged-apolar contacts: 14.0
[+] No. of polar-polar contacts: 1.0
[+] No. of apolar-polar contacts: 12.0
[+] No. of apolar-apolar contacts: 28.0
[+] Percentage of apolar NIS residues: 42.59
[+] Percentage of charged NIS residues: 19.44
[++] Predicted binding affinity (kcal.mol-1):     -9.4
[++] Predicted dissociation constant (M) at 25.0˚C:  1.2e-07
",
105,NB_FP_0083.pdb,/teams/YingChiLab_1702378116/MaishaZhang/PPIFlow-main/output/final_flowpacked_designs/nanobody/NB_FP_0083.pdb,True,0,-9.4,1.3e-07,55,3.0,6.0,13.0,4.0,14.0,15.0,"[+] Executing 1 task(s) in total
##########################################
[+] Processing structure NB_FP_0083_model0
[+] No. of intermolecular contacts: 55
[+] No. of charged-charged contacts: 3.0
[+] No. of charged-polar contacts: 6.0
[+] No. of charged-apolar contacts: 13.0
[+] No. of polar-polar contacts: 4.0
[+] No. of apolar-polar contacts: 14.0
[+] No. of apolar-apolar contacts: 15.0
[+] Percentage of apolar NIS residues: 42.53
[+] Percentage of charged NIS residues: 18.85
[++] Predicted binding affinity (kcal.mol-1):     -9.4
[++] Predicted dissociation constant (M) at 25.0˚C:  1.3e-07
",
106,NB_FP_0094.pdb,/teams/YingChiLab_1702378116/MaishaZhang/PPIFlow-main/output/final_flowpacked_designs/nanobody/NB_FP_0094.pdb,True,0,-9.4,1.4e-07,51,0.0,6.0,7.0,5.0,19.0,14.0,"[+] Executing 1 task(s) in total
##########################################
[+] Processing structure NB_FP_0094_model0
[+] No. of intermolecular contacts: 51
[+] No. of charged-charged contacts: 0.0
[+] No. of charged-polar contacts: 6.0
[+] No. of charged-apolar contacts: 7.0
[+] No. of polar-polar contacts: 5.0
[+] No. of apolar-polar contacts: 19.0
[+] No. of apolar-apolar contacts: 14.0
[+] Percentage of apolar NIS residues: 43.15
[+] Percentage of charged NIS residues: 18.49
[++] Predicted binding affinity (kcal.mol-1):     -9.4
[++] Predicted dissociation constant (M) at 25.0˚C:  1.4e-07
",
107,NB_FP_0074.pdb,/teams/YingChiLab_1702378116/MaishaZhang/PPIFlow-main/output/final_flowpacked_designs/nanobody/NB_FP_0074.pdb,True,0,-9.4,1.4e-07,53,1.0,4.0,3.0,11.0,25.0,9.0,"[+] Executing 1 task(s) in total
##########################################
[+] Processing structure NB_FP_0074_model0
[+] No. of intermolecular contacts: 53
[+] No. of charged-charged contacts: 1.0
[+] No. of charged-polar contacts: 4.0
[+] No. of charged-apolar contacts: 3.0
[+] No. of polar-polar contacts: 11.0
[+] No. of apolar-polar contacts: 25.0
[+] No. of apolar-apolar contacts: 9.0
[+] Percentage of apolar NIS residues: 42.43
[+] Percentage of charged NIS residues: 18.58
[++] Predicted binding affinity (kcal.mol-1):     -9.4
[++] Predicted dissociation constant (M) at 25.0˚C:  1.4e-07
",
108,NB_FP_0209.pdb,/teams/YingChiLab_1702378116/MaishaZhang/PPIFlow-main/output/final_flowpacked_designs/nanobody/NB_FP_0209.pdb,True,0,-9.4,1.2e-07,51,1.0,2.0,5.0,2.0,17.0,24.0,"[+] Executing 1 task(s) in total
##########################################
[+] Processing structure NB_FP_0209_model0
[+] No. of intermolecular contacts: 51
[+] No. of charged-charged contacts: 1.0
[+] No. of charged-polar contacts: 2.0
[+] No. of charged-apolar contacts: 5.0
[+] No. of polar-polar contacts: 2.0
[+] No. of apolar-polar contacts: 17.0
[+] No. of apolar-apolar contacts: 24.0
[+] Percentage of apolar NIS residues: 42.89
[+] Percentage of charged NIS residues: 18.65
[++] Predicted binding affinity (kcal.mol-1):     -9.4
[++] Predicted dissociation constant (M) at 25.0˚C:  1.2e-07
",
109,NB_FP_0214.pdb,/teams/YingChiLab_1702378116/MaishaZhang/PPIFlow-main/output/final_flowpacked_designs/nanobody/NB_FP_0214.pdb,True,0,-9.4,1.2e-07,56,0.0,5.0,7.0,2.0,17.0,25.0,"[+] Executing 1 task(s) in total
##########################################
[+] Processing structure NB_FP_0214_model0
[+] No. of intermolecular contacts: 56
[+] No. of charged-charged contacts: 0.0
[+] No. of charged-polar contacts: 5.0
[+] No. of charged-apolar contacts: 7.0
[+] No. of polar-polar contacts: 2.0
[+] No. of apolar-polar contacts: 17.0
[+] No. of apolar-apolar contacts: 25.0
[+] Percentage of apolar NIS residues: 43.12
[+] Percentage of charged NIS residues: 18.88
[++] Predicted binding affinity (kcal.mol-1):     -9.4
[++] Predicted dissociation constant (M) at 25.0˚C:  1.2e-07
",
110,NB_FP_0072.pdb,/teams/YingChiLab_1702378116/MaishaZhang/PPIFlow-main/output/final_flowpacked_designs/nanobody/NB_FP_0072.pdb,True,0,-9.4,1.2e-07,51,1.0,13.0,3.0,2.0,18.0,14.0,"[+] Executing 1 task(s) in total
##########################################
[+] Processing structure NB_FP_0072_model0
[+] No. of intermolecular contacts: 51
[+] No. of charged-charged contacts: 1.0
[+] No. of charged-polar contacts: 13.0
[+] No. of charged-apolar contacts: 3.0
[+] No. of polar-polar contacts: 2.0
[+] No. of apolar-polar contacts: 18.0
[+] No. of apolar-apolar contacts: 14.0
[+] Percentage of apolar NIS residues: 42.53
[+] Percentage of charged NIS residues: 19.08
[++] Predicted binding affinity (kcal.mol-1):     -9.4
[++] Predicted dissociation constant (M) at 25.0˚C:  1.2e-07
",
111,NB_FP_0075.pdb,/teams/YingChiLab_1702378116/MaishaZhang/PPIFlow-main/output/final_flowpacked_designs/nanobody/NB_FP_0075.pdb,True,0,-9.4,1.2e-07,56,4.0,5.0,16.0,6.0,15.0,10.0,"[+] Executing 1 task(s) in total
##########################################
[+] Processing structure NB_FP_0075_model0
[+] No. of intermolecular contacts: 56
[+] No. of charged-charged contacts: 4.0
[+] No. of charged-polar contacts: 5.0
[+] No. of charged-apolar contacts: 16.0
[+] No. of polar-polar contacts: 6.0
[+] No. of apolar-polar contacts: 15.0
[+] No. of apolar-apolar contacts: 10.0
[+] Percentage of apolar NIS residues: 42.92
[+] Percentage of charged NIS residues: 19.58
[++] Predicted binding affinity (kcal.mol-1):     -9.4
[++] Predicted dissociation constant (M) at 25.0˚C:  1.2e-07
",
112,NB_FP_0179.pdb,/teams/YingChiLab_1702378116/MaishaZhang/PPIFlow-main/output/final_flowpacked_designs/nanobody/NB_FP_0179.pdb,True,0,-9.4,1.2e-07,55,3.0,6.0,13.0,2.0,13.0,18.0,"[+] Executing 1 task(s) in total
##########################################
[+] Processing structure NB_FP_0179_model0
[+] No. of intermolecular contacts: 55
[+] No. of charged-charged contacts: 3.0
[+] No. of charged-polar contacts: 6.0
[+] No. of charged-apolar contacts: 13.0
[+] No. of polar-polar contacts: 2.0
[+] No. of apolar-polar contacts: 13.0
[+] No. of apolar-apolar contacts: 18.0
[+] Percentage of apolar NIS residues: 42.89
[+] Percentage of charged NIS residues: 19.11
[++] Predicted binding affinity (kcal.mol-1):     -9.4
[++] Predicted dissociation constant (M) at 25.0˚C:  1.2e-07
",
113,NB_FP_0135.pdb,/teams/YingChiLab_1702378116/MaishaZhang/PPIFlow-main/output/final_flowpacked_designs/nanobody/NB_FP_0135.pdb,True,0,-9.4,1.4e-07,53,1.0,6.0,12.0,3.0,15.0,16.0,"[+] Executing 1 task(s) in total
##########################################
[+] Processing structure NB_FP_0135_model0
[+] No. of intermolecular contacts: 53
[+] No. of charged-charged contacts: 1.0
[+] No. of charged-polar contacts: 6.0
[+] No. of charged-apolar contacts: 12.0
[+] No. of polar-polar contacts: 3.0
[+] No. of apolar-polar contacts: 15.0
[+] No. of apolar-apolar contacts: 16.0
[+] Percentage of apolar NIS residues: 43.35
[+] Percentage of charged NIS residues: 18.81
[++] Predicted binding affinity (kcal.mol-1):     -9.4
[++] Predicted dissociation constant (M) at 25.0˚C:  1.4e-07
",
114,NB_FP_0119.pdb,/teams/YingChiLab_1702378116/MaishaZhang/PPIFlow-main/output/final_flowpacked_designs/nanobody/NB_FP_0119.pdb,True,0,-9.4,1.3e-07,58,1.0,4.0,10.0,4.0,17.0,22.0,"[+] Executing 1 task(s) in total
##########################################
[+] Processing structure NB_FP_0119_model0
[+] No. of intermolecular contacts: 58
[+] No. of charged-charged contacts: 1.0
[+] No. of charged-polar contacts: 4.0
[+] No. of charged-apolar contacts: 10.0
[+] No. of polar-polar contacts: 4.0
[+] No. of apolar-polar contacts: 17.0
[+] No. of apolar-apolar contacts: 22.0
[+] Percentage of apolar NIS residues: 43.56
[+] Percentage of charged NIS residues: 18.74
[++] Predicted binding affinity (kcal.mol-1):     -9.4
[++] Predicted dissociation constant (M) at 25.0˚C:  1.3e-07
",
115,NB_FP_0033.pdb,/teams/YingChiLab_1702378116/MaishaZhang/PPIFlow-main/output/final_flowpacked_designs/nanobody/NB_FP_0033.pdb,True,0,-9.4,1.2e-07,56,0.0,5.0,5.0,3.0,19.0,24.0,"[+] Executing 1 task(s) in total
##########################################
[+] Processing structure NB_FP_0033_model0
[+] No. of intermolecular contacts: 56
[+] No. of charged-charged contacts: 0.0
[+] No. of charged-polar contacts: 5.0
[+] No. of charged-apolar contacts: 5.0
[+] No. of polar-polar contacts: 3.0
[+] No. of apolar-polar contacts: 19.0
[+] No. of apolar-apolar contacts: 24.0
[+] Percentage of apolar NIS residues: 43.72
[+] Percentage of charged NIS residues: 18.60
[++] Predicted binding affinity (kcal.mol-1):     -9.4
[++] Predicted dissociation constant (M) at 25.0˚C:  1.2e-07
",
116,NB_FP_0266.pdb,/teams/YingChiLab_1702378116/MaishaZhang/PPIFlow-main/output/final_flowpacked_designs/nanobody/NB_FP_0266.pdb,True,0,-9.4,1.4e-07,59,0.0,9.0,12.0,4.0,16.0,18.0,"[+] Executing 1 task(s) in total
##########################################
[+] Processing structure NB_FP_0266_model0
[+] No. of intermolecular contacts: 59
[+] No. of charged-charged contacts: 0.0
[+] No. of charged-polar contacts: 9.0
[+] No. of charged-apolar contacts: 12.0
[+] No. of polar-polar contacts: 4.0
[+] No. of apolar-polar contacts: 16.0
[+] No. of apolar-apolar contacts: 18.0
[+] Percentage of apolar NIS residues: 43.09
[+] Percentage of charged NIS residues: 18.66
[++] Predicted binding affinity (kcal.mol-1):     -9.4
[++] Predicted dissociation constant (M) at 25.0˚C:  1.4e-07
",
117,NB_FP_0271.pdb,/teams/YingChiLab_1702378116/MaishaZhang/PPIFlow-main/output/final_flowpacked_designs/nanobody/NB_FP_0271.pdb,True,0,-9.4,1.3e-07,42,1.0,2.0,7.0,2.0,17.0,13.0,"[+] Executing 1 task(s) in total
##########################################
[+] Processing structure NB_FP_0271_model0
[+] No. of intermolecular contacts: 42
[+] No. of charged-charged contacts: 1.0
[+] No. of charged-polar contacts: 2.0
[+] No. of charged-apolar contacts: 7.0
[+] No. of polar-polar contacts: 2.0
[+] No. of apolar-polar contacts: 17.0
[+] No. of apolar-apolar contacts: 13.0
[+] Percentage of apolar NIS residues: 44.14
[+] Percentage of charged NIS residues: 18.62
[++] Predicted binding affinity (kcal.mol-1):     -9.4
[++] Predicted dissociation constant (M) at 25.0˚C:  1.3e-07
",
118,NB_FP_0265.pdb,/teams/YingChiLab_1702378116/MaishaZhang/PPIFlow-main/output/final_flowpacked_designs/nanobody/NB_FP_0265.pdb,True,0,-9.3,1.6e-07,52,2.0,6.0,5.0,6.0,21.0,12.0,"[+] Executing 1 task(s) in total
##########################################
[+] Processing structure NB_FP_0265_model0
[+] No. of intermolecular contacts: 52
[+] No. of charged-charged contacts: 2.0
[+] No. of charged-polar contacts: 6.0
[+] No. of charged-apolar contacts: 5.0
[+] No. of polar-polar contacts: 6.0
[+] No. of apolar-polar contacts: 21.0
[+] No. of apolar-apolar contacts: 12.0
[+] Percentage of apolar NIS residues: 44.55
[+] Percentage of charged NIS residues: 19.03
[++] Predicted binding affinity (kcal.mol-1):     -9.3
[++] Predicted dissociation constant (M) at 25.0˚C:  1.6e-07
",
119,NB_FP_0161.pdb,/teams/YingChiLab_1702378116/MaishaZhang/PPIFlow-main/output/final_flowpacked_designs/nanobody/NB_FP_0161.pdb,True,0,-9.3,1.6e-07,51,1.0,6.0,12.0,0.0,12.0,20.0,"[+] Executing 1 task(s) in total
##########################################
[+] Processing structure NB_FP_0161_model0
[+] No. of intermolecular contacts: 51
[+] No. of charged-charged contacts: 1.0
[+] No. of charged-polar contacts: 6.0
[+] No. of charged-apolar contacts: 12.0
[+] No. of polar-polar contacts: 0.0
[+] No. of apolar-polar contacts: 12.0
[+] No. of apolar-apolar contacts: 20.0
[+] Percentage of apolar NIS residues: 43.96
[+] Percentage of charged NIS residues: 18.00
[++] Predicted binding affinity (kcal.mol-1):     -9.3
[++] Predicted dissociation constant (M) at 25.0˚C:  1.6e-07
",
120,NB_FP_0021.pdb,/teams/YingChiLab_1702378116/MaishaZhang/PPIFlow-main/output/final_flowpacked_designs/nanobody/NB_FP_0021.pdb,True,0,-9.3,1.6e-07,55,1.0,7.0,9.0,2.0,15.0,21.0,"[+] Executing 1 task(s) in total
##########################################
[+] Processing structure NB_FP_0021_model0
[+] No. of intermolecular contacts: 55
[+] No. of charged-charged contacts: 1.0
[+] No. of charged-polar contacts: 7.0
[+] No. of charged-apolar contacts: 9.0
[+] No. of polar-polar contacts: 2.0
[+] No. of apolar-polar contacts: 15.0
[+] No. of apolar-apolar contacts: 21.0
[+] Percentage of apolar NIS residues: 43.35
[+] Percentage of charged NIS residues: 18.81
[++] Predicted binding affinity (kcal.mol-1):     -9.3
[++] Predicted dissociation constant (M) at 25.0˚C:  1.6e-07
",
121,NB_FP_0020.pdb,/teams/YingChiLab_1702378116/MaishaZhang/PPIFlow-main/output/final_flowpacked_designs/nanobody/NB_FP_0020.pdb,True,0,-9.3,1.4e-07,47,3.0,5.0,4.0,0.0,16.0,19.0,"[+] Executing 1 task(s) in total
##########################################
[+] Processing structure NB_FP_0020_model0
[+] No. of intermolecular contacts: 47
[+] No. of charged-charged contacts: 3.0
[+] No. of charged-polar contacts: 5.0
[+] No. of charged-apolar contacts: 4.0
[+] No. of polar-polar contacts: 0.0
[+] No. of apolar-polar contacts: 16.0
[+] No. of apolar-apolar contacts: 19.0
[+] Percentage of apolar NIS residues: 43.78
[+] Percentage of charged NIS residues: 19.82
[++] Predicted binding affinity (kcal.mol-1):     -9.3
[++] Predicted dissociation constant (M) at 25.0˚C:  1.4e-07
",
122,NB_FP_0183.pdb,/teams/YingChiLab_1702378116/MaishaZhang/PPIFlow-main/output/final_flowpacked_designs/nanobody/NB_FP_0183.pdb,True,0,-9.3,1.4e-07,44,1.0,7.0,3.0,3.0,19.0,11.0,"[+] Executing 1 task(s) in total
##########################################
[+] Processing structure NB_FP_0183_model0
[+] No. of intermolecular contacts: 44
[+] No. of charged-charged contacts: 1.0
[+] No. of charged-polar contacts: 7.0
[+] No. of charged-apolar contacts: 3.0
[+] No. of polar-polar contacts: 3.0
[+] No. of apolar-polar contacts: 19.0
[+] No. of apolar-apolar contacts: 11.0
[+] Percentage of apolar NIS residues: 43.78
[+] Percentage of charged NIS residues: 18.43
[++] Predicted binding affinity (kcal.mol-1):     -9.3
[++] Predicted dissociation constant (M) at 25.0˚C:  1.4e-07
",
123,NB_FP_0105.pdb,/teams/YingChiLab_1702378116/MaishaZhang/PPIFlow-main/output/final_flowpacked_designs/nanobody/NB_FP_0105.pdb,True,0,-9.3,1.6e-07,44,2.0,0.0,10.0,2.0,14.0,16.0,"[+] Executing 1 task(s) in total
##########################################
[+] Processing structure NB_FP_0105_model0
[+] No. of intermolecular contacts: 44
[+] No. of charged-charged contacts: 2.0
[+] No. of charged-polar contacts: 0.0
[+] No. of charged-apolar contacts: 10.0
[+] No. of polar-polar contacts: 2.0
[+] No. of apolar-polar contacts: 14.0
[+] No. of apolar-apolar contacts: 16.0
[+] Percentage of apolar NIS residues: 43.35
[+] Percentage of charged NIS residues: 18.58
[++] Predicted binding affinity (kcal.mol-1):     -9.3
[++] Predicted dissociation constant (M) at 25.0˚C:  1.6e-07
",
124,NB_FP_0112.pdb,/teams/YingChiLab_1702378116/MaishaZhang/PPIFlow-main/output/final_flowpacked_designs/nanobody/NB_FP_0112.pdb,True,0,-9.3,1.5e-07,44,0.0,14.0,6.0,2.0,17.0,5.0,"[+] Executing 1 task(s) in total
##########################################
[+] Processing structure NB_FP_0112_model0
[+] No. of intermolecular contacts: 44
[+] No. of charged-charged contacts: 0.0
[+] No. of charged-polar contacts: 14.0
[+] No. of charged-apolar contacts: 6.0
[+] No. of polar-polar contacts: 2.0
[+] No. of apolar-polar contacts: 17.0
[+] No. of apolar-apolar contacts: 5.0
[+] Percentage of apolar NIS residues: 43.65
[+] Percentage of charged NIS residues: 18.48
[++] Predicted binding affinity (kcal.mol-1):     -9.3
[++] Predicted dissociation constant (M) at 25.0˚C:  1.5e-07
",
125,NB_FP_0124.pdb,/teams/YingChiLab_1702378116/MaishaZhang/PPIFlow-main/output/final_flowpacked_designs/nanobody/NB_FP_0124.pdb,True,0,-9.3,1.4e-07,55,3.0,4.0,13.0,4.0,14.0,17.0,"[+] Executing 1 task(s) in total
##########################################
[+] Processing structure NB_FP_0124_model0
[+] No. of intermolecular contacts: 55
[+] No. of charged-charged contacts: 3.0
[+] No. of charged-polar contacts: 4.0
[+] No. of charged-apolar contacts: 13.0
[+] No. of polar-polar contacts: 4.0
[+] No. of apolar-polar contacts: 14.0
[+] No. of apolar-apolar contacts: 17.0
[+] Percentage of apolar NIS residues: 42.86
[+] Percentage of charged NIS residues: 18.66
[++] Predicted binding affinity (kcal.mol-1):     -9.3
[++] Predicted dissociation constant (M) at 25.0˚C:  1.4e-07
",
126,NB_FP_0168.pdb,/teams/YingChiLab_1702378116/MaishaZhang/PPIFlow-main/output/final_flowpacked_designs/nanobody/NB_FP_0168.pdb,True,0,-9.3,1.4e-07,62,1.0,8.0,12.0,3.0,15.0,23.0,"[+] Executing 1 task(s) in total
##########################################
[+] Processing structure NB_FP_0168_model0
[+] No. of intermolecular contacts: 62
[+] No. of charged-charged contacts: 1.0
[+] No. of charged-polar contacts: 8.0
[+] No. of charged-apolar contacts: 12.0
[+] No. of polar-polar contacts: 3.0
[+] No. of apolar-polar contacts: 15.0
[+] No. of apolar-apolar contacts: 23.0
[+] Percentage of apolar NIS residues: 43.09
[+] Percentage of charged NIS residues: 19.35
[++] Predicted binding affinity (kcal.mol-1):     -9.3
[++] Predicted dissociation constant (M) at 25.0˚C:  1.4e-07
",
127,NB_FP_0086.pdb,/teams/YingChiLab_1702378116/MaishaZhang/PPIFlow-main/output/final_flowpacked_designs/nanobody/NB_FP_0086.pdb,True,0,-9.3,1.6e-07,38,0.0,5.0,1.0,3.0,19.0,10.0,"[+] Executing 1 task(s) in total
##########################################
[+] Processing structure NB_FP_0086_model0
[+] No. of intermolecular contacts: 38
[+] No. of charged-charged contacts: 0.0
[+] No. of charged-polar contacts: 5.0
[+] No. of charged-apolar contacts: 1.0
[+] No. of polar-polar contacts: 3.0
[+] No. of apolar-polar contacts: 19.0
[+] No. of apolar-apolar contacts: 10.0
[+] Percentage of apolar NIS residues: 42.36
[+] Percentage of charged NIS residues: 18.75
[++] Predicted binding affinity (kcal.mol-1):     -9.3
[++] Predicted dissociation constant (M) at 25.0˚C:  1.6e-07
",
128,NB_FP_0093.pdb,/teams/YingChiLab_1702378116/MaishaZhang/PPIFlow-main/output/final_flowpacked_designs/nanobody/NB_FP_0093.pdb,True,0,-9.3,1.5e-07,44,0.0,2.0,4.0,4.0,21.0,13.0,"[+] Executing 1 task(s) in total
##########################################
[+] Processing structure NB_FP_0093_model0
[+] No. of intermolecular contacts: 44
[+] No. of charged-charged contacts: 0.0
[+] No. of charged-polar contacts: 2.0
[+] No. of charged-apolar contacts: 4.0
[+] No. of polar-polar contacts: 4.0
[+] No. of apolar-polar contacts: 21.0
[+] No. of apolar-apolar contacts: 13.0
[+] Percentage of apolar NIS residues: 44.57
[+] Percentage of charged NIS residues: 19.40
[++] Predicted binding affinity (kcal.mol-1):     -9.3
[++] Predicted dissociation constant (M) at 25.0˚C:  1.5e-07
",
129,NB_FP_0085.pdb,/teams/YingChiLab_1702378116/MaishaZhang/PPIFlow-main/output/final_flowpacked_designs/nanobody/NB_FP_0085.pdb,True,0,-9.3,1.5e-07,42,2.0,2.0,10.0,3.0,15.0,10.0,"[+] Executing 1 task(s) in total
##########################################
[+] Processing structure NB_FP_0085_model0
[+] No. of intermolecular contacts: 42
[+] No. of charged-charged contacts: 2.0
[+] No. of charged-polar contacts: 2.0
[+] No. of charged-apolar contacts: 10.0
[+] No. of polar-polar contacts: 3.0
[+] No. of apolar-polar contacts: 15.0
[+] No. of apolar-apolar contacts: 10.0
[+] Percentage of apolar NIS residues: 43.09
[+] Percentage of charged NIS residues: 18.89
[++] Predicted binding affinity (kcal.mol-1):     -9.3
[++] Predicted dissociation constant (M) at 25.0˚C:  1.5e-07
",
130,NB_FP_0155.pdb,/teams/YingChiLab_1702378116/MaishaZhang/PPIFlow-main/output/final_flowpacked_designs/nanobody/NB_FP_0155.pdb,True,0,-9.2,1.7e-07,55,1.0,5.0,9.0,0.0,13.0,27.0,"[+] Executing 1 task(s) in total
##########################################
[+] Processing structure NB_FP_0155_model0
[+] No. of intermolecular contacts: 55
[+] No. of charged-charged contacts: 1.0
[+] No. of charged-polar contacts: 5.0
[+] No. of charged-apolar contacts: 9.0
[+] No. of polar-polar contacts: 0.0
[+] No. of apolar-polar contacts: 13.0
[+] No. of apolar-apolar contacts: 27.0
[+] Percentage of apolar NIS residues: 42.82
[+] Percentage of charged NIS residues: 19.13
[++] Predicted binding affinity (kcal.mol-1):     -9.2
[++] Predicted dissociation constant (M) at 25.0˚C:  1.7e-07
",
131,NB_FP_0274.pdb,/teams/YingChiLab_1702378116/MaishaZhang/PPIFlow-main/output/final_flowpacked_designs/nanobody/NB_FP_0274.pdb,True,0,-9.2,1.8e-07,53,2.0,5.0,12.0,2.0,12.0,20.0,"[+] Executing 1 task(s) in total
##########################################
[+] Processing structure NB_FP_0274_model0
[+] No. of intermolecular contacts: 53
[+] No. of charged-charged contacts: 2.0
[+] No. of charged-polar contacts: 5.0
[+] No. of charged-apolar contacts: 12.0
[+] No. of polar-polar contacts: 2.0
[+] No. of apolar-polar contacts: 12.0
[+] No. of apolar-apolar contacts: 20.0
[+] Percentage of apolar NIS residues: 41.84
[+] Percentage of charged NIS residues: 19.08
[++] Predicted binding affinity (kcal.mol-1):     -9.2
[++] Predicted dissociation constant (M) at 25.0˚C:  1.8e-07
",
132,NB_FP_0276.pdb,/teams/YingChiLab_1702378116/MaishaZhang/PPIFlow-main/output/final_flowpacked_designs/nanobody/NB_FP_0276.pdb,True,0,-9.2,1.7e-07,48,5.0,6.0,18.0,0.0,7.0,12.0,"[+] Executing 1 task(s) in total
##########################################
[+] Processing structure NB_FP_0276_model0
[+] No. of intermolecular contacts: 48
[+] No. of charged-charged contacts: 5.0
[+] No. of charged-polar contacts: 6.0
[+] No. of charged-apolar contacts: 18.0
[+] No. of polar-polar contacts: 0.0
[+] No. of apolar-polar contacts: 7.0
[+] No. of apolar-apolar contacts: 12.0
[+] Percentage of apolar NIS residues: 42.69
[+] Percentage of charged NIS residues: 18.79
[++] Predicted binding affinity (kcal.mol-1):     -9.2
[++] Predicted dissociation constant (M) at 25.0˚C:  1.7e-07
",
133,NB_FP_0111.pdb,/teams/YingChiLab_1702378116/MaishaZhang/PPIFlow-main/output/final_flowpacked_designs/nanobody/NB_FP_0111.pdb,True,0,-9.2,1.7e-07,45,1.0,4.0,8.0,1.0,15.0,16.0,"[+] Executing 1 task(s) in total
##########################################
[+] Processing structure NB_FP_0111_model0
[+] No. of intermolecular contacts: 45
[+] No. of charged-charged contacts: 1.0
[+] No. of charged-polar contacts: 4.0
[+] No. of charged-apolar contacts: 8.0
[+] No. of polar-polar contacts: 1.0
[+] No. of apolar-polar contacts: 15.0
[+] No. of apolar-apolar contacts: 16.0
[+] Percentage of apolar NIS residues: 43.99
[+] Percentage of charged NIS residues: 18.82
[++] Predicted binding affinity (kcal.mol-1):     -9.2
[++] Predicted dissociation constant (M) at 25.0˚C:  1.7e-07
",
134,NB_FP_0216.pdb,/teams/YingChiLab_1702378116/MaishaZhang/PPIFlow-main/output/final_flowpacked_designs/nanobody/NB_FP_0216.pdb,True,0,-9.2,1.9e-07,64,4.0,3.0,19.0,2.0,9.0,27.0,"[+] Executing 1 task(s) in total
##########################################
[+] Processing structure NB_FP_0216_model0
[+] No. of intermolecular contacts: 64
[+] No. of charged-charged contacts: 4.0
[+] No. of charged-polar contacts: 3.0
[+] No. of charged-apolar contacts: 19.0
[+] No. of polar-polar contacts: 2.0
[+] No. of apolar-polar contacts: 9.0
[+] No. of apolar-apolar contacts: 27.0
[+] Percentage of apolar NIS residues: 43.52
[+] Percentage of charged NIS residues: 18.75
[++] Predicted binding affinity (kcal.mol-1):     -9.2
[++] Predicted dissociation constant (M) at 25.0˚C:  1.9e-07
",
135,NB_FP_0224.pdb,/teams/YingChiLab_1702378116/MaishaZhang/PPIFlow-main/output/final_flowpacked_designs/nanobody/NB_FP_0224.pdb,True,0,-9.2,1.7e-07,54,0.0,7.0,10.0,3.0,16.0,18.0,"[+] Executing 1 task(s) in total
##########################################
[+] Processing structure NB_FP_0224_model0
[+] No. of intermolecular contacts: 54
[+] No. of charged-charged contacts: 0.0
[+] No. of charged-polar contacts: 7.0
[+] No. of charged-apolar contacts: 10.0
[+] No. of polar-polar contacts: 3.0
[+] No. of apolar-polar contacts: 16.0
[+] No. of apolar-apolar contacts: 18.0
[+] Percentage of apolar NIS residues: 43.67
[+] Percentage of charged NIS residues: 18.78
[++] Predicted binding affinity (kcal.mol-1):     -9.2
[++] Predicted dissociation constant (M) at 25.0˚C:  1.7e-07
",
136,NB_FP_0084.pdb,/teams/YingChiLab_1702378116/MaishaZhang/PPIFlow-main/output/final_flowpacked_designs/nanobody/NB_FP_0084.pdb,True,0,-9.2,1.8e-07,46,1.0,10.0,11.0,0.0,12.0,12.0,"[+] Executing 1 task(s) in total
##########################################
[+] Processing structure NB_FP_0084_model0
[+] No. of intermolecular contacts: 46
[+] No. of charged-charged contacts: 1.0
[+] No. of charged-polar contacts: 10.0
[+] No. of charged-apolar contacts: 11.0
[+] No. of polar-polar contacts: 0.0
[+] No. of apolar-polar contacts: 12.0
[+] No. of apolar-apolar contacts: 12.0
[+] Percentage of apolar NIS residues: 43.31
[+] Percentage of charged NIS residues: 18.59
[++] Predicted binding affinity (kcal.mol-1):     -9.2
[++] Predicted dissociation constant (M) at 25.0˚C:  1.8e-07
",
137,NB_FP_0065.pdb,/teams/YingChiLab_1702378116/MaishaZhang/PPIFlow-main/output/final_flowpacked_designs/nanobody/NB_FP_0065.pdb,True,0,-9.2,1.9e-07,43,3.0,4.0,8.0,4.0,16.0,8.0,"[+] Executing 1 task(s) in total
##########################################
[+] Processing structure NB_FP_0065_model0
[+] No. of intermolecular contacts: 43
[+] No. of charged-charged contacts: 3.0
[+] No. of charged-polar contacts: 4.0
[+] No. of charged-apolar contacts: 8.0
[+] No. of polar-polar contacts: 4.0
[+] No. of apolar-polar contacts: 16.0
[+] No. of apolar-apolar contacts: 8.0
[+] Percentage of apolar NIS residues: 43.42
[+] Percentage of charged NIS residues: 18.71
[++] Predicted binding affinity (kcal.mol-1):     -9.2
[++] Predicted dissociation constant (M) at 25.0˚C:  1.9e-07
",
138,NB_FP_0241.pdb,/teams/YingChiLab_1702378116/MaishaZhang/PPIFlow-main/output/final_flowpacked_designs/nanobody/NB_FP_0241.pdb,True,0,-9.2,1.9e-07,52,1.0,2.0,6.0,1.0,15.0,27.0,"[+] Executing 1 task(s) in total
##########################################
[+] Processing structure NB_FP_0241_model0
[+] No. of intermolecular contacts: 52
[+] No. of charged-charged contacts: 1.0
[+] No. of charged-polar contacts: 2.0
[+] No. of charged-apolar contacts: 6.0
[+] No. of polar-polar contacts: 1.0
[+] No. of apolar-polar contacts: 15.0
[+] No. of apolar-apolar contacts: 27.0
[+] Percentage of apolar NIS residues: 43.09
[+] Percentage of charged NIS residues: 19.12
[++] Predicted binding affinity (kcal.mol-1):     -9.2
[++] Predicted dissociation constant (M) at 25.0˚C:  1.9e-07
",
139,NB_FP_0004.pdb,/teams/YingChiLab_1702378116/MaishaZhang/PPIFlow-main/output/final_flowpacked_designs/nanobody/NB_FP_0004.pdb,True,0,-9.2,1.8e-07,50,1.0,5.0,15.0,1.0,11.0,17.0,"[+] Executing 1 task(s) in total
##########################################
[+] Processing structure NB_FP_0004_model0
[+] No. of intermolecular contacts: 50
[+] No. of charged-charged contacts: 1.0
[+] No. of charged-polar contacts: 5.0
[+] No. of charged-apolar contacts: 15.0
[+] No. of polar-polar contacts: 1.0
[+] No. of apolar-polar contacts: 11.0
[+] No. of apolar-apolar contacts: 17.0
[+] Percentage of apolar NIS residues: 43.52
[+] Percentage of charged NIS residues: 18.29
[++] Predicted binding affinity (kcal.mol-1):     -9.2
[++] Predicted dissociation constant (M) at 25.0˚C:  1.8e-07
",
140,NB_FP_0008.pdb,/teams/YingChiLab_1702378116/MaishaZhang/PPIFlow-main/output/final_flowpacked_designs/nanobody/NB_FP_0008.pdb,True,0,-9.1,2.2e-07,52,0.0,6.0,16.0,3.0,13.0,14.0,"[+] Executing 1 task(s) in total
##########################################
[+] Processing structure NB_FP_0008_model0
[+] No. of intermolecular contacts: 52
[+] No. of charged-charged contacts: 0.0
[+] No. of charged-polar contacts: 6.0
[+] No. of charged-apolar contacts: 16.0
[+] No. of polar-polar contacts: 3.0
[+] No. of apolar-polar contacts: 13.0
[+] No. of apolar-apolar contacts: 14.0
[+] Percentage of apolar NIS residues: 43.99
[+] Percentage of charged NIS residues: 18.82
[++] Predicted binding affinity (kcal.mol-1):     -9.1
[++] Predicted dissociation constant (M) at 25.0˚C:  2.2e-07
",
141,NB_FP_0082.pdb,/teams/YingChiLab_1702378116/MaishaZhang/PPIFlow-main/output/final_flowpacked_designs/nanobody/NB_FP_0082.pdb,True,0,-9.1,2.2e-07,41,1.0,4.0,10.0,2.0,14.0,10.0,"[+] Executing 1 task(s) in total
##########################################
[+] Processing structure NB_FP_0082_model0
[+] No. of intermolecular contacts: 41
[+] No. of charged-charged contacts: 1.0
[+] No. of charged-polar contacts: 4.0
[+] No. of charged-apolar contacts: 10.0
[+] No. of polar-polar contacts: 2.0
[+] No. of apolar-polar contacts: 14.0
[+] No. of apolar-apolar contacts: 10.0
[+] Percentage of apolar NIS residues: 43.72
[+] Percentage of charged NIS residues: 18.60
[++] Predicted binding affinity (kcal.mol-1):     -9.1
[++] Predicted dissociation constant (M) at 25.0˚C:  2.2e-07
",
142,NB_FP_0208.pdb,/teams/YingChiLab_1702378116/MaishaZhang/PPIFlow-main/output/final_flowpacked_designs/nanobody/NB_FP_0208.pdb,True,0,-9.1,2.0e-07,62,4.0,8.0,19.0,3.0,10.0,18.0,"[+] Executing 1 task(s) in total
##########################################
[+] Processing structure NB_FP_0208_model0
[+] No. of intermolecular contacts: 62
[+] No. of charged-charged contacts: 4.0
[+] No. of charged-polar contacts: 8.0
[+] No. of charged-apolar contacts: 19.0
[+] No. of polar-polar contacts: 3.0
[+] No. of apolar-polar contacts: 10.0
[+] No. of apolar-apolar contacts: 18.0
[+] Percentage of apolar NIS residues: 43.33
[+] Percentage of charged NIS residues: 19.44
[++] Predicted binding affinity (kcal.mol-1):     -9.1
[++] Predicted dissociation constant (M) at 25.0˚C:  2.0e-07
",
143,NB_FP_0106.pdb,/teams/YingChiLab_1702378116/MaishaZhang/PPIFlow-main/output/final_flowpacked_designs/nanobody/NB_FP_0106.pdb,True,0,-9.1,2.3e-07,34,1.0,5.0,4.0,1.0,16.0,7.0,"[+] Executing 1 task(s) in total
##########################################
[+] Processing structure NB_FP_0106_model0
[+] No. of intermolecular contacts: 34
[+] No. of charged-charged contacts: 1.0
[+] No. of charged-polar contacts: 5.0
[+] No. of charged-apolar contacts: 4.0
[+] No. of polar-polar contacts: 1.0
[+] No. of apolar-polar contacts: 16.0
[+] No. of apolar-apolar contacts: 7.0
[+] Percentage of apolar NIS residues: 43.85
[+] Percentage of charged NIS residues: 19.03
[++] Predicted binding affinity (kcal.mol-1):     -9.1
[++] Predicted dissociation constant (M) at 25.0˚C:  2.3e-07
",
144,NB_FP_0117.pdb,/teams/YingChiLab_1702378116/MaishaZhang/PPIFlow-main/output/final_flowpacked_designs/nanobody/NB_FP_0117.pdb,True,0,-9.1,2.2e-07,37,0.0,8.0,5.0,0.0,14.0,10.0,"[+] Executing 1 task(s) in total
##########################################
[+] Processing structure NB_FP_0117_model0
[+] No. of intermolecular contacts: 37
[+] No. of charged-charged contacts: 0.0
[+] No. of charged-polar contacts: 8.0
[+] No. of charged-apolar contacts: 5.0
[+] No. of polar-polar contacts: 0.0
[+] No. of apolar-polar contacts: 14.0
[+] No. of apolar-apolar contacts: 10.0
[+] Percentage of apolar NIS residues: 42.63
[+] Percentage of charged NIS residues: 18.66
[++] Predicted binding affinity (kcal.mol-1):     -9.1
[++] Predicted dissociation constant (M) at 25.0˚C:  2.2e-07
",
145,NB_FP_0248.pdb,/teams/YingChiLab_1702378116/MaishaZhang/PPIFlow-main/output/final_flowpacked_designs/nanobody/NB_FP_0248.pdb,True,0,-9.1,2.3e-07,53,1.0,4.0,11.0,7.0,17.0,13.0,"[+] Executing 1 task(s) in total
##########################################
[+] Processing structure NB_FP_0248_model0
[+] No. of intermolecular contacts: 53
[+] No. of charged-charged contacts: 1.0
[+] No. of charged-polar contacts: 4.0
[+] No. of charged-apolar contacts: 11.0
[+] No. of polar-polar contacts: 7.0
[+] No. of apolar-polar contacts: 17.0
[+] No. of apolar-apolar contacts: 13.0
[+] Percentage of apolar NIS residues: 42.42
[+] Percentage of charged NIS residues: 19.11
[++] Predicted binding affinity (kcal.mol-1):     -9.1
[++] Predicted dissociation constant (M) at 25.0˚C:  2.3e-07
",
146,NB_FP_0162.pdb,/teams/YingChiLab_1702378116/MaishaZhang/PPIFlow-main/output/final_flowpacked_designs/nanobody/NB_FP_0162.pdb,True,0,-9.1,2.0e-07,47,2.0,4.0,10.0,2.0,13.0,16.0,"[+] Executing 1 task(s) in total
##########################################
[+] Processing structure NB_FP_0162_model0
[+] No. of intermolecular contacts: 47
[+] No. of charged-charged contacts: 2.0
[+] No. of charged-polar contacts: 4.0
[+] No. of charged-apolar contacts: 10.0
[+] No. of polar-polar contacts: 2.0
[+] No. of apolar-polar contacts: 13.0
[+] No. of apolar-apolar contacts: 16.0
[+] Percentage of apolar NIS residues: 42.43
[+] Percentage of charged NIS residues: 19.04
[++] Predicted binding affinity (kcal.mol-1):     -9.1
[++] Predicted dissociation constant (M) at 25.0˚C:  2.0e-07
",
147,NB_FP_0103.pdb,/teams/YingChiLab_1702378116/MaishaZhang/PPIFlow-main/output/final_flowpacked_designs/nanobody/NB_FP_0103.pdb,True,0,-9.0,2.4e-07,46,3.0,8.0,11.0,1.0,12.0,11.0,"[+] Executing 1 task(s) in total
##########################################
[+] Processing structure NB_FP_0103_model0
[+] No. of intermolecular contacts: 46
[+] No. of charged-charged contacts: 3.0
[+] No. of charged-polar contacts: 8.0
[+] No. of charged-apolar contacts: 11.0
[+] No. of polar-polar contacts: 1.0
[+] No. of apolar-polar contacts: 12.0
[+] No. of apolar-apolar contacts: 11.0
[+] Percentage of apolar NIS residues: 43.42
[+] Percentage of charged NIS residues: 19.63
[++] Predicted binding affinity (kcal.mol-1):     -9.0
[++] Predicted dissociation constant (M) at 25.0˚C:  2.4e-07
",
148,NB_FP_0139.pdb,/teams/YingChiLab_1702378116/MaishaZhang/PPIFlow-main/output/final_flowpacked_designs/nanobody/NB_FP_0139.pdb,True,0,-9.0,2.6e-07,50,1.0,6.0,11.0,2.0,13.0,17.0,"[+] Executing 1 task(s) in total
##########################################
[+] Processing structure NB_FP_0139_model0
[+] No. of intermolecular contacts: 50
[+] No. of charged-charged contacts: 1.0
[+] No. of charged-polar contacts: 6.0
[+] No. of charged-apolar contacts: 11.0
[+] No. of polar-polar contacts: 2.0
[+] No. of apolar-polar contacts: 13.0
[+] No. of apolar-apolar contacts: 17.0
[+] Percentage of apolar NIS residues: 43.22
[+] Percentage of charged NIS residues: 19.08
[++] Predicted binding affinity (kcal.mol-1):     -9.0
[++] Predicted dissociation constant (M) at 25.0˚C:  2.6e-07
",
149,NB_FP_0142.pdb,/teams/YingChiLab_1702378116/MaishaZhang/PPIFlow-main/output/final_flowpacked_designs/nanobody/NB_FP_0142.pdb,True,0,-9.0,2.6e-07,50,0.0,3.0,10.0,2.0,13.0,22.0,"[+] Executing 1 task(s) in total
##########################################
[+] Processing structure NB_FP_0142_model0
[+] No. of intermolecular contacts: 50
[+] No. of charged-charged contacts: 0.0
[+] No. of charged-polar contacts: 3.0
[+] No. of charged-apolar contacts: 10.0
[+] No. of polar-polar contacts: 2.0
[+] No. of apolar-polar contacts: 13.0
[+] No. of apolar-apolar contacts: 22.0
[+] Percentage of apolar NIS residues: 42.53
[+] Percentage of charged NIS residues: 18.62
[++] Predicted binding affinity (kcal.mol-1):     -9.0
[++] Predicted dissociation constant (M) at 25.0˚C:  2.6e-07
",
150,NB_FP_0240.pdb,/teams/YingChiLab_1702378116/MaishaZhang/PPIFlow-main/output/final_flowpacked_designs/nanobody/NB_FP_0240.pdb,True,0,-9.0,2.3e-07,38,1.0,3.0,5.0,3.0,17.0,9.0,"[+] Executing 1 task(s) in total
##########################################
[+] Processing structure NB_FP_0240_model0
[+] No. of intermolecular contacts: 38
[+] No. of charged-charged contacts: 1.0
[+] No. of charged-polar contacts: 3.0
[+] No. of charged-apolar contacts: 5.0
[+] No. of polar-polar contacts: 3.0
[+] No. of apolar-polar contacts: 17.0
[+] No. of apolar-apolar contacts: 9.0
[+] Percentage of apolar NIS residues: 43.94
[+] Percentage of charged NIS residues: 18.54
[++] Predicted binding affinity (kcal.mol-1):     -9.0
[++] Predicted dissociation constant (M) at 25.0˚C:  2.3e-07
",
151,NB_FP_0211.pdb,/teams/YingChiLab_1702378116/MaishaZhang/PPIFlow-main/output/final_flowpacked_designs/nanobody/NB_FP_0211.pdb,True,0,-9.0,2.6e-07,46,0.0,3.0,5.0,4.0,18.0,16.0,"[+] Executing 1 task(s) in total
##########################################
[+] Processing structure NB_FP_0211_model0
[+] No. of intermolecular contacts: 46
[+] No. of charged-charged contacts: 0.0
[+] No. of charged-polar contacts: 3.0
[+] No. of charged-apolar contacts: 5.0
[+] No. of polar-polar contacts: 4.0
[+] No. of apolar-polar contacts: 18.0
[+] No. of apolar-apolar contacts: 16.0
[+] Percentage of apolar NIS residues: 43.65
[+] Percentage of charged NIS residues: 18.94
[++] Predicted binding affinity (kcal.mol-1):     -9.0
[++] Predicted dissociation constant (M) at 25.0˚C:  2.6e-07
",
152,NB_FP_0258.pdb,/teams/YingChiLab_1702378116/MaishaZhang/PPIFlow-main/output/final_flowpacked_designs/nanobody/NB_FP_0258.pdb,True,0,-9.0,2.6e-07,38,3.0,4.0,6.0,3.0,15.0,7.0,"[+] Executing 1 task(s) in total
##########################################
[+] Processing structure NB_FP_0258_model0
[+] No. of intermolecular contacts: 38
[+] No. of charged-charged contacts: 3.0
[+] No. of charged-polar contacts: 4.0
[+] No. of charged-apolar contacts: 6.0
[+] No. of polar-polar contacts: 3.0
[+] No. of apolar-polar contacts: 15.0
[+] No. of apolar-apolar contacts: 7.0
[+] Percentage of apolar NIS residues: 43.38
[+] Percentage of charged NIS residues: 18.49
[++] Predicted binding affinity (kcal.mol-1):     -9.0
[++] Predicted dissociation constant (M) at 25.0˚C:  2.6e-07
",
153,NB_FP_0193.pdb,/teams/YingChiLab_1702378116/MaishaZhang/PPIFlow-main/output/final_flowpacked_designs/nanobody/NB_FP_0193.pdb,True,0,-8.9,3.0e-07,45,1.0,4.0,10.0,3.0,15.0,12.0,"[+] Executing 1 task(s) in total
##########################################
[+] Processing structure NB_FP_0193_model0
[+] No. of intermolecular contacts: 45
[+] No. of charged-charged contacts: 1.0
[+] No. of charged-polar contacts: 4.0
[+] No. of charged-apolar contacts: 10.0
[+] No. of polar-polar contacts: 3.0
[+] No. of apolar-polar contacts: 15.0
[+] No. of apolar-apolar contacts: 12.0
[+] Percentage of apolar NIS residues: 44.55
[+] Percentage of charged NIS residues: 19.03
[++] Predicted binding affinity (kcal.mol-1):     -8.9
[++] Predicted dissociation constant (M) at 25.0˚C:  3.0e-07
",
154,NB_FP_0098.pdb,/teams/YingChiLab_1702378116/MaishaZhang/PPIFlow-main/output/final_flowpacked_designs/nanobody/NB_FP_0098.pdb,True,0,-8.9,3.0e-07,39,1.0,3.0,11.0,2.0,13.0,9.0,"[+] Executing 1 task(s) in total
##########################################
[+] Processing structure NB_FP_0098_model0
[+] No. of intermolecular contacts: 39
[+] No. of charged-charged contacts: 1.0
[+] No. of charged-polar contacts: 3.0
[+] No. of charged-apolar contacts: 11.0
[+] No. of polar-polar contacts: 2.0
[+] No. of apolar-polar contacts: 13.0
[+] No. of apolar-apolar contacts: 9.0
[+] Percentage of apolar NIS residues: 43.61
[+] Percentage of charged NIS residues: 19.18
[++] Predicted binding affinity (kcal.mol-1):     -8.9
[++] Predicted dissociation constant (M) at 25.0˚C:  3.0e-07
",
155,NB_FP_0167.pdb,/teams/YingChiLab_1702378116/MaishaZhang/PPIFlow-main/output/final_flowpacked_designs/nanobody/NB_FP_0167.pdb,True,0,-8.9,2.9e-07,50,2.0,5.0,14.0,2.0,11.0,16.0,"[+] Executing 1 task(s) in total
##########################################
[+] Processing structure NB_FP_0167_model0
[+] No. of intermolecular contacts: 50
[+] No. of charged-charged contacts: 2.0
[+] No. of charged-polar contacts: 5.0
[+] No. of charged-apolar contacts: 14.0
[+] No. of polar-polar contacts: 2.0
[+] No. of apolar-polar contacts: 11.0
[+] No. of apolar-apolar contacts: 16.0
[+] Percentage of apolar NIS residues: 43.09
[+] Percentage of charged NIS residues: 19.35
[++] Predicted binding affinity (kcal.mol-1):     -8.9
[++] Predicted dissociation constant (M) at 25.0˚C:  2.9e-07
",
156,NB_FP_0261.pdb,/teams/YingChiLab_1702378116/MaishaZhang/PPIFlow-main/output/final_flowpacked_designs/nanobody/NB_FP_0261.pdb,True,0,-8.9,3.0e-07,70,0.0,8.0,12.0,5.0,15.0,30.0,"[+] Executing 1 task(s) in total
##########################################
[+] Processing structure NB_FP_0261_model0
[+] No. of intermolecular contacts: 70
[+] No. of charged-charged contacts: 0.0
[+] No. of charged-polar contacts: 8.0
[+] No. of charged-apolar contacts: 12.0
[+] No. of polar-polar contacts: 5.0
[+] No. of apolar-polar contacts: 15.0
[+] No. of apolar-apolar contacts: 30.0
[+] Percentage of apolar NIS residues: 43.22
[+] Percentage of charged NIS residues: 18.85
[++] Predicted binding affinity (kcal.mol-1):     -8.9
[++] Predicted dissociation constant (M) at 25.0˚C:  3.0e-07
",
157,NB_FP_0236.pdb,/teams/YingChiLab_1702378116/MaishaZhang/PPIFlow-main/output/final_flowpacked_designs/nanobody/NB_FP_0236.pdb,True,0,-8.9,3.1e-07,56,3.0,6.0,11.0,3.0,13.0,20.0,"[+] Executing 1 task(s) in total
##########################################
[+] Processing structure NB_FP_0236_model0
[+] No. of intermolecular contacts: 56
[+] No. of charged-charged contacts: 3.0
[+] No. of charged-polar contacts: 6.0
[+] No. of charged-apolar contacts: 11.0
[+] No. of polar-polar contacts: 3.0
[+] No. of apolar-polar contacts: 13.0
[+] No. of apolar-apolar contacts: 20.0
[+] Percentage of apolar NIS residues: 44.06
[+] Percentage of charged NIS residues: 18.65
[++] Predicted binding affinity (kcal.mol-1):     -8.9
[++] Predicted dissociation constant (M) at 25.0˚C:  3.1e-07
",
158,NB_FP_0136.pdb,/teams/YingChiLab_1702378116/MaishaZhang/PPIFlow-main/output/final_flowpacked_designs/nanobody/NB_FP_0136.pdb,True,0,-8.9,2.8e-07,66,0.0,3.0,13.0,4.0,14.0,32.0,"[+] Executing 1 task(s) in total
##########################################
[+] Processing structure NB_FP_0136_model0
[+] No. of intermolecular contacts: 66
[+] No. of charged-charged contacts: 0.0
[+] No. of charged-polar contacts: 3.0
[+] No. of charged-apolar contacts: 13.0
[+] No. of polar-polar contacts: 4.0
[+] No. of apolar-polar contacts: 14.0
[+] No. of apolar-apolar contacts: 32.0
[+] Percentage of apolar NIS residues: 43.49
[+] Percentage of charged NIS residues: 18.60
[++] Predicted binding affinity (kcal.mol-1):     -8.9
[++] Predicted dissociation constant (M) at 25.0˚C:  2.8e-07
",
159,NB_FP_0019.pdb,/teams/YingChiLab_1702378116/MaishaZhang/PPIFlow-main/output/final_flowpacked_designs/nanobody/NB_FP_0019.pdb,True,0,-8.9,2.8e-07,49,3.0,5.0,11.0,1.0,11.0,18.0,"[+] Executing 1 task(s) in total
##########################################
[+] Processing structure NB_FP_0019_model0
[+] No. of intermolecular contacts: 49
[+] No. of charged-charged contacts: 3.0
[+] No. of charged-polar contacts: 5.0
[+] No. of charged-apolar contacts: 11.0
[+] No. of polar-polar contacts: 1.0
[+] No. of apolar-polar contacts: 11.0
[+] No. of apolar-apolar contacts: 18.0
[+] Percentage of apolar NIS residues: 43.68
[+] Percentage of charged NIS residues: 18.39
[++] Predicted binding affinity (kcal.mol-1):     -8.9
[++] Predicted dissociation constant (M) at 25.0˚C:  2.8e-07
",
160,NB_FP_0177.pdb,/teams/YingChiLab_1702378116/MaishaZhang/PPIFlow-main/output/final_flowpacked_designs/nanobody/NB_FP_0177.pdb,True,0,-8.9,2.8e-07,61,0.0,8.0,12.0,3.0,13.0,25.0,"[+] Executing 1 task(s) in total
##########################################
[+] Processing structure NB_FP_0177_model0
[+] No. of intermolecular contacts: 61
[+] No. of charged-charged contacts: 0.0
[+] No. of charged-polar contacts: 8.0
[+] No. of charged-apolar contacts: 12.0
[+] No. of polar-polar contacts: 3.0
[+] No. of apolar-polar contacts: 13.0
[+] No. of apolar-apolar contacts: 25.0
[+] Percentage of apolar NIS residues: 42.72
[+] Percentage of charged NIS residues: 18.78
[++] Predicted binding affinity (kcal.mol-1):     -8.9
[++] Predicted dissociation constant (M) at 25.0˚C:  2.8e-07
",
161,NB_FP_0269.pdb,/teams/YingChiLab_1702378116/MaishaZhang/PPIFlow-main/output/final_flowpacked_designs/nanobody/NB_FP_0269.pdb,True,0,-8.9,3.1e-07,53,7.0,4.0,14.0,5.0,11.0,12.0,"[+] Executing 1 task(s) in total
##########################################
[+] Processing structure NB_FP_0269_model0
[+] No. of intermolecular contacts: 53
[+] No. of charged-charged contacts: 7.0
[+] No. of charged-polar contacts: 4.0
[+] No. of charged-apolar contacts: 14.0
[+] No. of polar-polar contacts: 5.0
[+] No. of apolar-polar contacts: 11.0
[+] No. of apolar-apolar contacts: 12.0
[+] Percentage of apolar NIS residues: 43.12
[+] Percentage of charged NIS residues: 18.81
[++] Predicted binding affinity (kcal.mol-1):     -8.9
[++] Predicted dissociation constant (M) at 25.0˚C:  3.1e-07
",
162,NB_FP_0268.pdb,/teams/YingChiLab_1702378116/MaishaZhang/PPIFlow-main/output/final_flowpacked_designs/nanobody/NB_FP_0268.pdb,True,0,-8.9,3.0e-07,50,0.0,6.0,7.0,2.0,15.0,20.0,"[+] Executing 1 task(s) in total
##########################################
[+] Processing structure NB_FP_0268_model0
[+] No. of intermolecular contacts: 50
[+] No. of charged-charged contacts: 0.0
[+] No. of charged-polar contacts: 6.0
[+] No. of charged-apolar contacts: 7.0
[+] No. of polar-polar contacts: 2.0
[+] No. of apolar-polar contacts: 15.0
[+] No. of apolar-apolar contacts: 20.0
[+] Percentage of apolar NIS residues: 43.93
[+] Percentage of charged NIS residues: 18.46
[++] Predicted binding affinity (kcal.mol-1):     -8.9
[++] Predicted dissociation constant (M) at 25.0˚C:  3.0e-07
",
163,NB_FP_0034.pdb,/teams/YingChiLab_1702378116/MaishaZhang/PPIFlow-main/output/final_flowpacked_designs/nanobody/NB_FP_0034.pdb,True,0,-8.9,2.9e-07,51,1.0,4.0,9.0,4.0,15.0,18.0,"[+] Executing 1 task(s) in total
##########################################
[+] Processing structure NB_FP_0034_model0
[+] No. of intermolecular contacts: 51
[+] No. of charged-charged contacts: 1.0
[+] No. of charged-polar contacts: 4.0
[+] No. of charged-apolar contacts: 9.0
[+] No. of polar-polar contacts: 4.0
[+] No. of apolar-polar contacts: 15.0
[+] No. of apolar-apolar contacts: 18.0
[+] Percentage of apolar NIS residues: 43.29
[+] Percentage of charged NIS residues: 18.52
[++] Predicted binding affinity (kcal.mol-1):     -8.9
[++] Predicted dissociation constant (M) at 25.0˚C:  2.9e-07
",
164,NB_FP_0150.pdb,/teams/YingChiLab_1702378116/MaishaZhang/PPIFlow-main/output/final_flowpacked_designs/nanobody/NB_FP_0150.pdb,True,0,-8.9,2.9e-07,42,1.0,6.0,7.0,2.0,14.0,12.0,"[+] Executing 1 task(s) in total
##########################################
[+] Processing structure NB_FP_0150_model0
[+] No. of intermolecular contacts: 42
[+] No. of charged-charged contacts: 1.0
[+] No. of charged-polar contacts: 6.0
[+] No. of charged-apolar contacts: 7.0
[+] No. of polar-polar contacts: 2.0
[+] No. of apolar-polar contacts: 14.0
[+] No. of apolar-apolar contacts: 12.0
[+] Percentage of apolar NIS residues: 43.18
[+] Percentage of charged NIS residues: 18.41
[++] Predicted binding affinity (kcal.mol-1):     -8.9
[++] Predicted dissociation constant (M) at 25.0˚C:  2.9e-07
",
165,NB_FP_0146.pdb,/teams/YingChiLab_1702378116/MaishaZhang/PPIFlow-main/output/final_flowpacked_designs/nanobody/NB_FP_0146.pdb,True,0,-8.9,3.1e-07,45,4.0,3.0,18.0,1.0,8.0,11.0,"[+] Executing 1 task(s) in total
##########################################
[+] Processing structure NB_FP_0146_model0
[+] No. of intermolecular contacts: 45
[+] No. of charged-charged contacts: 4.0
[+] No. of charged-polar contacts: 3.0
[+] No. of charged-apolar contacts: 18.0
[+] No. of polar-polar contacts: 1.0
[+] No. of apolar-polar contacts: 8.0
[+] No. of apolar-apolar contacts: 11.0
[+] Percentage of apolar NIS residues: 42.79
[+] Percentage of charged NIS residues: 20.82
[++] Predicted binding affinity (kcal.mol-1):     -8.9
[++] Predicted dissociation constant (M) at 25.0˚C:  3.1e-07
",
166,NB_FP_0200.pdb,/teams/YingChiLab_1702378116/MaishaZhang/PPIFlow-main/output/final_flowpacked_designs/nanobody/NB_FP_0200.pdb,True,0,-8.9,3.2e-07,55,0.0,7.0,11.0,2.0,13.0,22.0,"[+] Executing 1 task(s) in total
##########################################
[+] Processing structure NB_FP_0200_model0
[+] No. of intermolecular contacts: 55
[+] No. of charged-charged contacts: 0.0
[+] No. of charged-polar contacts: 7.0
[+] No. of charged-apolar contacts: 11.0
[+] No. of polar-polar contacts: 2.0
[+] No. of apolar-polar contacts: 13.0
[+] No. of apolar-apolar contacts: 22.0
[+] Percentage of apolar NIS residues: 44.19
[+] Percentage of charged NIS residues: 18.00
[++] Predicted binding affinity (kcal.mol-1):     -8.9
[++] Predicted dissociation constant (M) at 25.0˚C:  3.2e-07
",
167,NB_FP_0067.pdb,/teams/YingChiLab_1702378116/MaishaZhang/PPIFlow-main/output/final_flowpacked_designs/nanobody/NB_FP_0067.pdb,True,0,-8.9,3.0e-07,45,0.0,2.0,11.0,4.0,15.0,13.0,"[+] Executing 1 task(s) in total
##########################################
[+] Processing structure NB_FP_0067_model0
[+] No. of intermolecular contacts: 45
[+] No. of charged-charged contacts: 0.0
[+] No. of charged-polar contacts: 2.0
[+] No. of charged-apolar contacts: 11.0
[+] No. of polar-polar contacts: 4.0
[+] No. of apolar-polar contacts: 15.0
[+] No. of apolar-apolar contacts: 13.0
[+] Percentage of apolar NIS residues: 43.96
[+] Percentage of charged NIS residues: 18.45
[++] Predicted binding affinity (kcal.mol-1):     -8.9
[++] Predicted dissociation constant (M) at 25.0˚C:  3.0e-07
",
168,NB_FP_0058.pdb,/teams/YingChiLab_1702378116/MaishaZhang/PPIFlow-main/output/final_flowpacked_designs/nanobody/NB_FP_0058.pdb,True,0,-8.9,2.7e-07,54,2.0,1.0,9.0,4.0,15.0,23.0,"[+] Executing 1 task(s) in total
##########################################
[+] Processing structure NB_FP_0058_model0
[+] No. of intermolecular contacts: 54
[+] No. of charged-charged contacts: 2.0
[+] No. of charged-polar contacts: 1.0
[+] No. of charged-apolar contacts: 9.0
[+] No. of polar-polar contacts: 4.0
[+] No. of apolar-polar contacts: 15.0
[+] No. of apolar-apolar contacts: 23.0
[+] Percentage of apolar NIS residues: 43.54
[+] Percentage of charged NIS residues: 18.59
[++] Predicted binding affinity (kcal.mol-1):     -8.9
[++] Predicted dissociation constant (M) at 25.0˚C:  2.7e-07
",
169,NB_FP_0059.pdb,/teams/YingChiLab_1702378116/MaishaZhang/PPIFlow-main/output/final_flowpacked_designs/nanobody/NB_FP_0059.pdb,True,0,-8.8,3.7e-07,36,0.0,1.0,7.0,2.0,14.0,12.0,"[+] Executing 1 task(s) in total
##########################################
[+] Processing structure NB_FP_0059_model0
[+] No. of intermolecular contacts: 36
[+] No. of charged-charged contacts: 0.0
[+] No. of charged-polar contacts: 1.0
[+] No. of charged-apolar contacts: 7.0
[+] No. of polar-polar contacts: 2.0
[+] No. of apolar-polar contacts: 14.0
[+] No. of apolar-apolar contacts: 12.0
[+] Percentage of apolar NIS residues: 43.31
[+] Percentage of charged NIS residues: 18.59
[++] Predicted binding affinity (kcal.mol-1):     -8.8
[++] Predicted dissociation constant (M) at 25.0˚C:  3.7e-07
",
170,NB_FP_0043.pdb,/teams/YingChiLab_1702378116/MaishaZhang/PPIFlow-main/output/final_flowpacked_designs/nanobody/NB_FP_0043.pdb,True,0,-8.8,3.6e-07,63,0.0,3.0,15.0,1.0,10.0,34.0,"[+] Executing 1 task(s) in total
##########################################
[+] Processing structure NB_FP_0043_model0
[+] No. of intermolecular contacts: 63
[+] No. of charged-charged contacts: 0.0
[+] No. of charged-polar contacts: 3.0
[+] No. of charged-apolar contacts: 15.0
[+] No. of polar-polar contacts: 1.0
[+] No. of apolar-polar contacts: 10.0
[+] No. of apolar-apolar contacts: 34.0
[+] Percentage of apolar NIS residues: 43.49
[+] Percentage of charged NIS residues: 18.84
[++] Predicted binding affinity (kcal.mol-1):     -8.8
[++] Predicted dissociation constant (M) at 25.0˚C:  3.6e-07
",
171,NB_FP_0246.pdb,/teams/YingChiLab_1702378116/MaishaZhang/PPIFlow-main/output/final_flowpacked_designs/nanobody/NB_FP_0246.pdb,True,0,-8.8,3.6e-07,45,4.0,11.0,9.0,1.0,11.0,9.0,"[+] Executing 1 task(s) in total
##########################################
[+] Processing structure NB_FP_0246_model0
[+] No. of intermolecular contacts: 45
[+] No. of charged-charged contacts: 4.0
[+] No. of charged-polar contacts: 11.0
[+] No. of charged-apolar contacts: 9.0
[+] No. of polar-polar contacts: 1.0
[+] No. of apolar-polar contacts: 11.0
[+] No. of apolar-apolar contacts: 9.0
[+] Percentage of apolar NIS residues: 42.99
[+] Percentage of charged NIS residues: 19.54
[++] Predicted binding affinity (kcal.mol-1):     -8.8
[++] Predicted dissociation constant (M) at 25.0˚C:  3.6e-07
",
172,NB_FP_0270.pdb,/teams/YingChiLab_1702378116/MaishaZhang/PPIFlow-main/output/final_flowpacked_designs/nanobody/NB_FP_0270.pdb,True,0,-8.8,3.7e-07,53,1.0,2.0,8.0,5.0,16.0,21.0,"[+] Executing 1 task(s) in total
##########################################
[+] Processing structure NB_FP_0270_model0
[+] No. of intermolecular contacts: 53
[+] No. of charged-charged contacts: 1.0
[+] No. of charged-polar contacts: 2.0
[+] No. of charged-apolar contacts: 8.0
[+] No. of polar-polar contacts: 5.0
[+] No. of apolar-polar contacts: 16.0
[+] No. of apolar-apolar contacts: 21.0
[+] Percentage of apolar NIS residues: 43.49
[+] Percentage of charged NIS residues: 18.84
[++] Predicted binding affinity (kcal.mol-1):     -8.8
[++] Predicted dissociation constant (M) at 25.0˚C:  3.7e-07
",
173,NB_FP_0279.pdb,/teams/YingChiLab_1702378116/MaishaZhang/PPIFlow-main/output/final_flowpacked_designs/nanobody/NB_FP_0279.pdb,True,0,-8.8,3.6e-07,47,0.0,4.0,2.0,6.0,20.0,15.0,"[+] Executing 1 task(s) in total
##########################################
[+] Processing structure NB_FP_0279_model0
[+] No. of intermolecular contacts: 47
[+] No. of charged-charged contacts: 0.0
[+] No. of charged-polar contacts: 4.0
[+] No. of charged-apolar contacts: 2.0
[+] No. of polar-polar contacts: 6.0
[+] No. of apolar-polar contacts: 20.0
[+] No. of apolar-apolar contacts: 15.0
[+] Percentage of apolar NIS residues: 43.81
[+] Percentage of charged NIS residues: 18.35
[++] Predicted binding affinity (kcal.mol-1):     -8.8
[++] Predicted dissociation constant (M) at 25.0˚C:  3.6e-07
",
174,NB_FP_0031.pdb,/teams/YingChiLab_1702378116/MaishaZhang/PPIFlow-main/output/final_flowpacked_designs/nanobody/NB_FP_0031.pdb,True,0,-8.8,3.3e-07,40,4.0,3.0,11.0,3.0,12.0,7.0,"[+] Executing 1 task(s) in total
##########################################
[+] Processing structure NB_FP_0031_model0
[+] No. of intermolecular contacts: 40
[+] No. of charged-charged contacts: 4.0
[+] No. of charged-polar contacts: 3.0
[+] No. of charged-apolar contacts: 11.0
[+] No. of polar-polar contacts: 3.0
[+] No. of apolar-polar contacts: 12.0
[+] No. of apolar-apolar contacts: 7.0
[+] Percentage of apolar NIS residues: 43.42
[+] Percentage of charged NIS residues: 18.94
[++] Predicted binding affinity (kcal.mol-1):     -8.8
[++] Predicted dissociation constant (M) at 25.0˚C:  3.3e-07
",
175,NB_FP_0026.pdb,/teams/YingChiLab_1702378116/MaishaZhang/PPIFlow-main/output/final_flowpacked_designs/nanobody/NB_FP_0026.pdb,True,0,-8.8,3.8e-07,45,2.0,7.0,10.0,6.0,16.0,4.0,"[+] Executing 1 task(s) in total
##########################################
[+] Processing structure NB_FP_0026_model0
[+] No. of intermolecular contacts: 45
[+] No. of charged-charged contacts: 2.0
[+] No. of charged-polar contacts: 7.0
[+] No. of charged-apolar contacts: 10.0
[+] No. of polar-polar contacts: 6.0
[+] No. of apolar-polar contacts: 16.0
[+] No. of apolar-apolar contacts: 4.0
[+] Percentage of apolar NIS residues: 43.75
[+] Percentage of charged NIS residues: 19.21
[++] Predicted binding affinity (kcal.mol-1):     -8.8
[++] Predicted dissociation constant (M) at 25.0˚C:  3.8e-07
",
176,NB_FP_0172.pdb,/teams/YingChiLab_1702378116/MaishaZhang/PPIFlow-main/output/final_flowpacked_designs/nanobody/NB_FP_0172.pdb,True,0,-8.8,3.4e-07,51,0.0,3.0,10.0,1.0,12.0,25.0,"[+] Executing 1 task(s) in total
##########################################
[+] Processing structure NB_FP_0172_model0
[+] No. of intermolecular contacts: 51
[+] No. of charged-charged contacts: 0.0
[+] No. of charged-polar contacts: 3.0
[+] No. of charged-apolar contacts: 10.0
[+] No. of polar-polar contacts: 1.0
[+] No. of apolar-polar contacts: 12.0
[+] No. of apolar-apolar contacts: 25.0
[+] Percentage of apolar NIS residues: 43.52
[+] Percentage of charged NIS residues: 18.29
[++] Predicted binding affinity (kcal.mol-1):     -8.8
[++] Predicted dissociation constant (M) at 25.0˚C:  3.4e-07
",
177,NB_FP_0110.pdb,/teams/YingChiLab_1702378116/MaishaZhang/PPIFlow-main/output/final_flowpacked_designs/nanobody/NB_FP_0110.pdb,True,0,-8.8,3.6e-07,43,4.0,4.0,7.0,3.0,13.0,12.0,"[+] Executing 1 task(s) in total
##########################################
[+] Processing structure NB_FP_0110_model0
[+] No. of intermolecular contacts: 43
[+] No. of charged-charged contacts: 4.0
[+] No. of charged-polar contacts: 4.0
[+] No. of charged-apolar contacts: 7.0
[+] No. of polar-polar contacts: 3.0
[+] No. of apolar-polar contacts: 13.0
[+] No. of apolar-apolar contacts: 12.0
[+] Percentage of apolar NIS residues: 43.05
[+] Percentage of charged NIS residues: 18.45
[++] Predicted binding affinity (kcal.mol-1):     -8.8
[++] Predicted dissociation constant (M) at 25.0˚C:  3.6e-07
",
178,NB_FP_0282.pdb,/teams/YingChiLab_1702378116/MaishaZhang/PPIFlow-main/output/final_flowpacked_designs/nanobody/NB_FP_0282.pdb,True,0,-8.8,3.3e-07,44,2.0,4.0,9.0,2.0,14.0,13.0,"[+] Executing 1 task(s) in total
##########################################
[+] Processing structure NB_FP_0282_model0
[+] No. of intermolecular contacts: 44
[+] No. of charged-charged contacts: 2.0
[+] No. of charged-polar contacts: 4.0
[+] No. of charged-apolar contacts: 9.0
[+] No. of polar-polar contacts: 2.0
[+] No. of apolar-polar contacts: 14.0
[+] No. of apolar-apolar contacts: 13.0
[+] Percentage of apolar NIS residues: 44.93
[+] Percentage of charged NIS residues: 18.66
[++] Predicted binding affinity (kcal.mol-1):     -8.8
[++] Predicted dissociation constant (M) at 25.0˚C:  3.3e-07
",
179,NB_FP_0069.pdb,/teams/YingChiLab_1702378116/MaishaZhang/PPIFlow-main/output/final_flowpacked_designs/nanobody/NB_FP_0069.pdb,True,0,-8.8,3.4e-07,51,1.0,3.0,8.0,3.0,15.0,21.0,"[+] Executing 1 task(s) in total
##########################################
[+] Processing structure NB_FP_0069_model0
[+] No. of intermolecular contacts: 51
[+] No. of charged-charged contacts: 1.0
[+] No. of charged-polar contacts: 3.0
[+] No. of charged-apolar contacts: 8.0
[+] No. of polar-polar contacts: 3.0
[+] No. of apolar-polar contacts: 15.0
[+] No. of apolar-apolar contacts: 21.0
[+] Percentage of apolar NIS residues: 44.08
[+] Percentage of charged NIS residues: 18.79
[++] Predicted binding affinity (kcal.mol-1):     -8.8
[++] Predicted dissociation constant (M) at 25.0˚C:  3.4e-07
",
180,NB_FP_0219.pdb,/teams/YingChiLab_1702378116/MaishaZhang/PPIFlow-main/output/final_flowpacked_designs/nanobody/NB_FP_0219.pdb,True,0,-8.7,4.0e-07,49,2.0,7.0,11.0,4.0,13.0,12.0,"[+] Executing 1 task(s) in total
##########################################
[+] Processing structure NB_FP_0219_model0
[+] No. of intermolecular contacts: 49
[+] No. of charged-charged contacts: 2.0
[+] No. of charged-polar contacts: 7.0
[+] No. of charged-apolar contacts: 11.0
[+] No. of polar-polar contacts: 4.0
[+] No. of apolar-polar contacts: 13.0
[+] No. of apolar-apolar contacts: 12.0
[+] Percentage of apolar NIS residues: 43.26
[+] Percentage of charged NIS residues: 18.84
[++] Predicted binding affinity (kcal.mol-1):     -8.7
[++] Predicted dissociation constant (M) at 25.0˚C:  4.0e-07
",
181,NB_FP_0228.pdb,/teams/YingChiLab_1702378116/MaishaZhang/PPIFlow-main/output/final_flowpacked_designs/nanobody/NB_FP_0228.pdb,True,0,-8.7,4.0e-07,49,1.0,6.0,7.0,5.0,16.0,14.0,"[+] Executing 1 task(s) in total
##########################################
[+] Processing structure NB_FP_0228_model0
[+] No. of intermolecular contacts: 49
[+] No. of charged-charged contacts: 1.0
[+] No. of charged-polar contacts: 6.0
[+] No. of charged-apolar contacts: 7.0
[+] No. of polar-polar contacts: 5.0
[+] No. of apolar-polar contacts: 16.0
[+] No. of apolar-apolar contacts: 14.0
[+] Percentage of apolar NIS residues: 43.38
[+] Percentage of charged NIS residues: 18.49
[++] Predicted binding affinity (kcal.mol-1):     -8.7
[++] Predicted dissociation constant (M) at 25.0˚C:  4.0e-07
",
182,NB_FP_0288.pdb,/teams/YingChiLab_1702378116/MaishaZhang/PPIFlow-main/output/final_flowpacked_designs/nanobody/NB_FP_0288.pdb,True,0,-8.7,4.5e-07,54,2.0,7.0,10.0,2.0,12.0,21.0,"[+] Executing 1 task(s) in total
##########################################
[+] Processing structure NB_FP_0288_model0
[+] No. of intermolecular contacts: 54
[+] No. of charged-charged contacts: 2.0
[+] No. of charged-polar contacts: 7.0
[+] No. of charged-apolar contacts: 10.0
[+] No. of polar-polar contacts: 2.0
[+] No. of apolar-polar contacts: 12.0
[+] No. of apolar-apolar contacts: 21.0
[+] Percentage of apolar NIS residues: 44.19
[+] Percentage of charged NIS residues: 18.45
[++] Predicted binding affinity (kcal.mol-1):     -8.7
[++] Predicted dissociation constant (M) at 25.0˚C:  4.5e-07
",
183,NB_FP_0138.pdb,/teams/YingChiLab_1702378116/MaishaZhang/PPIFlow-main/output/final_flowpacked_designs/nanobody/NB_FP_0138.pdb,True,0,-8.7,4.3e-07,46,2.0,7.0,11.0,2.0,11.0,13.0,"[+] Executing 1 task(s) in total
##########################################
[+] Processing structure NB_FP_0138_model0
[+] No. of intermolecular contacts: 46
[+] No. of charged-charged contacts: 2.0
[+] No. of charged-polar contacts: 7.0
[+] No. of charged-apolar contacts: 11.0
[+] No. of polar-polar contacts: 2.0
[+] No. of apolar-polar contacts: 11.0
[+] No. of apolar-apolar contacts: 13.0
[+] Percentage of apolar NIS residues: 42.69
[+] Percentage of charged NIS residues: 19.41
[++] Predicted binding affinity (kcal.mol-1):     -8.7
[++] Predicted dissociation constant (M) at 25.0˚C:  4.3e-07
",
184,NB_FP_0028.pdb,/teams/YingChiLab_1702378116/MaishaZhang/PPIFlow-main/output/final_flowpacked_designs/nanobody/NB_FP_0028.pdb,True,0,-8.7,4.2e-07,54,1.0,4.0,4.0,8.0,20.0,17.0,"[+] Executing 1 task(s) in total
##########################################
[+] Processing structure NB_FP_0028_model0
[+] No. of intermolecular contacts: 54
[+] No. of charged-charged contacts: 1.0
[+] No. of charged-polar contacts: 4.0
[+] No. of charged-apolar contacts: 4.0
[+] No. of polar-polar contacts: 8.0
[+] No. of apolar-polar contacts: 20.0
[+] No. of apolar-apolar contacts: 17.0
[+] Percentage of apolar NIS residues: 43.52
[+] Percentage of charged NIS residues: 18.75
[++] Predicted binding affinity (kcal.mol-1):     -8.7
[++] Predicted dissociation constant (M) at 25.0˚C:  4.2e-07
",
185,NB_FP_0032.pdb,/teams/YingChiLab_1702378116/MaishaZhang/PPIFlow-main/output/final_flowpacked_designs/nanobody/NB_FP_0032.pdb,True,0,-8.7,4.3e-07,50,0.0,3.0,4.0,7.0,20.0,16.0,"[+] Executing 1 task(s) in total
##########################################
[+] Processing structure NB_FP_0032_model0
[+] No. of intermolecular contacts: 50
[+] No. of charged-charged contacts: 0.0
[+] No. of charged-polar contacts: 3.0
[+] No. of charged-apolar contacts: 4.0
[+] No. of polar-polar contacts: 7.0
[+] No. of apolar-polar contacts: 20.0
[+] No. of apolar-apolar contacts: 16.0
[+] Percentage of apolar NIS residues: 44.44
[+] Percentage of charged NIS residues: 18.29
[++] Predicted binding affinity (kcal.mol-1):     -8.7
[++] Predicted dissociation constant (M) at 25.0˚C:  4.3e-07
",
186,NB_FP_0197.pdb,/teams/YingChiLab_1702378116/MaishaZhang/PPIFlow-main/output/final_flowpacked_designs/nanobody/NB_FP_0197.pdb,True,0,-8.7,3.9e-07,55,3.0,7.0,18.0,0.0,6.0,21.0,"[+] Executing 1 task(s) in total
##########################################
[+] Processing structure NB_FP_0197_model0
[+] No. of intermolecular contacts: 55
[+] No. of charged-charged contacts: 3.0
[+] No. of charged-polar contacts: 7.0
[+] No. of charged-apolar contacts: 18.0
[+] No. of polar-polar contacts: 0.0
[+] No. of apolar-polar contacts: 6.0
[+] No. of apolar-apolar contacts: 21.0
[+] Percentage of apolar NIS residues: 43.08
[+] Percentage of charged NIS residues: 18.82
[++] Predicted binding affinity (kcal.mol-1):     -8.7
[++] Predicted dissociation constant (M) at 25.0˚C:  3.9e-07
",
187,NB_FP_0192.pdb,/teams/YingChiLab_1702378116/MaishaZhang/PPIFlow-main/output/final_flowpacked_designs/nanobody/NB_FP_0192.pdb,True,0,-8.7,4.5e-07,47,4.0,3.0,9.0,1.0,11.0,19.0,"[+] Executing 1 task(s) in total
##########################################
[+] Processing structure NB_FP_0192_model0
[+] No. of intermolecular contacts: 47
[+] No. of charged-charged contacts: 4.0
[+] No. of charged-polar contacts: 3.0
[+] No. of charged-apolar contacts: 9.0
[+] No. of polar-polar contacts: 1.0
[+] No. of apolar-polar contacts: 11.0
[+] No. of apolar-apolar contacts: 19.0
[+] Percentage of apolar NIS residues: 43.94
[+] Percentage of charged NIS residues: 19.22
[++] Predicted binding affinity (kcal.mol-1):     -8.7
[++] Predicted dissociation constant (M) at 25.0˚C:  4.5e-07
",
188,NB_FP_0010.pdb,/teams/YingChiLab_1702378116/MaishaZhang/PPIFlow-main/output/final_flowpacked_designs/nanobody/NB_FP_0010.pdb,True,0,-8.7,4.1e-07,46,1.0,5.0,7.0,3.0,15.0,15.0,"[+] Executing 1 task(s) in total
##########################################
[+] Processing structure NB_FP_0010_model0
[+] No. of intermolecular contacts: 46
[+] No. of charged-charged contacts: 1.0
[+] No. of charged-polar contacts: 5.0
[+] No. of charged-apolar contacts: 7.0
[+] No. of polar-polar contacts: 3.0
[+] No. of apolar-polar contacts: 15.0
[+] No. of apolar-apolar contacts: 15.0
[+] Percentage of apolar NIS residues: 44.24
[+] Percentage of charged NIS residues: 18.66
[++] Predicted binding affinity (kcal.mol-1):     -8.7
[++] Predicted dissociation constant (M) at 25.0˚C:  4.1e-07
",
189,NB_FP_0185.pdb,/teams/YingChiLab_1702378116/MaishaZhang/PPIFlow-main/output/final_flowpacked_designs/nanobody/NB_FP_0185.pdb,True,0,-8.7,4.4e-07,37,2.0,7.0,10.0,0.0,10.0,8.0,"[+] Executing 1 task(s) in total
##########################################
[+] Processing structure NB_FP_0185_model0
[+] No. of intermolecular contacts: 37
[+] No. of charged-charged contacts: 2.0
[+] No. of charged-polar contacts: 7.0
[+] No. of charged-apolar contacts: 10.0
[+] No. of polar-polar contacts: 0.0
[+] No. of apolar-polar contacts: 10.0
[+] No. of apolar-apolar contacts: 8.0
[+] Percentage of apolar NIS residues: 44.39
[+] Percentage of charged NIS residues: 17.71
[++] Predicted binding affinity (kcal.mol-1):     -8.7
[++] Predicted dissociation constant (M) at 25.0˚C:  4.4e-07
",
190,NB_FP_0061.pdb,/teams/YingChiLab_1702378116/MaishaZhang/PPIFlow-main/output/final_flowpacked_designs/nanobody/NB_FP_0061.pdb,True,0,-8.7,4.4e-07,37,4.0,7.0,14.0,1.0,8.0,3.0,"[+] Executing 1 task(s) in total
##########################################
[+] Processing structure NB_FP_0061_model0
[+] No. of intermolecular contacts: 37
[+] No. of charged-charged contacts: 4.0
[+] No. of charged-polar contacts: 7.0
[+] No. of charged-apolar contacts: 14.0
[+] No. of polar-polar contacts: 1.0
[+] No. of apolar-polar contacts: 8.0
[+] No. of apolar-apolar contacts: 3.0
[+] Percentage of apolar NIS residues: 43.32
[+] Percentage of charged NIS residues: 18.66
[++] Predicted binding affinity (kcal.mol-1):     -8.7
[++] Predicted dissociation constant (M) at 25.0˚C:  4.4e-07
",
191,NB_FP_0255.pdb,/teams/YingChiLab_1702378116/MaishaZhang/PPIFlow-main/output/final_flowpacked_designs/nanobody/NB_FP_0255.pdb,True,0,-8.7,4.4e-07,51,3.0,7.0,13.0,4.0,12.0,12.0,"[+] Executing 1 task(s) in total
##########################################
[+] Processing structure NB_FP_0255_model0
[+] No. of intermolecular contacts: 51
[+] No. of charged-charged contacts: 3.0
[+] No. of charged-polar contacts: 7.0
[+] No. of charged-apolar contacts: 13.0
[+] No. of polar-polar contacts: 4.0
[+] No. of apolar-polar contacts: 12.0
[+] No. of apolar-apolar contacts: 12.0
[+] Percentage of apolar NIS residues: 43.58
[+] Percentage of charged NIS residues: 19.27
[++] Predicted binding affinity (kcal.mol-1):     -8.7
[++] Predicted dissociation constant (M) at 25.0˚C:  4.4e-07
",
192,NB_FP_0050.pdb,/teams/YingChiLab_1702378116/MaishaZhang/PPIFlow-main/output/final_flowpacked_designs/nanobody/NB_FP_0050.pdb,True,0,-8.6,5.0e-07,59,1.0,8.0,8.0,4.0,15.0,23.0,"[+] Executing 1 task(s) in total
##########################################
[+] Processing structure NB_FP_0050_model0
[+] No. of intermolecular contacts: 59
[+] No. of charged-charged contacts: 1.0
[+] No. of charged-polar contacts: 8.0
[+] No. of charged-apolar contacts: 8.0
[+] No. of polar-polar contacts: 4.0
[+] No. of apolar-polar contacts: 15.0
[+] No. of apolar-apolar contacts: 23.0
[+] Percentage of apolar NIS residues: 44.55
[+] Percentage of charged NIS residues: 18.41
[++] Predicted binding affinity (kcal.mol-1):     -8.6
[++] Predicted dissociation constant (M) at 25.0˚C:  5.0e-07
",
193,NB_FP_0232.pdb,/teams/YingChiLab_1702378116/MaishaZhang/PPIFlow-main/output/final_flowpacked_designs/nanobody/NB_FP_0232.pdb,True,0,-8.6,5.3e-07,44,1.0,7.0,8.0,4.0,14.0,10.0,"[+] Executing 1 task(s) in total
##########################################
[+] Processing structure NB_FP_0232_model0
[+] No. of intermolecular contacts: 44
[+] No. of charged-charged contacts: 1.0
[+] No. of charged-polar contacts: 7.0
[+] No. of charged-apolar contacts: 8.0
[+] No. of polar-polar contacts: 4.0
[+] No. of apolar-polar contacts: 14.0
[+] No. of apolar-apolar contacts: 10.0
[+] Percentage of apolar NIS residues: 43.02
[+] Percentage of charged NIS residues: 19.07
[++] Predicted binding affinity (kcal.mol-1):     -8.6
[++] Predicted dissociation constant (M) at 25.0˚C:  5.3e-07
",
194,NB_FP_0048.pdb,/teams/YingChiLab_1702378116/MaishaZhang/PPIFlow-main/output/final_flowpacked_designs/nanobody/NB_FP_0048.pdb,True,0,-8.6,4.7e-07,42,1.0,3.0,6.0,4.0,15.0,13.0,"[+] Executing 1 task(s) in total
##########################################
[+] Processing structure NB_FP_0048_model0
[+] No. of intermolecular contacts: 42
[+] No. of charged-charged contacts: 1.0
[+] No. of charged-polar contacts: 3.0
[+] No. of charged-apolar contacts: 6.0
[+] No. of polar-polar contacts: 4.0
[+] No. of apolar-polar contacts: 15.0
[+] No. of apolar-apolar contacts: 13.0
[+] Percentage of apolar NIS residues: 43.38
[+] Percentage of charged NIS residues: 18.26
[++] Predicted binding affinity (kcal.mol-1):     -8.6
[++] Predicted dissociation constant (M) at 25.0˚C:  4.7e-07
",
195,NB_FP_0066.pdb,/teams/YingChiLab_1702378116/MaishaZhang/PPIFlow-main/output/final_flowpacked_designs/nanobody/NB_FP_0066.pdb,True,0,-8.6,4.8e-07,42,0.0,1.0,6.0,4.0,16.0,15.0,"[+] Executing 1 task(s) in total
##########################################
[+] Processing structure NB_FP_0066_model0
[+] No. of intermolecular contacts: 42
[+] No. of charged-charged contacts: 0.0
[+] No. of charged-polar contacts: 1.0
[+] No. of charged-apolar contacts: 6.0
[+] No. of polar-polar contacts: 4.0
[+] No. of apolar-polar contacts: 16.0
[+] No. of apolar-apolar contacts: 15.0
[+] Percentage of apolar NIS residues: 44.09
[+] Percentage of charged NIS residues: 18.41
[++] Predicted binding affinity (kcal.mol-1):     -8.6
[++] Predicted dissociation constant (M) at 25.0˚C:  4.8e-07
",
196,NB_FP_0252.pdb,/teams/YingChiLab_1702378116/MaishaZhang/PPIFlow-main/output/final_flowpacked_designs/nanobody/NB_FP_0252.pdb,True,0,-8.6,4.6e-07,62,3.0,8.0,9.0,8.0,17.0,17.0,"[+] Executing 1 task(s) in total
##########################################
[+] Processing structure NB_FP_0252_model0
[+] No. of intermolecular contacts: 62
[+] No. of charged-charged contacts: 3.0
[+] No. of charged-polar contacts: 8.0
[+] No. of charged-apolar contacts: 9.0
[+] No. of polar-polar contacts: 8.0
[+] No. of apolar-polar contacts: 17.0
[+] No. of apolar-apolar contacts: 17.0
[+] Percentage of apolar NIS residues: 43.84
[+] Percentage of charged NIS residues: 18.72
[++] Predicted binding affinity (kcal.mol-1):     -8.6
[++] Predicted dissociation constant (M) at 25.0˚C:  4.6e-07
",
197,NB_FP_0235.pdb,/teams/YingChiLab_1702378116/MaishaZhang/PPIFlow-main/output/final_flowpacked_designs/nanobody/NB_FP_0235.pdb,True,0,-8.6,4.6e-07,51,0.0,3.0,8.0,1.0,13.0,26.0,"[+] Executing 1 task(s) in total
##########################################
[+] Processing structure NB_FP_0235_model0
[+] No. of intermolecular contacts: 51
[+] No. of charged-charged contacts: 0.0
[+] No. of charged-polar contacts: 3.0
[+] No. of charged-apolar contacts: 8.0
[+] No. of polar-polar contacts: 1.0
[+] No. of apolar-polar contacts: 13.0
[+] No. of apolar-apolar contacts: 26.0
[+] Percentage of apolar NIS residues: 44.32
[+] Percentage of charged NIS residues: 18.64
[++] Predicted binding affinity (kcal.mol-1):     -8.6
[++] Predicted dissociation constant (M) at 25.0˚C:  4.6e-07
",
198,NB_FP_0273.pdb,/teams/YingChiLab_1702378116/MaishaZhang/PPIFlow-main/output/final_flowpacked_designs/nanobody/NB_FP_0273.pdb,True,0,-8.6,4.6e-07,48,2.0,6.0,16.0,1.0,9.0,14.0,"[+] Executing 1 task(s) in total
##########################################
[+] Processing structure NB_FP_0273_model0
[+] No. of intermolecular contacts: 48
[+] No. of charged-charged contacts: 2.0
[+] No. of charged-polar contacts: 6.0
[+] No. of charged-apolar contacts: 16.0
[+] No. of polar-polar contacts: 1.0
[+] No. of apolar-polar contacts: 9.0
[+] No. of apolar-apolar contacts: 14.0
[+] Percentage of apolar NIS residues: 44.24
[+] Percentage of charged NIS residues: 19.35
[++] Predicted binding affinity (kcal.mol-1):     -8.6
[++] Predicted dissociation constant (M) at 25.0˚C:  4.6e-07
",
199,NB_FP_0126.pdb,/teams/YingChiLab_1702378116/MaishaZhang/PPIFlow-main/output/final_flowpacked_designs/nanobody/NB_FP_0126.pdb,True,0,-8.6,4.7e-07,39,2.0,5.0,9.0,3.0,13.0,7.0,"[+] Executing 1 task(s) in total
##########################################
[+] Processing structure NB_FP_0126_model0
[+] No. of intermolecular contacts: 39
[+] No. of charged-charged contacts: 2.0
[+] No. of charged-polar contacts: 5.0
[+] No. of charged-apolar contacts: 9.0
[+] No. of polar-polar contacts: 3.0
[+] No. of apolar-polar contacts: 13.0
[+] No. of apolar-apolar contacts: 7.0
[+] Percentage of apolar NIS residues: 43.75
[+] Percentage of charged NIS residues: 18.75
[++] Predicted binding affinity (kcal.mol-1):     -8.6
[++] Predicted dissociation constant (M) at 25.0˚C:  4.7e-07
",
200,NB_FP_0195.pdb,/teams/YingChiLab_1702378116/MaishaZhang/PPIFlow-main/output/final_flowpacked_designs/nanobody/NB_FP_0195.pdb,True,0,-8.6,4.9e-07,43,0.0,3.0,6.0,5.0,16.0,13.0,"[+] Executing 1 task(s) in total
##########################################
[+] Processing structure NB_FP_0195_model0
[+] No. of intermolecular contacts: 43
[+] No. of charged-charged contacts: 0.0
[+] No. of charged-polar contacts: 3.0
[+] No. of charged-apolar contacts: 6.0
[+] No. of polar-polar contacts: 5.0
[+] No. of apolar-polar contacts: 16.0
[+] No. of apolar-apolar contacts: 13.0
[+] Percentage of apolar NIS residues: 43.05
[+] Percentage of charged NIS residues: 18.45
[++] Predicted binding affinity (kcal.mol-1):     -8.6
[++] Predicted dissociation constant (M) at 25.0˚C:  4.9e-07
",
201,NB_FP_0107.pdb,/teams/YingChiLab_1702378116/MaishaZhang/PPIFlow-main/output/final_flowpacked_designs/nanobody/NB_FP_0107.pdb,True,0,-8.6,4.8e-07,54,0.0,4.0,11.0,5.0,14.0,20.0,"[+] Executing 1 task(s) in total
##########################################
[+] Processing structure NB_FP_0107_model0
[+] No. of intermolecular contacts: 54
[+] No. of charged-charged contacts: 0.0
[+] No. of charged-polar contacts: 4.0
[+] No. of charged-apolar contacts: 11.0
[+] No. of polar-polar contacts: 5.0
[+] No. of apolar-polar contacts: 14.0
[+] No. of apolar-apolar contacts: 20.0
[+] Percentage of apolar NIS residues: 42.92
[+] Percentage of charged NIS residues: 18.87
[++] Predicted binding affinity (kcal.mol-1):     -8.6
[++] Predicted dissociation constant (M) at 25.0˚C:  4.8e-07
",
202,NB_FP_0025.pdb,/teams/YingChiLab_1702378116/MaishaZhang/PPIFlow-main/output/final_flowpacked_designs/nanobody/NB_FP_0025.pdb,True,0,-8.6,5.0e-07,51,1.0,7.0,5.0,6.0,17.0,15.0,"[+] Executing 1 task(s) in total
##########################################
[+] Processing structure NB_FP_0025_model0
[+] No. of intermolecular contacts: 51
[+] No. of charged-charged contacts: 1.0
[+] No. of charged-polar contacts: 7.0
[+] No. of charged-apolar contacts: 5.0
[+] No. of polar-polar contacts: 6.0
[+] No. of apolar-polar contacts: 17.0
[+] No. of apolar-apolar contacts: 15.0
[+] Percentage of apolar NIS residues: 43.35
[+] Percentage of charged NIS residues: 18.35
[++] Predicted binding affinity (kcal.mol-1):     -8.6
[++] Predicted dissociation constant (M) at 25.0˚C:  5.0e-07
",
203,NB_FP_0284.pdb,/teams/YingChiLab_1702378116/MaishaZhang/PPIFlow-main/output/final_flowpacked_designs/nanobody/NB_FP_0284.pdb,True,0,-8.6,4.8e-07,44,2.0,6.0,11.0,2.0,12.0,11.0,"[+] Executing 1 task(s) in total
##########################################
[+] Processing structure NB_FP_0284_model0
[+] No. of intermolecular contacts: 44
[+] No. of charged-charged contacts: 2.0
[+] No. of charged-polar contacts: 6.0
[+] No. of charged-apolar contacts: 11.0
[+] No. of polar-polar contacts: 2.0
[+] No. of apolar-polar contacts: 12.0
[+] No. of apolar-apolar contacts: 11.0
[+] Percentage of apolar NIS residues: 45.27
[+] Percentage of charged NIS residues: 18.01
[++] Predicted binding affinity (kcal.mol-1):     -8.6
[++] Predicted dissociation constant (M) at 25.0˚C:  4.8e-07
",
204,NB_FP_0293.pdb,/teams/YingChiLab_1702378116/MaishaZhang/PPIFlow-main/output/final_flowpacked_designs/nanobody/NB_FP_0293.pdb,True,0,-8.6,4.7e-07,65,2.0,3.0,6.0,8.0,19.0,27.0,"[+] Executing 1 task(s) in total
##########################################
[+] Processing structure NB_FP_0293_model0
[+] No. of intermolecular contacts: 65
[+] No. of charged-charged contacts: 2.0
[+] No. of charged-polar contacts: 3.0
[+] No. of charged-apolar contacts: 6.0
[+] No. of polar-polar contacts: 8.0
[+] No. of apolar-polar contacts: 19.0
[+] No. of apolar-apolar contacts: 27.0
[+] Percentage of apolar NIS residues: 44.32
[+] Percentage of charged NIS residues: 18.56
[++] Predicted binding affinity (kcal.mol-1):     -8.6
[++] Predicted dissociation constant (M) at 25.0˚C:  4.7e-07
",
205,NB_FP_0169.pdb,/teams/YingChiLab_1702378116/MaishaZhang/PPIFlow-main/output/final_flowpacked_designs/nanobody/NB_FP_0169.pdb,True,0,-8.6,4.7e-07,46,1.0,2.0,6.0,7.0,18.0,12.0,"[+] Executing 1 task(s) in total
##########################################
[+] Processing structure NB_FP_0169_model0
[+] No. of intermolecular contacts: 46
[+] No. of charged-charged contacts: 1.0
[+] No. of charged-polar contacts: 2.0
[+] No. of charged-apolar contacts: 6.0
[+] No. of polar-polar contacts: 7.0
[+] No. of apolar-polar contacts: 18.0
[+] No. of apolar-apolar contacts: 12.0
[+] Percentage of apolar NIS residues: 43.52
[+] Percentage of charged NIS residues: 18.75
[++] Predicted binding affinity (kcal.mol-1):     -8.6
[++] Predicted dissociation constant (M) at 25.0˚C:  4.7e-07
",
206,NB_FP_0292.pdb,/teams/YingChiLab_1702378116/MaishaZhang/PPIFlow-main/output/final_flowpacked_designs/nanobody/NB_FP_0292.pdb,True,0,-8.6,4.5e-07,43,0.0,5.0,3.0,5.0,18.0,12.0,"[+] Executing 1 task(s) in total
##########################################
[+] Processing structure NB_FP_0292_model0
[+] No. of intermolecular contacts: 43
[+] No. of charged-charged contacts: 0.0
[+] No. of charged-polar contacts: 5.0
[+] No. of charged-apolar contacts: 3.0
[+] No. of polar-polar contacts: 5.0
[+] No. of apolar-polar contacts: 18.0
[+] No. of apolar-apolar contacts: 12.0
[+] Percentage of apolar NIS residues: 43.75
[+] Percentage of charged NIS residues: 18.29
[++] Predicted binding affinity (kcal.mol-1):     -8.6
[++] Predicted dissociation constant (M) at 25.0˚C:  4.5e-07
",
207,NB_FP_0101.pdb,/teams/YingChiLab_1702378116/MaishaZhang/PPIFlow-main/output/final_flowpacked_designs/nanobody/NB_FP_0101.pdb,True,0,-8.5,5.9e-07,34,0.0,8.0,2.0,2.0,16.0,6.0,"[+] Executing 1 task(s) in total
##########################################
[+] Processing structure NB_FP_0101_model0
[+] No. of intermolecular contacts: 34
[+] No. of charged-charged contacts: 0.0
[+] No. of charged-polar contacts: 8.0
[+] No. of charged-apolar contacts: 2.0
[+] No. of polar-polar contacts: 2.0
[+] No. of apolar-polar contacts: 16.0
[+] No. of apolar-apolar contacts: 6.0
[+] Percentage of apolar NIS residues: 44.29
[+] Percentage of charged NIS residues: 18.95
[++] Predicted binding affinity (kcal.mol-1):     -8.5
[++] Predicted dissociation constant (M) at 25.0˚C:  5.9e-07
",
208,NB_FP_0097.pdb,/teams/YingChiLab_1702378116/MaishaZhang/PPIFlow-main/output/final_flowpacked_designs/nanobody/NB_FP_0097.pdb,True,0,-8.5,5.5e-07,43,0.0,5.0,7.0,3.0,14.0,14.0,"[+] Executing 1 task(s) in total
##########################################
[+] Processing structure NB_FP_0097_model0
[+] No. of intermolecular contacts: 43
[+] No. of charged-charged contacts: 0.0
[+] No. of charged-polar contacts: 5.0
[+] No. of charged-apolar contacts: 7.0
[+] No. of polar-polar contacts: 3.0
[+] No. of apolar-polar contacts: 14.0
[+] No. of apolar-apolar contacts: 14.0
[+] Percentage of apolar NIS residues: 43.49
[+] Percentage of charged NIS residues: 18.60
[++] Predicted binding affinity (kcal.mol-1):     -8.5
[++] Predicted dissociation constant (M) at 25.0˚C:  5.5e-07
",
209,NB_FP_0091.pdb,/teams/YingChiLab_1702378116/MaishaZhang/PPIFlow-main/output/final_flowpacked_designs/nanobody/NB_FP_0091.pdb,True,0,-8.5,6.0e-07,46,0.0,5.0,6.0,6.0,17.0,12.0,"[+] Executing 1 task(s) in total
##########################################
[+] Processing structure NB_FP_0091_model0
[+] No. of intermolecular contacts: 46
[+] No. of charged-charged contacts: 0.0
[+] No. of charged-polar contacts: 5.0
[+] No. of charged-apolar contacts: 6.0
[+] No. of polar-polar contacts: 6.0
[+] No. of apolar-polar contacts: 17.0
[+] No. of apolar-apolar contacts: 12.0
[+] Percentage of apolar NIS residues: 43.72
[+] Percentage of charged NIS residues: 18.60
[++] Predicted binding affinity (kcal.mol-1):     -8.5
[++] Predicted dissociation constant (M) at 25.0˚C:  6.0e-07
",
210,NB_FP_0283.pdb,/teams/YingChiLab_1702378116/MaishaZhang/PPIFlow-main/output/final_flowpacked_designs/nanobody/NB_FP_0283.pdb,True,0,-8.5,6.0e-07,52,0.0,7.0,5.0,6.0,17.0,17.0,"[+] Executing 1 task(s) in total
##########################################
[+] Processing structure NB_FP_0283_model0
[+] No. of intermolecular contacts: 52
[+] No. of charged-charged contacts: 0.0
[+] No. of charged-polar contacts: 7.0
[+] No. of charged-apolar contacts: 5.0
[+] No. of polar-polar contacts: 6.0
[+] No. of apolar-polar contacts: 17.0
[+] No. of apolar-apolar contacts: 17.0
[+] Percentage of apolar NIS residues: 43.22
[+] Percentage of charged NIS residues: 18.62
[++] Predicted binding affinity (kcal.mol-1):     -8.5
[++] Predicted dissociation constant (M) at 25.0˚C:  6.0e-07
",
211,NB_FP_0012.pdb,/teams/YingChiLab_1702378116/MaishaZhang/PPIFlow-main/output/final_flowpacked_designs/nanobody/NB_FP_0012.pdb,True,0,-8.5,5.4e-07,41,2.0,7.0,4.0,5.0,16.0,7.0,"[+] Executing 1 task(s) in total
##########################################
[+] Processing structure NB_FP_0012_model0
[+] No. of intermolecular contacts: 41
[+] No. of charged-charged contacts: 2.0
[+] No. of charged-polar contacts: 7.0
[+] No. of charged-apolar contacts: 4.0
[+] No. of polar-polar contacts: 5.0
[+] No. of apolar-polar contacts: 16.0
[+] No. of apolar-apolar contacts: 7.0
[+] Percentage of apolar NIS residues: 43.32
[+] Percentage of charged NIS residues: 18.43
[++] Predicted binding affinity (kcal.mol-1):     -8.5
[++] Predicted dissociation constant (M) at 25.0˚C:  5.4e-07
",
212,NB_FP_0187.pdb,/teams/YingChiLab_1702378116/MaishaZhang/PPIFlow-main/output/final_flowpacked_designs/nanobody/NB_FP_0187.pdb,True,0,-8.5,6.2e-07,48,1.0,5.0,7.0,5.0,15.0,15.0,"[+] Executing 1 task(s) in total
##########################################
[+] Processing structure NB_FP_0187_model0
[+] No. of intermolecular contacts: 48
[+] No. of charged-charged contacts: 1.0
[+] No. of charged-polar contacts: 5.0
[+] No. of charged-apolar contacts: 7.0
[+] No. of polar-polar contacts: 5.0
[+] No. of apolar-polar contacts: 15.0
[+] No. of apolar-apolar contacts: 15.0
[+] Percentage of apolar NIS residues: 43.12
[+] Percentage of charged NIS residues: 19.11
[++] Predicted binding affinity (kcal.mol-1):     -8.5
[++] Predicted dissociation constant (M) at 25.0˚C:  6.2e-07
",
213,NB_FP_0166.pdb,/teams/YingChiLab_1702378116/MaishaZhang/PPIFlow-main/output/final_flowpacked_designs/nanobody/NB_FP_0166.pdb,True,0,-8.5,5.4e-07,58,0.0,8.0,5.0,6.0,17.0,22.0,"[+] Executing 1 task(s) in total
##########################################
[+] Processing structure NB_FP_0166_model0
[+] No. of intermolecular contacts: 58
[+] No. of charged-charged contacts: 0.0
[+] No. of charged-polar contacts: 8.0
[+] No. of charged-apolar contacts: 5.0
[+] No. of polar-polar contacts: 6.0
[+] No. of apolar-polar contacts: 17.0
[+] No. of apolar-apolar contacts: 22.0
[+] Percentage of apolar NIS residues: 42.89
[+] Percentage of charged NIS residues: 18.58
[++] Predicted binding affinity (kcal.mol-1):     -8.5
[++] Predicted dissociation constant (M) at 25.0˚C:  5.4e-07
",
214,NB_FP_0035.pdb,/teams/YingChiLab_1702378116/MaishaZhang/PPIFlow-main/output/final_flowpacked_designs/nanobody/NB_FP_0035.pdb,True,0,-8.5,5.6e-07,31,1.0,4.0,8.0,3.0,13.0,2.0,"[+] Executing 1 task(s) in total
##########################################
[+] Processing structure NB_FP_0035_model0
[+] No. of intermolecular contacts: 31
[+] No. of charged-charged contacts: 1.0
[+] No. of charged-polar contacts: 4.0
[+] No. of charged-apolar contacts: 8.0
[+] No. of polar-polar contacts: 3.0
[+] No. of apolar-polar contacts: 13.0
[+] No. of apolar-apolar contacts: 2.0
[+] Percentage of apolar NIS residues: 43.22
[+] Percentage of charged NIS residues: 18.85
[++] Predicted binding affinity (kcal.mol-1):     -8.5
[++] Predicted dissociation constant (M) at 25.0˚C:  5.6e-07
",
215,NB_FP_0243.pdb,/teams/YingChiLab_1702378116/MaishaZhang/PPIFlow-main/output/final_flowpacked_designs/nanobody/NB_FP_0243.pdb,True,0,-8.5,6.1e-07,52,1.0,6.0,4.0,7.0,18.0,16.0,"[+] Executing 1 task(s) in total
##########################################
[+] Processing structure NB_FP_0243_model0
[+] No. of intermolecular contacts: 52
[+] No. of charged-charged contacts: 1.0
[+] No. of charged-polar contacts: 6.0
[+] No. of charged-apolar contacts: 4.0
[+] No. of polar-polar contacts: 7.0
[+] No. of apolar-polar contacts: 18.0
[+] No. of apolar-apolar contacts: 16.0
[+] Percentage of apolar NIS residues: 43.58
[+] Percentage of charged NIS residues: 18.35
[++] Predicted binding affinity (kcal.mol-1):     -8.5
[++] Predicted dissociation constant (M) at 25.0˚C:  6.1e-07
",
216,NB_FP_0054.pdb,/teams/YingChiLab_1702378116/MaishaZhang/PPIFlow-main/output/final_flowpacked_designs/nanobody/NB_FP_0054.pdb,True,0,-8.5,5.4e-07,43,1.0,3.0,7.0,4.0,15.0,13.0,"[+] Executing 1 task(s) in total
##########################################
[+] Processing structure NB_FP_0054_model0
[+] No. of intermolecular contacts: 43
[+] No. of charged-charged contacts: 1.0
[+] No. of charged-polar contacts: 3.0
[+] No. of charged-apolar contacts: 7.0
[+] No. of polar-polar contacts: 4.0
[+] No. of apolar-polar contacts: 15.0
[+] No. of apolar-apolar contacts: 13.0
[+] Percentage of apolar NIS residues: 43.62
[+] Percentage of charged NIS residues: 19.26
[++] Predicted binding affinity (kcal.mol-1):     -8.5
[++] Predicted dissociation constant (M) at 25.0˚C:  5.4e-07
",
217,NB_FP_0239.pdb,/teams/YingChiLab_1702378116/MaishaZhang/PPIFlow-main/output/final_flowpacked_designs/nanobody/NB_FP_0239.pdb,True,0,-8.5,5.9e-07,46,2.0,7.0,14.0,2.0,10.0,11.0,"[+] Executing 1 task(s) in total
##########################################
[+] Processing structure NB_FP_0239_model0
[+] No. of intermolecular contacts: 46
[+] No. of charged-charged contacts: 2.0
[+] No. of charged-polar contacts: 7.0
[+] No. of charged-apolar contacts: 14.0
[+] No. of polar-polar contacts: 2.0
[+] No. of apolar-polar contacts: 10.0
[+] No. of apolar-apolar contacts: 11.0
[+] Percentage of apolar NIS residues: 45.35
[+] Percentage of charged NIS residues: 17.69
[++] Predicted binding affinity (kcal.mol-1):     -8.5
[++] Predicted dissociation constant (M) at 25.0˚C:  5.9e-07
",
218,NB_FP_0251.pdb,/teams/YingChiLab_1702378116/MaishaZhang/PPIFlow-main/output/final_flowpacked_designs/nanobody/NB_FP_0251.pdb,True,0,-8.5,6.0e-07,43,5.0,2.0,13.0,3.0,9.0,11.0,"[+] Executing 1 task(s) in total
##########################################
[+] Processing structure NB_FP_0251_model0
[+] No. of intermolecular contacts: 43
[+] No. of charged-charged contacts: 5.0
[+] No. of charged-polar contacts: 2.0
[+] No. of charged-apolar contacts: 13.0
[+] No. of polar-polar contacts: 3.0
[+] No. of apolar-polar contacts: 9.0
[+] No. of apolar-apolar contacts: 11.0
[+] Percentage of apolar NIS residues: 43.45
[+] Percentage of charged NIS residues: 18.62
[++] Predicted binding affinity (kcal.mol-1):     -8.5
[++] Predicted dissociation constant (M) at 25.0˚C:  6.0e-07
",
219,NB_FP_0092.pdb,/teams/YingChiLab_1702378116/MaishaZhang/PPIFlow-main/output/final_flowpacked_designs/nanobody/NB_FP_0092.pdb,True,0,-8.5,5.8e-07,50,2.0,4.0,10.0,3.0,11.0,20.0,"[+] Executing 1 task(s) in total
##########################################
[+] Processing structure NB_FP_0092_model0
[+] No. of intermolecular contacts: 50
[+] No. of charged-charged contacts: 2.0
[+] No. of charged-polar contacts: 4.0
[+] No. of charged-apolar contacts: 10.0
[+] No. of polar-polar contacts: 3.0
[+] No. of apolar-polar contacts: 11.0
[+] No. of apolar-apolar contacts: 20.0
[+] Percentage of apolar NIS residues: 42.33
[+] Percentage of charged NIS residues: 19.07
[++] Predicted binding affinity (kcal.mol-1):     -8.5
[++] Predicted dissociation constant (M) at 25.0˚C:  5.8e-07
",
220,NB_FP_0244.pdb,/teams/YingChiLab_1702378116/MaishaZhang/PPIFlow-main/output/final_flowpacked_designs/nanobody/NB_FP_0244.pdb,True,0,-8.5,5.7e-07,49,0.0,4.0,8.0,3.0,13.0,21.0,"[+] Executing 1 task(s) in total
##########################################
[+] Processing structure NB_FP_0244_model0
[+] No. of intermolecular contacts: 49
[+] No. of charged-charged contacts: 0.0
[+] No. of charged-polar contacts: 4.0
[+] No. of charged-apolar contacts: 8.0
[+] No. of polar-polar contacts: 3.0
[+] No. of apolar-polar contacts: 13.0
[+] No. of apolar-apolar contacts: 21.0
[+] Percentage of apolar NIS residues: 42.52
[+] Percentage of charged NIS residues: 19.16
[++] Predicted binding affinity (kcal.mol-1):     -8.5
[++] Predicted dissociation constant (M) at 25.0˚C:  5.7e-07
",
221,NB_FP_0052.pdb,/teams/YingChiLab_1702378116/MaishaZhang/PPIFlow-main/output/final_flowpacked_designs/nanobody/NB_FP_0052.pdb,True,0,-8.4,6.8e-07,59,1.0,5.0,11.0,2.0,12.0,28.0,"[+] Executing 1 task(s) in total
##########################################
[+] Processing structure NB_FP_0052_model0
[+] No. of intermolecular contacts: 59
[+] No. of charged-charged contacts: 1.0
[+] No. of charged-polar contacts: 5.0
[+] No. of charged-apolar contacts: 11.0
[+] No. of polar-polar contacts: 2.0
[+] No. of apolar-polar contacts: 12.0
[+] No. of apolar-apolar contacts: 28.0
[+] Percentage of apolar NIS residues: 44.68
[+] Percentage of charged NIS residues: 19.68
[++] Predicted binding affinity (kcal.mol-1):     -8.4
[++] Predicted dissociation constant (M) at 25.0˚C:  6.8e-07
",
222,NB_FP_0234.pdb,/teams/YingChiLab_1702378116/MaishaZhang/PPIFlow-main/output/final_flowpacked_designs/nanobody/NB_FP_0234.pdb,True,0,-8.4,7.5e-07,40,4.0,3.0,9.0,3.0,11.0,10.0,"[+] Executing 1 task(s) in total
##########################################
[+] Processing structure NB_FP_0234_model0
[+] No. of intermolecular contacts: 40
[+] No. of charged-charged contacts: 4.0
[+] No. of charged-polar contacts: 3.0
[+] No. of charged-apolar contacts: 9.0
[+] No. of polar-polar contacts: 3.0
[+] No. of apolar-polar contacts: 11.0
[+] No. of apolar-apolar contacts: 10.0
[+] Percentage of apolar NIS residues: 43.48
[+] Percentage of charged NIS residues: 19.22
[++] Predicted binding affinity (kcal.mol-1):     -8.4
[++] Predicted dissociation constant (M) at 25.0˚C:  7.5e-07
",
223,NB_FP_0189.pdb,/teams/YingChiLab_1702378116/MaishaZhang/PPIFlow-main/output/final_flowpacked_designs/nanobody/NB_FP_0189.pdb,True,0,-8.4,6.6e-07,53,5.0,3.0,14.0,1.0,7.0,23.0,"[+] Executing 1 task(s) in total
##########################################
[+] Processing structure NB_FP_0189_model0
[+] No. of intermolecular contacts: 53
[+] No. of charged-charged contacts: 5.0
[+] No. of charged-polar contacts: 3.0
[+] No. of charged-apolar contacts: 14.0
[+] No. of polar-polar contacts: 1.0
[+] No. of apolar-polar contacts: 7.0
[+] No. of apolar-apolar contacts: 23.0
[+] Percentage of apolar NIS residues: 43.09
[+] Percentage of charged NIS residues: 19.82
[++] Predicted binding affinity (kcal.mol-1):     -8.4
[++] Predicted dissociation constant (M) at 25.0˚C:  6.6e-07
",
224,NB_FP_0016.pdb,/teams/YingChiLab_1702378116/MaishaZhang/PPIFlow-main/output/final_flowpacked_designs/nanobody/NB_FP_0016.pdb,True,0,-8.4,7.2e-07,42,0.0,5.0,1.0,7.0,20.0,9.0,"[+] Executing 1 task(s) in total
##########################################
[+] Processing structure NB_FP_0016_model0
[+] No. of intermolecular contacts: 42
[+] No. of charged-charged contacts: 0.0
[+] No. of charged-polar contacts: 5.0
[+] No. of charged-apolar contacts: 1.0
[+] No. of polar-polar contacts: 7.0
[+] No. of apolar-polar contacts: 20.0
[+] No. of apolar-apolar contacts: 9.0
[+] Percentage of apolar NIS residues: 44.27
[+] Percentage of charged NIS residues: 18.58
[++] Predicted binding affinity (kcal.mol-1):     -8.4
[++] Predicted dissociation constant (M) at 25.0˚C:  7.2e-07
",
225,NB_FP_0156.pdb,/teams/YingChiLab_1702378116/MaishaZhang/PPIFlow-main/output/final_flowpacked_designs/nanobody/NB_FP_0156.pdb,True,0,-8.4,7.2e-07,37,1.0,2.0,5.0,7.0,17.0,5.0,"[+] Executing 1 task(s) in total
##########################################
[+] Processing structure NB_FP_0156_model0
[+] No. of intermolecular contacts: 37
[+] No. of charged-charged contacts: 1.0
[+] No. of charged-polar contacts: 2.0
[+] No. of charged-apolar contacts: 5.0
[+] No. of polar-polar contacts: 7.0
[+] No. of apolar-polar contacts: 17.0
[+] No. of apolar-apolar contacts: 5.0
[+] Percentage of apolar NIS residues: 43.29
[+] Percentage of charged NIS residues: 18.52
[++] Predicted binding affinity (kcal.mol-1):     -8.4
[++] Predicted dissociation constant (M) at 25.0˚C:  7.2e-07
",
226,NB_FP_0114.pdb,/teams/YingChiLab_1702378116/MaishaZhang/PPIFlow-main/output/final_flowpacked_designs/nanobody/NB_FP_0114.pdb,True,0,-8.4,6.5e-07,50,3.0,3.0,11.0,3.0,10.0,20.0,"[+] Executing 1 task(s) in total
##########################################
[+] Processing structure NB_FP_0114_model0
[+] No. of intermolecular contacts: 50
[+] No. of charged-charged contacts: 3.0
[+] No. of charged-polar contacts: 3.0
[+] No. of charged-apolar contacts: 11.0
[+] No. of polar-polar contacts: 3.0
[+] No. of apolar-polar contacts: 10.0
[+] No. of apolar-apolar contacts: 20.0
[+] Percentage of apolar NIS residues: 42.96
[+] Percentage of charged NIS residues: 18.48
[++] Predicted binding affinity (kcal.mol-1):     -8.4
[++] Predicted dissociation constant (M) at 25.0˚C:  6.5e-07
",
227,NB_FP_0154.pdb,/teams/YingChiLab_1702378116/MaishaZhang/PPIFlow-main/output/final_flowpacked_designs/nanobody/NB_FP_0154.pdb,True,0,-8.3,8.5e-07,43,2.0,7.0,8.0,0.0,9.0,17.0,"[+] Executing 1 task(s) in total
##########################################
[+] Processing structure NB_FP_0154_model0
[+] No. of intermolecular contacts: 43
[+] No. of charged-charged contacts: 2.0
[+] No. of charged-polar contacts: 7.0
[+] No. of charged-apolar contacts: 8.0
[+] No. of polar-polar contacts: 0.0
[+] No. of apolar-polar contacts: 9.0
[+] No. of apolar-apolar contacts: 17.0
[+] Percentage of apolar NIS residues: 43.68
[+] Percentage of charged NIS residues: 18.39
[++] Predicted binding affinity (kcal.mol-1):     -8.3
[++] Predicted dissociation constant (M) at 25.0˚C:  8.5e-07
",
228,NB_FP_0122.pdb,/teams/YingChiLab_1702378116/MaishaZhang/PPIFlow-main/output/final_flowpacked_designs/nanobody/NB_FP_0122.pdb,True,0,-8.3,8.5e-07,48,0.0,1.0,11.0,2.0,10.0,24.0,"[+] Executing 1 task(s) in total
##########################################
[+] Processing structure NB_FP_0122_model0
[+] No. of intermolecular contacts: 48
[+] No. of charged-charged contacts: 0.0
[+] No. of charged-polar contacts: 1.0
[+] No. of charged-apolar contacts: 11.0
[+] No. of polar-polar contacts: 2.0
[+] No. of apolar-polar contacts: 10.0
[+] No. of apolar-apolar contacts: 24.0
[+] Percentage of apolar NIS residues: 42.96
[+] Percentage of charged NIS residues: 18.94
[++] Predicted binding affinity (kcal.mol-1):     -8.3
[++] Predicted dissociation constant (M) at 25.0˚C:  8.5e-07
",
229,NB_FP_0078.pdb,/teams/YingChiLab_1702378116/MaishaZhang/PPIFlow-main/output/final_flowpacked_designs/nanobody/NB_FP_0078.pdb,True,0,-8.3,7.6e-07,63,0.0,0.0,7.0,6.0,16.0,34.0,"[+] Executing 1 task(s) in total
##########################################
[+] Processing structure NB_FP_0078_model0
[+] No. of intermolecular contacts: 63
[+] No. of charged-charged contacts: 0.0
[+] No. of charged-polar contacts: 0.0
[+] No. of charged-apolar contacts: 7.0
[+] No. of polar-polar contacts: 6.0
[+] No. of apolar-polar contacts: 16.0
[+] No. of apolar-apolar contacts: 34.0
[+] Percentage of apolar NIS residues: 43.52
[+] Percentage of charged NIS residues: 18.98
[++] Predicted binding affinity (kcal.mol-1):     -8.3
[++] Predicted dissociation constant (M) at 25.0˚C:  7.6e-07
",
230,NB_FP_0165.pdb,/teams/YingChiLab_1702378116/MaishaZhang/PPIFlow-main/output/final_flowpacked_designs/nanobody/NB_FP_0165.pdb,True,0,-8.3,7.8e-07,56,1.0,8.0,10.0,3.0,12.0,22.0,"[+] Executing 1 task(s) in total
##########################################
[+] Processing structure NB_FP_0165_model0
[+] No. of intermolecular contacts: 56
[+] No. of charged-charged contacts: 1.0
[+] No. of charged-polar contacts: 8.0
[+] No. of charged-apolar contacts: 10.0
[+] No. of polar-polar contacts: 3.0
[+] No. of apolar-polar contacts: 12.0
[+] No. of apolar-apolar contacts: 22.0
[+] Percentage of apolar NIS residues: 44.57
[+] Percentage of charged NIS residues: 18.24
[++] Predicted binding affinity (kcal.mol-1):     -8.3
[++] Predicted dissociation constant (M) at 25.0˚C:  7.8e-07
",
231,NB_FP_0289.pdb,/teams/YingChiLab_1702378116/MaishaZhang/PPIFlow-main/output/final_flowpacked_designs/nanobody/NB_FP_0289.pdb,True,0,-8.3,8.7e-07,43,1.0,4.0,10.0,3.0,11.0,14.0,"[+] Executing 1 task(s) in total
##########################################
[+] Processing structure NB_FP_0289_model0
[+] No. of intermolecular contacts: 43
[+] No. of charged-charged contacts: 1.0
[+] No. of charged-polar contacts: 4.0
[+] No. of charged-apolar contacts: 10.0
[+] No. of polar-polar contacts: 3.0
[+] No. of apolar-polar contacts: 11.0
[+] No. of apolar-apolar contacts: 14.0
[+] Percentage of apolar NIS residues: 43.76
[+] Percentage of charged NIS residues: 18.14
[++] Predicted binding affinity (kcal.mol-1):     -8.3
[++] Predicted dissociation constant (M) at 25.0˚C:  8.7e-07
",
232,NB_FP_0011.pdb,/teams/YingChiLab_1702378116/MaishaZhang/PPIFlow-main/output/final_flowpacked_designs/nanobody/NB_FP_0011.pdb,True,0,-8.3,8.7e-07,35,1.0,4.0,7.0,3.0,13.0,7.0,"[+] Executing 1 task(s) in total
##########################################
[+] Processing structure NB_FP_0011_model0
[+] No. of intermolecular contacts: 35
[+] No. of charged-charged contacts: 1.0
[+] No. of charged-polar contacts: 4.0
[+] No. of charged-apolar contacts: 7.0
[+] No. of polar-polar contacts: 3.0
[+] No. of apolar-polar contacts: 13.0
[+] No. of apolar-apolar contacts: 7.0
[+] Percentage of apolar NIS residues: 44.27
[+] Percentage of charged NIS residues: 18.58
[++] Predicted binding affinity (kcal.mol-1):     -8.3
[++] Predicted dissociation constant (M) at 25.0˚C:  8.7e-07
",
233,NB_FP_0296.pdb,/teams/YingChiLab_1702378116/MaishaZhang/PPIFlow-main/output/final_flowpacked_designs/nanobody/NB_FP_0296.pdb,True,0,-8.3,7.8e-07,48,1.0,1.0,10.0,6.0,14.0,16.0,"[+] Executing 1 task(s) in total
##########################################
[+] Processing structure NB_FP_0296_model0
[+] No. of intermolecular contacts: 48
[+] No. of charged-charged contacts: 1.0
[+] No. of charged-polar contacts: 1.0
[+] No. of charged-apolar contacts: 10.0
[+] No. of polar-polar contacts: 6.0
[+] No. of apolar-polar contacts: 14.0
[+] No. of apolar-apolar contacts: 16.0
[+] Percentage of apolar NIS residues: 43.55
[+] Percentage of charged NIS residues: 18.66
[++] Predicted binding affinity (kcal.mol-1):     -8.3
[++] Predicted dissociation constant (M) at 25.0˚C:  7.8e-07
",
234,NB_FP_0230.pdb,/teams/YingChiLab_1702378116/MaishaZhang/PPIFlow-main/output/final_flowpacked_designs/nanobody/NB_FP_0230.pdb,True,0,-8.3,7.8e-07,46,1.0,3.0,19.0,1.0,6.0,16.0,"[+] Executing 1 task(s) in total
##########################################
[+] Processing structure NB_FP_0230_model0
[+] No. of intermolecular contacts: 46
[+] No. of charged-charged contacts: 1.0
[+] No. of charged-polar contacts: 3.0
[+] No. of charged-apolar contacts: 19.0
[+] No. of polar-polar contacts: 1.0
[+] No. of apolar-polar contacts: 6.0
[+] No. of apolar-apolar contacts: 16.0
[+] Percentage of apolar NIS residues: 43.12
[+] Percentage of charged NIS residues: 19.72
[++] Predicted binding affinity (kcal.mol-1):     -8.3
[++] Predicted dissociation constant (M) at 25.0˚C:  7.8e-07
",
235,NB_FP_0205.pdb,/teams/YingChiLab_1702378116/MaishaZhang/PPIFlow-main/output/final_flowpacked_designs/nanobody/NB_FP_0205.pdb,True,0,-8.3,7.9e-07,39,0.0,3.0,3.0,4.0,16.0,13.0,"[+] Executing 1 task(s) in total
##########################################
[+] Processing structure NB_FP_0205_model0
[+] No. of intermolecular contacts: 39
[+] No. of charged-charged contacts: 0.0
[+] No. of charged-polar contacts: 3.0
[+] No. of charged-apolar contacts: 3.0
[+] No. of polar-polar contacts: 4.0
[+] No. of apolar-polar contacts: 16.0
[+] No. of apolar-apolar contacts: 13.0
[+] Percentage of apolar NIS residues: 44.08
[+] Percentage of charged NIS residues: 18.33
[++] Predicted binding affinity (kcal.mol-1):     -8.3
[++] Predicted dissociation constant (M) at 25.0˚C:  7.9e-07
",
236,NB_FP_0053.pdb,/teams/YingChiLab_1702378116/MaishaZhang/PPIFlow-main/output/final_flowpacked_designs/nanobody/NB_FP_0053.pdb,True,0,-8.3,8.7e-07,62,2.0,1.0,7.0,10.0,18.0,24.0,"[+] Executing 1 task(s) in total
##########################################
[+] Processing structure NB_FP_0053_model0
[+] No. of intermolecular contacts: 62
[+] No. of charged-charged contacts: 2.0
[+] No. of charged-polar contacts: 1.0
[+] No. of charged-apolar contacts: 7.0
[+] No. of polar-polar contacts: 10.0
[+] No. of apolar-polar contacts: 18.0
[+] No. of apolar-apolar contacts: 24.0
[+] Percentage of apolar NIS residues: 42.95
[+] Percentage of charged NIS residues: 19.32
[++] Predicted binding affinity (kcal.mol-1):     -8.3
[++] Predicted dissociation constant (M) at 25.0˚C:  8.7e-07
",
237,NB_FP_0123.pdb,/teams/YingChiLab_1702378116/MaishaZhang/PPIFlow-main/output/final_flowpacked_designs/nanobody/NB_FP_0123.pdb,True,0,-8.2,1.0e-06,39,2.0,2.0,8.0,3.0,11.0,13.0,"[+] Executing 1 task(s) in total
##########################################
[+] Processing structure NB_FP_0123_model0
[+] No. of intermolecular contacts: 39
[+] No. of charged-charged contacts: 2.0
[+] No. of charged-polar contacts: 2.0
[+] No. of charged-apolar contacts: 8.0
[+] No. of polar-polar contacts: 3.0
[+] No. of apolar-polar contacts: 11.0
[+] No. of apolar-apolar contacts: 13.0
[+] Percentage of apolar NIS residues: 43.34
[+] Percentage of charged NIS residues: 18.74
[++] Predicted binding affinity (kcal.mol-1):     -8.2
[++] Predicted dissociation constant (M) at 25.0˚C:  1.0e-06
",
238,NB_FP_0132.pdb,/teams/YingChiLab_1702378116/MaishaZhang/PPIFlow-main/output/final_flowpacked_designs/nanobody/NB_FP_0132.pdb,True,0,-8.2,1.0e-06,28,1.0,4.0,4.0,2.0,13.0,4.0,"[+] Executing 1 task(s) in total
##########################################
[+] Processing structure NB_FP_0132_model0
[+] No. of intermolecular contacts: 28
[+] No. of charged-charged contacts: 1.0
[+] No. of charged-polar contacts: 4.0
[+] No. of charged-apolar contacts: 4.0
[+] No. of polar-polar contacts: 2.0
[+] No. of apolar-polar contacts: 13.0
[+] No. of apolar-apolar contacts: 4.0
[+] Percentage of apolar NIS residues: 44.52
[+] Percentage of charged NIS residues: 18.12
[++] Predicted binding affinity (kcal.mol-1):     -8.2
[++] Predicted dissociation constant (M) at 25.0˚C:  1.0e-06
",
239,NB_FP_0118.pdb,/teams/YingChiLab_1702378116/MaishaZhang/PPIFlow-main/output/final_flowpacked_designs/nanobody/NB_FP_0118.pdb,True,0,-8.2,9.5e-07,41,1.0,1.0,10.0,4.0,12.0,13.0,"[+] Executing 1 task(s) in total
##########################################
[+] Processing structure NB_FP_0118_model0
[+] No. of intermolecular contacts: 41
[+] No. of charged-charged contacts: 1.0
[+] No. of charged-polar contacts: 1.0
[+] No. of charged-apolar contacts: 10.0
[+] No. of polar-polar contacts: 4.0
[+] No. of apolar-polar contacts: 12.0
[+] No. of apolar-apolar contacts: 13.0
[+] Percentage of apolar NIS residues: 44.01
[+] Percentage of charged NIS residues: 18.43
[++] Predicted binding affinity (kcal.mol-1):     -8.2
[++] Predicted dissociation constant (M) at 25.0˚C:  9.5e-07
",
240,NB_FP_0212.pdb,/teams/YingChiLab_1702378116/MaishaZhang/PPIFlow-main/output/final_flowpacked_designs/nanobody/NB_FP_0212.pdb,True,0,-8.2,9.6e-07,48,1.0,4.0,5.0,3.0,14.0,21.0,"[+] Executing 1 task(s) in total
##########################################
[+] Processing structure NB_FP_0212_model0
[+] No. of intermolecular contacts: 48
[+] No. of charged-charged contacts: 1.0
[+] No. of charged-polar contacts: 4.0
[+] No. of charged-apolar contacts: 5.0
[+] No. of polar-polar contacts: 3.0
[+] No. of apolar-polar contacts: 14.0
[+] No. of apolar-apolar contacts: 21.0
[+] Percentage of apolar NIS residues: 44.65
[+] Percentage of charged NIS residues: 18.68
[++] Predicted binding affinity (kcal.mol-1):     -8.2
[++] Predicted dissociation constant (M) at 25.0˚C:  9.6e-07
",
241,NB_FP_0300.pdb,/teams/YingChiLab_1702378116/MaishaZhang/PPIFlow-main/output/final_flowpacked_designs/nanobody/NB_FP_0300.pdb,True,0,-8.2,8.9e-07,52,0.0,2.0,6.0,3.0,14.0,27.0,"[+] Executing 1 task(s) in total
##########################################
[+] Processing structure NB_FP_0300_model0
[+] No. of intermolecular contacts: 52
[+] No. of charged-charged contacts: 0.0
[+] No. of charged-polar contacts: 2.0
[+] No. of charged-apolar contacts: 6.0
[+] No. of polar-polar contacts: 3.0
[+] No. of apolar-polar contacts: 14.0
[+] No. of apolar-apolar contacts: 27.0
[+] Percentage of apolar NIS residues: 44.83
[+] Percentage of charged NIS residues: 18.16
[++] Predicted binding affinity (kcal.mol-1):     -8.2
[++] Predicted dissociation constant (M) at 25.0˚C:  8.9e-07
",
242,NB_FP_0130.pdb,/teams/YingChiLab_1702378116/MaishaZhang/PPIFlow-main/output/final_flowpacked_designs/nanobody/NB_FP_0130.pdb,True,0,-8.2,9.4e-07,41,1.0,5.0,15.0,2.0,8.0,10.0,"[+] Executing 1 task(s) in total
##########################################
[+] Processing structure NB_FP_0130_model0
[+] No. of intermolecular contacts: 41
[+] No. of charged-charged contacts: 1.0
[+] No. of charged-polar contacts: 5.0
[+] No. of charged-apolar contacts: 15.0
[+] No. of polar-polar contacts: 2.0
[+] No. of apolar-polar contacts: 8.0
[+] No. of apolar-apolar contacts: 10.0
[+] Percentage of apolar NIS residues: 43.91
[+] Percentage of charged NIS residues: 18.39
[++] Predicted binding affinity (kcal.mol-1):     -8.2
[++] Predicted dissociation constant (M) at 25.0˚C:  9.4e-07
",
243,NB_FP_0153.pdb,/teams/YingChiLab_1702378116/MaishaZhang/PPIFlow-main/output/final_flowpacked_designs/nanobody/NB_FP_0153.pdb,True,0,-8.2,9.1e-07,45,0.0,8.0,5.0,4.0,14.0,14.0,"[+] Executing 1 task(s) in total
##########################################
[+] Processing structure NB_FP_0153_model0
[+] No. of intermolecular contacts: 45
[+] No. of charged-charged contacts: 0.0
[+] No. of charged-polar contacts: 8.0
[+] No. of charged-apolar contacts: 5.0
[+] No. of polar-polar contacts: 4.0
[+] No. of apolar-polar contacts: 14.0
[+] No. of apolar-apolar contacts: 14.0
[+] Percentage of apolar NIS residues: 43.12
[+] Percentage of charged NIS residues: 18.41
[++] Predicted binding affinity (kcal.mol-1):     -8.2
[++] Predicted dissociation constant (M) at 25.0˚C:  9.1e-07
",
244,NB_FP_0190.pdb,/teams/YingChiLab_1702378116/MaishaZhang/PPIFlow-main/output/final_flowpacked_designs/nanobody/NB_FP_0190.pdb,True,0,-8.2,1.0e-06,39,1.0,3.0,7.0,4.0,13.0,11.0,"[+] Executing 1 task(s) in total
##########################################
[+] Processing structure NB_FP_0190_model0
[+] No. of intermolecular contacts: 39
[+] No. of charged-charged contacts: 1.0
[+] No. of charged-polar contacts: 3.0
[+] No. of charged-apolar contacts: 7.0
[+] No. of polar-polar contacts: 4.0
[+] No. of apolar-polar contacts: 13.0
[+] No. of apolar-apolar contacts: 11.0
[+] Percentage of apolar NIS residues: 43.12
[+] Percentage of charged NIS residues: 19.50
[++] Predicted binding affinity (kcal.mol-1):     -8.2
[++] Predicted dissociation constant (M) at 25.0˚C:  1.0e-06
",
245,NB_FP_0036.pdb,/teams/YingChiLab_1702378116/MaishaZhang/PPIFlow-main/output/final_flowpacked_designs/nanobody/NB_FP_0036.pdb,True,0,-8.1,1.2e-06,35,0.0,3.0,8.0,2.0,11.0,11.0,"[+] Executing 1 task(s) in total
##########################################
[+] Processing structure NB_FP_0036_model0
[+] No. of intermolecular contacts: 35
[+] No. of charged-charged contacts: 0.0
[+] No. of charged-polar contacts: 3.0
[+] No. of charged-apolar contacts: 8.0
[+] No. of polar-polar contacts: 2.0
[+] No. of apolar-polar contacts: 11.0
[+] No. of apolar-apolar contacts: 11.0
[+] Percentage of apolar NIS residues: 44.24
[+] Percentage of charged NIS residues: 18.20
[++] Predicted binding affinity (kcal.mol-1):     -8.1
[++] Predicted dissociation constant (M) at 25.0˚C:  1.2e-06
",
246,NB_FP_0231.pdb,/teams/YingChiLab_1702378116/MaishaZhang/PPIFlow-main/output/final_flowpacked_designs/nanobody/NB_FP_0231.pdb,True,0,-8.1,1.2e-06,41,1.0,2.0,5.0,6.0,15.0,12.0,"[+] Executing 1 task(s) in total
##########################################
[+] Processing structure NB_FP_0231_model0
[+] No. of intermolecular contacts: 41
[+] No. of charged-charged contacts: 1.0
[+] No. of charged-polar contacts: 2.0
[+] No. of charged-apolar contacts: 5.0
[+] No. of polar-polar contacts: 6.0
[+] No. of apolar-polar contacts: 15.0
[+] No. of apolar-apolar contacts: 12.0
[+] Percentage of apolar NIS residues: 43.08
[+] Percentage of charged NIS residues: 19.05
[++] Predicted binding affinity (kcal.mol-1):     -8.1
[++] Predicted dissociation constant (M) at 25.0˚C:  1.2e-06
",
247,NB_FP_0275.pdb,/teams/YingChiLab_1702378116/MaishaZhang/PPIFlow-main/output/final_flowpacked_designs/nanobody/NB_FP_0275.pdb,True,0,-8.1,1.1e-06,51,1.0,5.0,12.0,2.0,9.0,22.0,"[+] Executing 1 task(s) in total
##########################################
[+] Processing structure NB_FP_0275_model0
[+] No. of intermolecular contacts: 51
[+] No. of charged-charged contacts: 1.0
[+] No. of charged-polar contacts: 5.0
[+] No. of charged-apolar contacts: 12.0
[+] No. of polar-polar contacts: 2.0
[+] No. of apolar-polar contacts: 9.0
[+] No. of apolar-apolar contacts: 22.0
[+] Percentage of apolar NIS residues: 43.93
[+] Percentage of charged NIS residues: 18.69
[++] Predicted binding affinity (kcal.mol-1):     -8.1
[++] Predicted dissociation constant (M) at 25.0˚C:  1.1e-06
",
248,NB_FP_0070.pdb,/teams/YingChiLab_1702378116/MaishaZhang/PPIFlow-main/output/final_flowpacked_designs/nanobody/NB_FP_0070.pdb,True,0,-8.1,1.1e-06,32,0.0,3.0,2.0,4.0,16.0,7.0,"[+] Executing 1 task(s) in total
##########################################
[+] Processing structure NB_FP_0070_model0
[+] No. of intermolecular contacts: 32
[+] No. of charged-charged contacts: 0.0
[+] No. of charged-polar contacts: 3.0
[+] No. of charged-apolar contacts: 2.0
[+] No. of polar-polar contacts: 4.0
[+] No. of apolar-polar contacts: 16.0
[+] No. of apolar-apolar contacts: 7.0
[+] Percentage of apolar NIS residues: 44.85
[+] Percentage of charged NIS residues: 18.08
[++] Predicted binding affinity (kcal.mol-1):     -8.1
[++] Predicted dissociation constant (M) at 25.0˚C:  1.1e-06
",
249,NB_FP_0073.pdb,/teams/YingChiLab_1702378116/MaishaZhang/PPIFlow-main/output/final_flowpacked_designs/nanobody/NB_FP_0073.pdb,True,0,-8.1,1.2e-06,41,5.0,3.0,12.0,1.0,7.0,13.0,"[+] Executing 1 task(s) in total
##########################################
[+] Processing structure NB_FP_0073_model0
[+] No. of intermolecular contacts: 41
[+] No. of charged-charged contacts: 5.0
[+] No. of charged-polar contacts: 3.0
[+] No. of charged-apolar contacts: 12.0
[+] No. of polar-polar contacts: 1.0
[+] No. of apolar-polar contacts: 7.0
[+] No. of apolar-apolar contacts: 13.0
[+] Percentage of apolar NIS residues: 44.42
[+] Percentage of charged NIS residues: 19.13
[++] Predicted binding affinity (kcal.mol-1):     -8.1
[++] Predicted dissociation constant (M) at 25.0˚C:  1.2e-06
",
250,NB_FP_0286.pdb,/teams/YingChiLab_1702378116/MaishaZhang/PPIFlow-main/output/final_flowpacked_designs/nanobody/NB_FP_0286.pdb,True,0,-8.1,1.1e-06,47,0.0,3.0,7.0,2.0,12.0,23.0,"[+] Executing 1 task(s) in total
##########################################
[+] Processing structure NB_FP_0286_model0
[+] No. of intermolecular contacts: 47
[+] No. of charged-charged contacts: 0.0
[+] No. of charged-polar contacts: 3.0
[+] No. of charged-apolar contacts: 7.0
[+] No. of polar-polar contacts: 2.0
[+] No. of apolar-polar contacts: 12.0
[+] No. of apolar-apolar contacts: 23.0
[+] Percentage of apolar NIS residues: 44.27
[+] Percentage of charged NIS residues: 18.81
[++] Predicted binding affinity (kcal.mol-1):     -8.1
[++] Predicted dissociation constant (M) at 25.0˚C:  1.1e-06
",
251,NB_FP_0285.pdb,/teams/YingChiLab_1702378116/MaishaZhang/PPIFlow-main/output/final_flowpacked_designs/nanobody/NB_FP_0285.pdb,True,0,-8.1,1.2e-06,49,1.0,7.0,12.0,2.0,9.0,18.0,"[+] Executing 1 task(s) in total
##########################################
[+] Processing structure NB_FP_0285_model0
[+] No. of intermolecular contacts: 49
[+] No. of charged-charged contacts: 1.0
[+] No. of charged-polar contacts: 7.0
[+] No. of charged-apolar contacts: 12.0
[+] No. of polar-polar contacts: 2.0
[+] No. of apolar-polar contacts: 9.0
[+] No. of apolar-apolar contacts: 18.0
[+] Percentage of apolar NIS residues: 43.91
[+] Percentage of charged NIS residues: 19.08
[++] Predicted binding affinity (kcal.mol-1):     -8.1
[++] Predicted dissociation constant (M) at 25.0˚C:  1.2e-06
",
252,NB_FP_0206.pdb,/teams/YingChiLab_1702378116/MaishaZhang/PPIFlow-main/output/final_flowpacked_designs/nanobody/NB_FP_0206.pdb,True,0,-8.1,1.2e-06,26,1.0,1.0,7.0,2.0,11.0,4.0,"[+] Executing 1 task(s) in total
##########################################
[+] Processing structure NB_FP_0206_model0
[+] No. of intermolecular contacts: 26
[+] No. of charged-charged contacts: 1.0
[+] No. of charged-polar contacts: 1.0
[+] No. of charged-apolar contacts: 7.0
[+] No. of polar-polar contacts: 2.0
[+] No. of apolar-polar contacts: 11.0
[+] No. of apolar-apolar contacts: 4.0
[+] Percentage of apolar NIS residues: 43.75
[+] Percentage of charged NIS residues: 18.75
[++] Predicted binding affinity (kcal.mol-1):     -8.1
[++] Predicted dissociation constant (M) at 25.0˚C:  1.2e-06
",
253,NB_FP_0233.pdb,/teams/YingChiLab_1702378116/MaishaZhang/PPIFlow-main/output/final_flowpacked_designs/nanobody/NB_FP_0233.pdb,True,0,-8.1,1.1e-06,45,0.0,6.0,6.0,5.0,15.0,13.0,"[+] Executing 1 task(s) in total
##########################################
[+] Processing structure NB_FP_0233_model0
[+] No. of intermolecular contacts: 45
[+] No. of charged-charged contacts: 0.0
[+] No. of charged-polar contacts: 6.0
[+] No. of charged-apolar contacts: 6.0
[+] No. of polar-polar contacts: 5.0
[+] No. of apolar-polar contacts: 15.0
[+] No. of apolar-apolar contacts: 13.0
[+] Percentage of apolar NIS residues: 44.32
[+] Percentage of charged NIS residues: 18.64
[++] Predicted binding affinity (kcal.mol-1):     -8.1
[++] Predicted dissociation constant (M) at 25.0˚C:  1.1e-06
",
254,NB_FP_0042.pdb,/teams/YingChiLab_1702378116/MaishaZhang/PPIFlow-main/output/final_flowpacked_designs/nanobody/NB_FP_0042.pdb,True,0,-8.1,1.1e-06,38,1.0,5.0,7.0,1.0,10.0,14.0,"[+] Executing 1 task(s) in total
##########################################
[+] Processing structure NB_FP_0042_model0
[+] No. of intermolecular contacts: 38
[+] No. of charged-charged contacts: 1.0
[+] No. of charged-polar contacts: 5.0
[+] No. of charged-apolar contacts: 7.0
[+] No. of polar-polar contacts: 1.0
[+] No. of apolar-polar contacts: 10.0
[+] No. of apolar-apolar contacts: 14.0
[+] Percentage of apolar NIS residues: 42.89
[+] Percentage of charged NIS residues: 19.50
[++] Predicted binding affinity (kcal.mol-1):     -8.1
[++] Predicted dissociation constant (M) at 25.0˚C:  1.1e-06
",
255,NB_FP_0237.pdb,/teams/YingChiLab_1702378116/MaishaZhang/PPIFlow-main/output/final_flowpacked_designs/nanobody/NB_FP_0237.pdb,True,0,-8.1,1.2e-06,47,0.0,3.0,3.0,5.0,15.0,21.0,"[+] Executing 1 task(s) in total
##########################################
[+] Processing structure NB_FP_0237_model0
[+] No. of intermolecular contacts: 47
[+] No. of charged-charged contacts: 0.0
[+] No. of charged-polar contacts: 3.0
[+] No. of charged-apolar contacts: 3.0
[+] No. of polar-polar contacts: 5.0
[+] No. of apolar-polar contacts: 15.0
[+] No. of apolar-apolar contacts: 21.0
[+] Percentage of apolar NIS residues: 43.02
[+] Percentage of charged NIS residues: 18.54
[++] Predicted binding affinity (kcal.mol-1):     -8.1
[++] Predicted dissociation constant (M) at 25.0˚C:  1.2e-06
",
256,NB_FP_0131.pdb,/teams/YingChiLab_1702378116/MaishaZhang/PPIFlow-main/output/final_flowpacked_designs/nanobody/NB_FP_0131.pdb,True,0,-8.0,1.4e-06,40,1.0,2.0,5.0,2.0,12.0,18.0,"[+] Executing 1 task(s) in total
##########################################
[+] Processing structure NB_FP_0131_model0
[+] No. of intermolecular contacts: 40
[+] No. of charged-charged contacts: 1.0
[+] No. of charged-polar contacts: 2.0
[+] No. of charged-apolar contacts: 5.0
[+] No. of polar-polar contacts: 2.0
[+] No. of apolar-polar contacts: 12.0
[+] No. of apolar-apolar contacts: 18.0
[+] Percentage of apolar NIS residues: 44.32
[+] Percentage of charged NIS residues: 19.03
[++] Predicted binding affinity (kcal.mol-1):     -8.0
[++] Predicted dissociation constant (M) at 25.0˚C:  1.4e-06
",
257,NB_FP_0257.pdb,/teams/YingChiLab_1702378116/MaishaZhang/PPIFlow-main/output/final_flowpacked_designs/nanobody/NB_FP_0257.pdb,True,0,-8.0,1.3e-06,31,0.0,1.0,4.0,5.0,15.0,6.0,"[+] Executing 1 task(s) in total
##########################################
[+] Processing structure NB_FP_0257_model0
[+] No. of intermolecular contacts: 31
[+] No. of charged-charged contacts: 0.0
[+] No. of charged-polar contacts: 1.0
[+] No. of charged-apolar contacts: 4.0
[+] No. of polar-polar contacts: 5.0
[+] No. of apolar-polar contacts: 15.0
[+] No. of apolar-apolar contacts: 6.0
[+] Percentage of apolar NIS residues: 43.45
[+] Percentage of charged NIS residues: 18.85
[++] Predicted binding affinity (kcal.mol-1):     -8.0
[++] Predicted dissociation constant (M) at 25.0˚C:  1.3e-06
",
258,NB_FP_0182.pdb,/teams/YingChiLab_1702378116/MaishaZhang/PPIFlow-main/output/final_flowpacked_designs/nanobody/NB_FP_0182.pdb,True,0,-8.0,1.4e-06,39,1.0,8.0,7.0,1.0,10.0,12.0,"[+] Executing 1 task(s) in total
##########################################
[+] Processing structure NB_FP_0182_model0
[+] No. of intermolecular contacts: 39
[+] No. of charged-charged contacts: 1.0
[+] No. of charged-polar contacts: 8.0
[+] No. of charged-apolar contacts: 7.0
[+] No. of polar-polar contacts: 1.0
[+] No. of apolar-polar contacts: 10.0
[+] No. of apolar-apolar contacts: 12.0
[+] Percentage of apolar NIS residues: 43.96
[+] Percentage of charged NIS residues: 18.91
[++] Predicted binding affinity (kcal.mol-1):     -8.0
[++] Predicted dissociation constant (M) at 25.0˚C:  1.4e-06
",
259,NB_FP_0076.pdb,/teams/YingChiLab_1702378116/MaishaZhang/PPIFlow-main/output/final_flowpacked_designs/nanobody/NB_FP_0076.pdb,True,0,-8.0,1.4e-06,49,5.0,4.0,9.0,1.0,7.0,23.0,"[+] Executing 1 task(s) in total
##########################################
[+] Processing structure NB_FP_0076_model0
[+] No. of intermolecular contacts: 49
[+] No. of charged-charged contacts: 5.0
[+] No. of charged-polar contacts: 4.0
[+] No. of charged-apolar contacts: 9.0
[+] No. of polar-polar contacts: 1.0
[+] No. of apolar-polar contacts: 7.0
[+] No. of apolar-apolar contacts: 23.0
[+] Percentage of apolar NIS residues: 43.16
[+] Percentage of charged NIS residues: 19.26
[++] Predicted binding affinity (kcal.mol-1):     -8.0
[++] Predicted dissociation constant (M) at 25.0˚C:  1.4e-06
",
260,NB_FP_0191.pdb,/teams/YingChiLab_1702378116/MaishaZhang/PPIFlow-main/output/final_flowpacked_designs/nanobody/NB_FP_0191.pdb,True,0,-8.0,1.4e-06,47,1.0,6.0,8.0,3.0,11.0,18.0,"[+] Executing 1 task(s) in total
##########################################
[+] Processing structure NB_FP_0191_model0
[+] No. of intermolecular contacts: 47
[+] No. of charged-charged contacts: 1.0
[+] No. of charged-polar contacts: 6.0
[+] No. of charged-apolar contacts: 8.0
[+] No. of polar-polar contacts: 3.0
[+] No. of apolar-polar contacts: 11.0
[+] No. of apolar-apolar contacts: 18.0
[+] Percentage of apolar NIS residues: 44.04
[+] Percentage of charged NIS residues: 18.35
[++] Predicted binding affinity (kcal.mol-1):     -8.0
[++] Predicted dissociation constant (M) at 25.0˚C:  1.4e-06
",
261,NB_FP_0080.pdb,/teams/YingChiLab_1702378116/MaishaZhang/PPIFlow-main/output/final_flowpacked_designs/nanobody/NB_FP_0080.pdb,True,0,-8.0,1.4e-06,32,1.0,4.0,15.0,2.0,7.0,3.0,"[+] Executing 1 task(s) in total
##########################################
[+] Processing structure NB_FP_0080_model0
[+] No. of intermolecular contacts: 32
[+] No. of charged-charged contacts: 1.0
[+] No. of charged-polar contacts: 4.0
[+] No. of charged-apolar contacts: 15.0
[+] No. of polar-polar contacts: 2.0
[+] No. of apolar-polar contacts: 7.0
[+] No. of apolar-apolar contacts: 3.0
[+] Percentage of apolar NIS residues: 42.76
[+] Percentage of charged NIS residues: 20.00
[++] Predicted binding affinity (kcal.mol-1):     -8.0
[++] Predicted dissociation constant (M) at 25.0˚C:  1.4e-06
",
262,NB_FP_0272.pdb,/teams/YingChiLab_1702378116/MaishaZhang/PPIFlow-main/output/final_flowpacked_designs/nanobody/NB_FP_0272.pdb,True,0,-8.0,1.3e-06,53,1.0,3.0,8.0,9.0,17.0,15.0,"[+] Executing 1 task(s) in total
##########################################
[+] Processing structure NB_FP_0272_model0
[+] No. of intermolecular contacts: 53
[+] No. of charged-charged contacts: 1.0
[+] No. of charged-polar contacts: 3.0
[+] No. of charged-apolar contacts: 8.0
[+] No. of polar-polar contacts: 9.0
[+] No. of apolar-polar contacts: 17.0
[+] No. of apolar-apolar contacts: 15.0
[+] Percentage of apolar NIS residues: 44.75
[+] Percentage of charged NIS residues: 18.49
[++] Predicted binding affinity (kcal.mol-1):     -8.0
[++] Predicted dissociation constant (M) at 25.0˚C:  1.3e-06
",
263,NB_FP_0196.pdb,/teams/YingChiLab_1702378116/MaishaZhang/PPIFlow-main/output/final_flowpacked_designs/nanobody/NB_FP_0196.pdb,True,0,-8.0,1.3e-06,50,2.0,4.0,6.0,12.0,19.0,7.0,"[+] Executing 1 task(s) in total
##########################################
[+] Processing structure NB_FP_0196_model0
[+] No. of intermolecular contacts: 50
[+] No. of charged-charged contacts: 2.0
[+] No. of charged-polar contacts: 4.0
[+] No. of charged-apolar contacts: 6.0
[+] No. of polar-polar contacts: 12.0
[+] No. of apolar-polar contacts: 19.0
[+] No. of apolar-apolar contacts: 7.0
[+] Percentage of apolar NIS residues: 43.15
[+] Percentage of charged NIS residues: 18.95
[++] Predicted binding affinity (kcal.mol-1):     -8.0
[++] Predicted dissociation constant (M) at 25.0˚C:  1.3e-06
",
264,NB_FP_0127.pdb,/teams/YingChiLab_1702378116/MaishaZhang/PPIFlow-main/output/final_flowpacked_designs/nanobody/NB_FP_0127.pdb,True,0,-8.0,1.3e-06,40,0.0,1.0,7.0,5.0,14.0,13.0,"[+] Executing 1 task(s) in total
##########################################
[+] Processing structure NB_FP_0127_model0
[+] No. of intermolecular contacts: 40
[+] No. of charged-charged contacts: 0.0
[+] No. of charged-polar contacts: 1.0
[+] No. of charged-apolar contacts: 7.0
[+] No. of polar-polar contacts: 5.0
[+] No. of apolar-polar contacts: 14.0
[+] No. of apolar-apolar contacts: 13.0
[+] Percentage of apolar NIS residues: 43.96
[+] Percentage of charged NIS residues: 18.91
[++] Predicted binding affinity (kcal.mol-1):     -8.0
[++] Predicted dissociation constant (M) at 25.0˚C:  1.3e-06
",
265,NB_FP_0217.pdb,/teams/YingChiLab_1702378116/MaishaZhang/PPIFlow-main/output/final_flowpacked_designs/nanobody/NB_FP_0217.pdb,True,0,-7.9,1.6e-06,38,4.0,3.0,7.0,3.0,9.0,12.0,"[+] Executing 1 task(s) in total
##########################################
[+] Processing structure NB_FP_0217_model0
[+] No. of intermolecular contacts: 38
[+] No. of charged-charged contacts: 4.0
[+] No. of charged-polar contacts: 3.0
[+] No. of charged-apolar contacts: 7.0
[+] No. of polar-polar contacts: 3.0
[+] No. of apolar-polar contacts: 9.0
[+] No. of apolar-apolar contacts: 12.0
[+] Percentage of apolar NIS residues: 42.24
[+] Percentage of charged NIS residues: 19.41
[++] Predicted binding affinity (kcal.mol-1):     -7.9
[++] Predicted dissociation constant (M) at 25.0˚C:  1.6e-06
",
266,NB_FP_0137.pdb,/teams/YingChiLab_1702378116/MaishaZhang/PPIFlow-main/output/final_flowpacked_designs/nanobody/NB_FP_0137.pdb,True,0,-7.9,1.5e-06,42,1.0,4.0,6.0,4.0,13.0,14.0,"[+] Executing 1 task(s) in total
##########################################
[+] Processing structure NB_FP_0137_model0
[+] No. of intermolecular contacts: 42
[+] No. of charged-charged contacts: 1.0
[+] No. of charged-polar contacts: 4.0
[+] No. of charged-apolar contacts: 6.0
[+] No. of polar-polar contacts: 4.0
[+] No. of apolar-polar contacts: 13.0
[+] No. of apolar-apolar contacts: 14.0
[+] Percentage of apolar NIS residues: 44.13
[+] Percentage of charged NIS residues: 19.01
[++] Predicted binding affinity (kcal.mol-1):     -7.9
[++] Predicted dissociation constant (M) at 25.0˚C:  1.5e-06
",
267,NB_FP_0157.pdb,/teams/YingChiLab_1702378116/MaishaZhang/PPIFlow-main/output/final_flowpacked_designs/nanobody/NB_FP_0157.pdb,True,0,-7.9,1.6e-06,44,0.0,8.0,9.0,3.0,11.0,13.0,"[+] Executing 1 task(s) in total
##########################################
[+] Processing structure NB_FP_0157_model0
[+] No. of intermolecular contacts: 44
[+] No. of charged-charged contacts: 0.0
[+] No. of charged-polar contacts: 8.0
[+] No. of charged-apolar contacts: 9.0
[+] No. of polar-polar contacts: 3.0
[+] No. of apolar-polar contacts: 11.0
[+] No. of apolar-apolar contacts: 13.0
[+] Percentage of apolar NIS residues: 44.27
[+] Percentage of charged NIS residues: 18.58
[++] Predicted binding affinity (kcal.mol-1):     -7.9
[++] Predicted dissociation constant (M) at 25.0˚C:  1.6e-06
",
268,NB_FP_0007.pdb,/teams/YingChiLab_1702378116/MaishaZhang/PPIFlow-main/output/final_flowpacked_designs/nanobody/NB_FP_0007.pdb,True,0,-7.9,1.5e-06,35,2.0,3.0,8.0,1.0,9.0,12.0,"[+] Executing 1 task(s) in total
##########################################
[+] Processing structure NB_FP_0007_model0
[+] No. of intermolecular contacts: 35
[+] No. of charged-charged contacts: 2.0
[+] No. of charged-polar contacts: 3.0
[+] No. of charged-apolar contacts: 8.0
[+] No. of polar-polar contacts: 1.0
[+] No. of apolar-polar contacts: 9.0
[+] No. of apolar-apolar contacts: 12.0
[+] Percentage of apolar NIS residues: 44.29
[+] Percentage of charged NIS residues: 18.49
[++] Predicted binding affinity (kcal.mol-1):     -7.9
[++] Predicted dissociation constant (M) at 25.0˚C:  1.5e-06
",
269,NB_FP_0120.pdb,/teams/YingChiLab_1702378116/MaishaZhang/PPIFlow-main/output/final_flowpacked_designs/nanobody/NB_FP_0120.pdb,True,0,-7.9,1.6e-06,40,0.0,3.0,5.0,4.0,13.0,15.0,"[+] Executing 1 task(s) in total
##########################################
[+] Processing structure NB_FP_0120_model0
[+] No. of intermolecular contacts: 40
[+] No. of charged-charged contacts: 0.0
[+] No. of charged-polar contacts: 3.0
[+] No. of charged-apolar contacts: 5.0
[+] No. of polar-polar contacts: 4.0
[+] No. of apolar-polar contacts: 13.0
[+] No. of apolar-apolar contacts: 15.0
[+] Percentage of apolar NIS residues: 43.91
[+] Percentage of charged NIS residues: 18.16
[++] Predicted binding affinity (kcal.mol-1):     -7.9
[++] Predicted dissociation constant (M) at 25.0˚C:  1.6e-06
",
270,NB_FP_0204.pdb,/teams/YingChiLab_1702378116/MaishaZhang/PPIFlow-main/output/final_flowpacked_designs/nanobody/NB_FP_0204.pdb,True,0,-7.9,1.5e-06,44,2.0,5.0,11.0,5.0,11.0,10.0,"[+] Executing 1 task(s) in total
##########################################
[+] Processing structure NB_FP_0204_model0
[+] No. of intermolecular contacts: 44
[+] No. of charged-charged contacts: 2.0
[+] No. of charged-polar contacts: 5.0
[+] No. of charged-apolar contacts: 11.0
[+] No. of polar-polar contacts: 5.0
[+] No. of apolar-polar contacts: 11.0
[+] No. of apolar-apolar contacts: 10.0
[+] Percentage of apolar NIS residues: 43.81
[+] Percentage of charged NIS residues: 19.04
[++] Predicted binding affinity (kcal.mol-1):     -7.9
[++] Predicted dissociation constant (M) at 25.0˚C:  1.5e-06
",
271,NB_FP_0260.pdb,/teams/YingChiLab_1702378116/MaishaZhang/PPIFlow-main/output/final_flowpacked_designs/nanobody/NB_FP_0260.pdb,True,0,-7.9,1.7e-06,37,4.0,6.0,4.0,5.0,12.0,6.0,"[+] Executing 1 task(s) in total
##########################################
[+] Processing structure NB_FP_0260_model0
[+] No. of intermolecular contacts: 37
[+] No. of charged-charged contacts: 4.0
[+] No. of charged-polar contacts: 6.0
[+] No. of charged-apolar contacts: 4.0
[+] No. of polar-polar contacts: 5.0
[+] No. of apolar-polar contacts: 12.0
[+] No. of apolar-apolar contacts: 6.0
[+] Percentage of apolar NIS residues: 42.53
[+] Percentage of charged NIS residues: 19.31
[++] Predicted binding affinity (kcal.mol-1):     -7.9
[++] Predicted dissociation constant (M) at 25.0˚C:  1.7e-06
",
272,NB_FP_0223.pdb,/teams/YingChiLab_1702378116/MaishaZhang/PPIFlow-main/output/final_flowpacked_designs/nanobody/NB_FP_0223.pdb,True,0,-7.8,2.0e-06,33,2.0,7.0,7.0,3.0,10.0,4.0,"[+] Executing 1 task(s) in total
##########################################
[+] Processing structure NB_FP_0223_model0
[+] No. of intermolecular contacts: 33
[+] No. of charged-charged contacts: 2.0
[+] No. of charged-polar contacts: 7.0
[+] No. of charged-apolar contacts: 7.0
[+] No. of polar-polar contacts: 3.0
[+] No. of apolar-polar contacts: 10.0
[+] No. of apolar-apolar contacts: 4.0
[+] Percentage of apolar NIS residues: 43.58
[+] Percentage of charged NIS residues: 18.81
[++] Predicted binding affinity (kcal.mol-1):     -7.8
[++] Predicted dissociation constant (M) at 25.0˚C:  2.0e-06
",
273,NB_FP_0006.pdb,/teams/YingChiLab_1702378116/MaishaZhang/PPIFlow-main/output/final_flowpacked_designs/nanobody/NB_FP_0006.pdb,True,0,-7.8,1.9e-06,32,2.0,3.0,5.0,2.0,10.0,10.0,"[+] Executing 1 task(s) in total
##########################################
[+] Processing structure NB_FP_0006_model0
[+] No. of intermolecular contacts: 32
[+] No. of charged-charged contacts: 2.0
[+] No. of charged-polar contacts: 3.0
[+] No. of charged-apolar contacts: 5.0
[+] No. of polar-polar contacts: 2.0
[+] No. of apolar-polar contacts: 10.0
[+] No. of apolar-apolar contacts: 10.0
[+] Percentage of apolar NIS residues: 43.02
[+] Percentage of charged NIS residues: 19.45
[++] Predicted binding affinity (kcal.mol-1):     -7.8
[++] Predicted dissociation constant (M) at 25.0˚C:  1.9e-06
",
274,NB_FP_0295.pdb,/teams/YingChiLab_1702378116/MaishaZhang/PPIFlow-main/output/final_flowpacked_designs/nanobody/NB_FP_0295.pdb,True,0,-7.8,1.8e-06,49,0.0,2.0,8.0,0.0,8.0,31.0,"[+] Executing 1 task(s) in total
##########################################
[+] Processing structure NB_FP_0295_model0
[+] No. of intermolecular contacts: 49
[+] No. of charged-charged contacts: 0.0
[+] No. of charged-polar contacts: 2.0
[+] No. of charged-apolar contacts: 8.0
[+] No. of polar-polar contacts: 0.0
[+] No. of apolar-polar contacts: 8.0
[+] No. of apolar-apolar contacts: 31.0
[+] Percentage of apolar NIS residues: 43.29
[+] Percentage of charged NIS residues: 19.21
[++] Predicted binding affinity (kcal.mol-1):     -7.8
[++] Predicted dissociation constant (M) at 25.0˚C:  1.8e-06
",
275,NB_FP_0215.pdb,/teams/YingChiLab_1702378116/MaishaZhang/PPIFlow-main/output/final_flowpacked_designs/nanobody/NB_FP_0215.pdb,True,0,-7.8,2.0e-06,38,1.0,6.0,5.0,2.0,11.0,13.0,"[+] Executing 1 task(s) in total
##########################################
[+] Processing structure NB_FP_0215_model0
[+] No. of intermolecular contacts: 38
[+] No. of charged-charged contacts: 1.0
[+] No. of charged-polar contacts: 6.0
[+] No. of charged-apolar contacts: 5.0
[+] No. of polar-polar contacts: 2.0
[+] No. of apolar-polar contacts: 11.0
[+] No. of apolar-apolar contacts: 13.0
[+] Percentage of apolar NIS residues: 44.47
[+] Percentage of charged NIS residues: 18.51
[++] Predicted binding affinity (kcal.mol-1):     -7.8
[++] Predicted dissociation constant (M) at 25.0˚C:  2.0e-06
",
276,NB_FP_0298.pdb,/teams/YingChiLab_1702378116/MaishaZhang/PPIFlow-main/output/final_flowpacked_designs/nanobody/NB_FP_0298.pdb,True,0,-7.8,2.0e-06,47,1.0,3.0,9.0,4.0,10.0,20.0,"[+] Executing 1 task(s) in total
##########################################
[+] Processing structure NB_FP_0298_model0
[+] No. of intermolecular contacts: 47
[+] No. of charged-charged contacts: 1.0
[+] No. of charged-polar contacts: 3.0
[+] No. of charged-apolar contacts: 9.0
[+] No. of polar-polar contacts: 4.0
[+] No. of apolar-polar contacts: 10.0
[+] No. of apolar-apolar contacts: 20.0
[+] Percentage of apolar NIS residues: 43.35
[+] Percentage of charged NIS residues: 18.58
[++] Predicted binding affinity (kcal.mol-1):     -7.8
[++] Predicted dissociation constant (M) at 25.0˚C:  2.0e-06
",
277,NB_FP_0221.pdb,/teams/YingChiLab_1702378116/MaishaZhang/PPIFlow-main/output/final_flowpacked_designs/nanobody/NB_FP_0221.pdb,True,0,-7.8,1.8e-06,49,0.0,1.0,12.0,2.0,8.0,26.0,"[+] Executing 1 task(s) in total
##########################################
[+] Processing structure NB_FP_0221_model0
[+] No. of intermolecular contacts: 49
[+] No. of charged-charged contacts: 0.0
[+] No. of charged-polar contacts: 1.0
[+] No. of charged-apolar contacts: 12.0
[+] No. of polar-polar contacts: 2.0
[+] No. of apolar-polar contacts: 8.0
[+] No. of apolar-apolar contacts: 26.0
[+] Percentage of apolar NIS residues: 43.74
[+] Percentage of charged NIS residues: 18.45
[++] Predicted binding affinity (kcal.mol-1):     -7.8
[++] Predicted dissociation constant (M) at 25.0˚C:  1.8e-06
",
278,NB_FP_0005.pdb,/teams/YingChiLab_1702378116/MaishaZhang/PPIFlow-main/output/final_flowpacked_designs/nanobody/NB_FP_0005.pdb,True,0,-7.8,2.0e-06,40,2.0,7.0,8.0,3.0,10.0,10.0,"[+] Executing 1 task(s) in total
##########################################
[+] Processing structure NB_FP_0005_model0
[+] No. of intermolecular contacts: 40
[+] No. of charged-charged contacts: 2.0
[+] No. of charged-polar contacts: 7.0
[+] No. of charged-apolar contacts: 8.0
[+] No. of polar-polar contacts: 3.0
[+] No. of apolar-polar contacts: 10.0
[+] No. of apolar-apolar contacts: 10.0
[+] Percentage of apolar NIS residues: 43.95
[+] Percentage of charged NIS residues: 19.07
[++] Predicted binding affinity (kcal.mol-1):     -7.8
[++] Predicted dissociation constant (M) at 25.0˚C:  2.0e-06
",
279,NB_FP_0262.pdb,/teams/YingChiLab_1702378116/MaishaZhang/PPIFlow-main/output/final_flowpacked_designs/nanobody/NB_FP_0262.pdb,True,0,-7.7,2.4e-06,42,0.0,2.0,8.0,6.0,12.0,14.0,"[+] Executing 1 task(s) in total
##########################################
[+] Processing structure NB_FP_0262_model0
[+] No. of intermolecular contacts: 42
[+] No. of charged-charged contacts: 0.0
[+] No. of charged-polar contacts: 2.0
[+] No. of charged-apolar contacts: 8.0
[+] No. of polar-polar contacts: 6.0
[+] No. of apolar-polar contacts: 12.0
[+] No. of apolar-apolar contacts: 14.0
[+] Percentage of apolar NIS residues: 43.25
[+] Percentage of charged NIS residues: 18.54
[++] Predicted binding affinity (kcal.mol-1):     -7.7
[++] Predicted dissociation constant (M) at 25.0˚C:  2.4e-06
",
280,NB_FP_0220.pdb,/teams/YingChiLab_1702378116/MaishaZhang/PPIFlow-main/output/final_flowpacked_designs/nanobody/NB_FP_0220.pdb,True,0,-7.7,2.3e-06,27,0.0,3.0,2.0,6.0,15.0,1.0,"[+] Executing 1 task(s) in total
##########################################
[+] Processing structure NB_FP_0220_model0
[+] No. of intermolecular contacts: 27
[+] No. of charged-charged contacts: 0.0
[+] No. of charged-polar contacts: 3.0
[+] No. of charged-apolar contacts: 2.0
[+] No. of polar-polar contacts: 6.0
[+] No. of apolar-polar contacts: 15.0
[+] No. of apolar-apolar contacts: 1.0
[+] Percentage of apolar NIS residues: 43.67
[+] Percentage of charged NIS residues: 18.33
[++] Predicted binding affinity (kcal.mol-1):     -7.7
[++] Predicted dissociation constant (M) at 25.0˚C:  2.3e-06
",
281,NB_FP_0099.pdb,/teams/YingChiLab_1702378116/MaishaZhang/PPIFlow-main/output/final_flowpacked_designs/nanobody/NB_FP_0099.pdb,True,0,-7.7,2.1e-06,39,2.0,5.0,13.0,1.0,6.0,12.0,"[+] Executing 1 task(s) in total
##########################################
[+] Processing structure NB_FP_0099_model0
[+] No. of intermolecular contacts: 39
[+] No. of charged-charged contacts: 2.0
[+] No. of charged-polar contacts: 5.0
[+] No. of charged-apolar contacts: 13.0
[+] No. of polar-polar contacts: 1.0
[+] No. of apolar-polar contacts: 6.0
[+] No. of apolar-apolar contacts: 12.0
[+] Percentage of apolar NIS residues: 43.91
[+] Percentage of charged NIS residues: 19.31
[++] Predicted binding affinity (kcal.mol-1):     -7.7
[++] Predicted dissociation constant (M) at 25.0˚C:  2.1e-06
",
282,NB_FP_0173.pdb,/teams/YingChiLab_1702378116/MaishaZhang/PPIFlow-main/output/final_flowpacked_designs/nanobody/NB_FP_0173.pdb,True,0,-7.7,2.1e-06,47,3.0,5.0,14.0,2.0,5.0,18.0,"[+] Executing 1 task(s) in total
##########################################
[+] Processing structure NB_FP_0173_model0
[+] No. of intermolecular contacts: 47
[+] No. of charged-charged contacts: 3.0
[+] No. of charged-polar contacts: 5.0
[+] No. of charged-apolar contacts: 14.0
[+] No. of polar-polar contacts: 2.0
[+] No. of apolar-polar contacts: 5.0
[+] No. of apolar-apolar contacts: 18.0
[+] Percentage of apolar NIS residues: 42.69
[+] Percentage of charged NIS residues: 19.26
[++] Predicted binding affinity (kcal.mol-1):     -7.7
[++] Predicted dissociation constant (M) at 25.0˚C:  2.1e-06
",
283,NB_FP_0001.pdb,/teams/YingChiLab_1702378116/MaishaZhang/PPIFlow-main/output/final_flowpacked_designs/nanobody/NB_FP_0001.pdb,True,0,-7.6,2.7e-06,40,0.0,8.0,7.0,0.0,7.0,18.0,"[+] Executing 1 task(s) in total
##########################################
[+] Processing structure NB_FP_0001_model0
[+] No. of intermolecular contacts: 40
[+] No. of charged-charged contacts: 0.0
[+] No. of charged-polar contacts: 8.0
[+] No. of charged-apolar contacts: 7.0
[+] No. of polar-polar contacts: 0.0
[+] No. of apolar-polar contacts: 7.0
[+] No. of apolar-apolar contacts: 18.0
[+] Percentage of apolar NIS residues: 43.12
[+] Percentage of charged NIS residues: 18.65
[++] Predicted binding affinity (kcal.mol-1):     -7.6
[++] Predicted dissociation constant (M) at 25.0˚C:  2.7e-06
",
284,NB_FP_0198.pdb,/teams/YingChiLab_1702378116/MaishaZhang/PPIFlow-main/output/final_flowpacked_designs/nanobody/NB_FP_0198.pdb,True,0,-7.6,2.6e-06,40,2.0,3.0,6.0,2.0,9.0,18.0,"[+] Executing 1 task(s) in total
##########################################
[+] Processing structure NB_FP_0198_model0
[+] No. of intermolecular contacts: 40
[+] No. of charged-charged contacts: 2.0
[+] No. of charged-polar contacts: 3.0
[+] No. of charged-apolar contacts: 6.0
[+] No. of polar-polar contacts: 2.0
[+] No. of apolar-polar contacts: 9.0
[+] No. of apolar-apolar contacts: 18.0
[+] Percentage of apolar NIS residues: 43.94
[+] Percentage of charged NIS residues: 18.54
[++] Predicted binding affinity (kcal.mol-1):     -7.6
[++] Predicted dissociation constant (M) at 25.0˚C:  2.6e-06
",
285,NB_FP_0038.pdb,/teams/YingChiLab_1702378116/MaishaZhang/PPIFlow-main/output/final_flowpacked_designs/nanobody/NB_FP_0038.pdb,True,0,-7.6,2.8e-06,44,3.0,7.0,16.0,0.0,2.0,16.0,"[+] Executing 1 task(s) in total
##########################################
[+] Processing structure NB_FP_0038_model0
[+] No. of intermolecular contacts: 44
[+] No. of charged-charged contacts: 3.0
[+] No. of charged-polar contacts: 7.0
[+] No. of charged-apolar contacts: 16.0
[+] No. of polar-polar contacts: 0.0
[+] No. of apolar-polar contacts: 2.0
[+] No. of apolar-apolar contacts: 16.0
[+] Percentage of apolar NIS residues: 43.32
[+] Percentage of charged NIS residues: 18.89
[++] Predicted binding affinity (kcal.mol-1):     -7.6
[++] Predicted dissociation constant (M) at 25.0˚C:  2.8e-06
",
286,NB_FP_0229.pdb,/teams/YingChiLab_1702378116/MaishaZhang/PPIFlow-main/output/final_flowpacked_designs/nanobody/NB_FP_0229.pdb,True,0,-7.6,2.6e-06,41,0.0,5.0,6.0,2.0,10.0,18.0,"[+] Executing 1 task(s) in total
##########################################
[+] Processing structure NB_FP_0229_model0
[+] No. of intermolecular contacts: 41
[+] No. of charged-charged contacts: 0.0
[+] No. of charged-polar contacts: 5.0
[+] No. of charged-apolar contacts: 6.0
[+] No. of polar-polar contacts: 2.0
[+] No. of apolar-polar contacts: 10.0
[+] No. of apolar-apolar contacts: 18.0
[+] Percentage of apolar NIS residues: 44.01
[+] Percentage of charged NIS residues: 18.66
[++] Predicted binding affinity (kcal.mol-1):     -7.6
[++] Predicted dissociation constant (M) at 25.0˚C:  2.6e-06
",
287,NB_FP_0133.pdb,/teams/YingChiLab_1702378116/MaishaZhang/PPIFlow-main/output/final_flowpacked_designs/nanobody/NB_FP_0133.pdb,True,0,-7.6,2.9e-06,56,1.0,9.0,9.0,3.0,8.0,26.0,"[+] Executing 1 task(s) in total
##########################################
[+] Processing structure NB_FP_0133_model0
[+] No. of intermolecular contacts: 56
[+] No. of charged-charged contacts: 1.0
[+] No. of charged-polar contacts: 9.0
[+] No. of charged-apolar contacts: 9.0
[+] No. of polar-polar contacts: 3.0
[+] No. of apolar-polar contacts: 8.0
[+] No. of apolar-apolar contacts: 26.0
[+] Percentage of apolar NIS residues: 42.89
[+] Percentage of charged NIS residues: 18.81
[++] Predicted binding affinity (kcal.mol-1):     -7.6
[++] Predicted dissociation constant (M) at 25.0˚C:  2.9e-06
",
288,NB_FP_0030.pdb,/teams/YingChiLab_1702378116/MaishaZhang/PPIFlow-main/output/final_flowpacked_designs/nanobody/NB_FP_0030.pdb,True,0,-7.6,2.6e-06,46,1.0,3.0,7.0,5.0,12.0,18.0,"[+] Executing 1 task(s) in total
##########################################
[+] Processing structure NB_FP_0030_model0
[+] No. of intermolecular contacts: 46
[+] No. of charged-charged contacts: 1.0
[+] No. of charged-polar contacts: 3.0
[+] No. of charged-apolar contacts: 7.0
[+] No. of polar-polar contacts: 5.0
[+] No. of apolar-polar contacts: 12.0
[+] No. of apolar-apolar contacts: 18.0
[+] Percentage of apolar NIS residues: 43.91
[+] Percentage of charged NIS residues: 19.31
[++] Predicted binding affinity (kcal.mol-1):     -7.6
[++] Predicted dissociation constant (M) at 25.0˚C:  2.6e-06
",
289,NB_FP_0267.pdb,/teams/YingChiLab_1702378116/MaishaZhang/PPIFlow-main/output/final_flowpacked_designs/nanobody/NB_FP_0267.pdb,True,0,-7.6,2.6e-06,42,0.0,3.0,8.0,4.0,11.0,16.0,"[+] Executing 1 task(s) in total
##########################################
[+] Processing structure NB_FP_0267_model0
[+] No. of intermolecular contacts: 42
[+] No. of charged-charged contacts: 0.0
[+] No. of charged-polar contacts: 3.0
[+] No. of charged-apolar contacts: 8.0
[+] No. of polar-polar contacts: 4.0
[+] No. of apolar-polar contacts: 11.0
[+] No. of apolar-apolar contacts: 16.0
[+] Percentage of apolar NIS residues: 44.08
[+] Percentage of charged NIS residues: 18.79
[++] Predicted binding affinity (kcal.mol-1):     -7.6
[++] Predicted dissociation constant (M) at 25.0˚C:  2.6e-06
",
290,NB_FP_0140.pdb,/teams/YingChiLab_1702378116/MaishaZhang/PPIFlow-main/output/final_flowpacked_designs/nanobody/NB_FP_0140.pdb,True,0,-7.5,3.0e-06,50,2.0,6.0,14.0,0.0,4.0,24.0,"[+] Executing 1 task(s) in total
##########################################
[+] Processing structure NB_FP_0140_model0
[+] No. of intermolecular contacts: 50
[+] No. of charged-charged contacts: 2.0
[+] No. of charged-polar contacts: 6.0
[+] No. of charged-apolar contacts: 14.0
[+] No. of polar-polar contacts: 0.0
[+] No. of apolar-polar contacts: 4.0
[+] No. of apolar-apolar contacts: 24.0
[+] Percentage of apolar NIS residues: 44.50
[+] Percentage of charged NIS residues: 18.81
[++] Predicted binding affinity (kcal.mol-1):     -7.5
[++] Predicted dissociation constant (M) at 25.0˚C:  3.0e-06
",
291,NB_FP_0045.pdb,/teams/YingChiLab_1702378116/MaishaZhang/PPIFlow-main/output/final_flowpacked_designs/nanobody/NB_FP_0045.pdb,True,0,-7.4,3.5e-06,43,0.0,2.0,2.0,8.0,16.0,15.0,"[+] Executing 1 task(s) in total
##########################################
[+] Processing structure NB_FP_0045_model0
[+] No. of intermolecular contacts: 43
[+] No. of charged-charged contacts: 0.0
[+] No. of charged-polar contacts: 2.0
[+] No. of charged-apolar contacts: 2.0
[+] No. of polar-polar contacts: 8.0
[+] No. of apolar-polar contacts: 16.0
[+] No. of apolar-apolar contacts: 15.0
[+] Percentage of apolar NIS residues: 43.91
[+] Percentage of charged NIS residues: 18.62
[++] Predicted binding affinity (kcal.mol-1):     -7.4
[++] Predicted dissociation constant (M) at 25.0˚C:  3.5e-06
",
292,NB_FP_0280.pdb,/teams/YingChiLab_1702378116/MaishaZhang/PPIFlow-main/output/final_flowpacked_designs/nanobody/NB_FP_0280.pdb,True,0,-7.4,3.8e-06,32,2.0,3.0,12.0,1.0,4.0,10.0,"[+] Executing 1 task(s) in total
##########################################
[+] Processing structure NB_FP_0280_model0
[+] No. of intermolecular contacts: 32
[+] No. of charged-charged contacts: 2.0
[+] No. of charged-polar contacts: 3.0
[+] No. of charged-apolar contacts: 12.0
[+] No. of polar-polar contacts: 1.0
[+] No. of apolar-polar contacts: 4.0
[+] No. of apolar-apolar contacts: 10.0
[+] Percentage of apolar NIS residues: 42.95
[+] Percentage of charged NIS residues: 19.09
[++] Predicted binding affinity (kcal.mol-1):     -7.4
[++] Predicted dissociation constant (M) at 25.0˚C:  3.8e-06
",
293,NB_FP_0225.pdb,/teams/YingChiLab_1702378116/MaishaZhang/PPIFlow-main/output/final_flowpacked_designs/nanobody/NB_FP_0225.pdb,True,0,-7.4,3.5e-06,42,0.0,2.0,5.0,7.0,14.0,14.0,"[+] Executing 1 task(s) in total
##########################################
[+] Processing structure NB_FP_0225_model0
[+] No. of intermolecular contacts: 42
[+] No. of charged-charged contacts: 0.0
[+] No. of charged-polar contacts: 2.0
[+] No. of charged-apolar contacts: 5.0
[+] No. of polar-polar contacts: 7.0
[+] No. of apolar-polar contacts: 14.0
[+] No. of apolar-apolar contacts: 14.0
[+] Percentage of apolar NIS residues: 43.84
[+] Percentage of charged NIS residues: 18.95
[++] Predicted binding affinity (kcal.mol-1):     -7.4
[++] Predicted dissociation constant (M) at 25.0˚C:  3.5e-06
",
294,NB_FP_0180.pdb,/teams/YingChiLab_1702378116/MaishaZhang/PPIFlow-main/output/final_flowpacked_designs/nanobody/NB_FP_0180.pdb,True,0,-7.3,4.6e-06,54,1.0,2.0,11.0,9.0,12.0,19.0,"[+] Executing 1 task(s) in total
##########################################
[+] Processing structure NB_FP_0180_model0
[+] No. of intermolecular contacts: 54
[+] No. of charged-charged contacts: 1.0
[+] No. of charged-polar contacts: 2.0
[+] No. of charged-apolar contacts: 11.0
[+] No. of polar-polar contacts: 9.0
[+] No. of apolar-polar contacts: 12.0
[+] No. of apolar-apolar contacts: 19.0
[+] Percentage of apolar NIS residues: 43.29
[+] Percentage of charged NIS residues: 19.76
[++] Predicted binding affinity (kcal.mol-1):     -7.3
[++] Predicted dissociation constant (M) at 25.0˚C:  4.6e-06
",
295,NB_FP_0013.pdb,/teams/YingChiLab_1702378116/MaishaZhang/PPIFlow-main/output/final_flowpacked_designs/nanobody/NB_FP_0013.pdb,True,0,-7.2,5.2e-06,35,0.0,3.0,10.0,1.0,6.0,15.0,"[+] Executing 1 task(s) in total
##########################################
[+] Processing structure NB_FP_0013_model0
[+] No. of intermolecular contacts: 35
[+] No. of charged-charged contacts: 0.0
[+] No. of charged-polar contacts: 3.0
[+] No. of charged-apolar contacts: 10.0
[+] No. of polar-polar contacts: 1.0
[+] No. of apolar-polar contacts: 6.0
[+] No. of apolar-apolar contacts: 15.0
[+] Percentage of apolar NIS residues: 44.42
[+] Percentage of charged NIS residues: 18.84
[++] Predicted binding affinity (kcal.mol-1):     -7.2
[++] Predicted dissociation constant (M) at 25.0˚C:  5.2e-06
",
296,NB_FP_0023.pdb,/teams/YingChiLab_1702378116/MaishaZhang/PPIFlow-main/output/final_flowpacked_designs/nanobody/NB_FP_0023.pdb,True,0,-7.1,6.2e-06,42,0.0,3.0,7.0,2.0,7.0,23.0,"[+] Executing 1 task(s) in total
##########################################
[+] Processing structure NB_FP_0023_model0
[+] No. of intermolecular contacts: 42
[+] No. of charged-charged contacts: 0.0
[+] No. of charged-polar contacts: 3.0
[+] No. of charged-apolar contacts: 7.0
[+] No. of polar-polar contacts: 2.0
[+] No. of apolar-polar contacts: 7.0
[+] No. of apolar-apolar contacts: 23.0
[+] Percentage of apolar NIS residues: 44.01
[+] Percentage of charged NIS residues: 18.20
[++] Predicted binding affinity (kcal.mol-1):     -7.1
[++] Predicted dissociation constant (M) at 25.0˚C:  6.2e-06
",
297,NB_FP_0278.pdb,/teams/YingChiLab_1702378116/MaishaZhang/PPIFlow-main/output/final_flowpacked_designs/nanobody/NB_FP_0278.pdb,True,0,-7.1,5.9e-06,34,1.0,4.0,8.0,3.0,7.0,11.0,"[+] Executing 1 task(s) in total
##########################################
[+] Processing structure NB_FP_0278_model0
[+] No. of intermolecular contacts: 34
[+] No. of charged-charged contacts: 1.0
[+] No. of charged-polar contacts: 4.0
[+] No. of charged-apolar contacts: 8.0
[+] No. of polar-polar contacts: 3.0
[+] No. of apolar-polar contacts: 7.0
[+] No. of apolar-apolar contacts: 11.0
[+] Percentage of apolar NIS residues: 43.48
[+] Percentage of charged NIS residues: 18.76
[++] Predicted binding affinity (kcal.mol-1):     -7.1
[++] Predicted dissociation constant (M) at 25.0˚C:  5.9e-06
",
298,NB_FP_0056.pdb,/teams/YingChiLab_1702378116/MaishaZhang/PPIFlow-main/output/final_flowpacked_designs/nanobody/NB_FP_0056.pdb,True,0,-6.9,8.6e-06,34,1.0,0.0,2.0,8.0,13.0,10.0,"[+] Executing 1 task(s) in total
##########################################
[+] Processing structure NB_FP_0056_model0
[+] No. of intermolecular contacts: 34
[+] No. of charged-charged contacts: 1.0
[+] No. of charged-polar contacts: 0.0
[+] No. of charged-apolar contacts: 2.0
[+] No. of polar-polar contacts: 8.0
[+] No. of apolar-polar contacts: 13.0
[+] No. of apolar-apolar contacts: 10.0
[+] Percentage of apolar NIS residues: 43.19
[+] Percentage of charged NIS residues: 19.17
[++] Predicted binding affinity (kcal.mol-1):     -6.9
[++] Predicted dissociation constant (M) at 25.0˚C:  8.6e-06
",
299,NB_FP_0176.pdb,/teams/YingChiLab_1702378116/MaishaZhang/PPIFlow-main/output/final_flowpacked_designs/nanobody/NB_FP_0176.pdb,True,0,-6.9,8.0e-06,28,0.0,5.0,4.0,2.0,7.0,10.0,"[+] Executing 1 task(s) in total
##########################################
[+] Processing structure NB_FP_0176_model0
[+] No. of intermolecular contacts: 28
[+] No. of charged-charged contacts: 0.0
[+] No. of charged-polar contacts: 5.0
[+] No. of charged-apolar contacts: 4.0
[+] No. of polar-polar contacts: 2.0
[+] No. of apolar-polar contacts: 7.0
[+] No. of apolar-apolar contacts: 10.0
[+] Percentage of apolar NIS residues: 42.52
[+] Percentage of charged NIS residues: 19.16
[++] Predicted binding affinity (kcal.mol-1):     -6.9
[++] Predicted dissociation constant (M) at 25.0˚C:  8.0e-06
",
300,NB_FP_0181.pdb,/teams/YingChiLab_1702378116/MaishaZhang/PPIFlow-main/output/final_flowpacked_designs/nanobody/NB_FP_0181.pdb,True,0,-5.9,4.6e-05,43,2.0,1.0,3.0,14.0,13.0,10.0,"[+] Executing 1 task(s) in total
##########################################
[+] Processing structure NB_FP_0181_model0
[+] No. of intermolecular contacts: 43
[+] No. of charged-charged contacts: 2.0
[+] No. of charged-polar contacts: 1.0
[+] No. of charged-apolar contacts: 3.0
[+] No. of polar-polar contacts: 14.0
[+] No. of apolar-polar contacts: 13.0
[+] No. of apolar-apolar contacts: 10.0
[+] Percentage of apolar NIS residues: 43.71
[+] Percentage of charged NIS residues: 18.54
[++] Predicted binding affinity (kcal.mol-1):     -5.9
[++] Predicted dissociation constant (M) at 25.0˚C:  4.6e-05
",
